-- WYGENEROWANY AUTOMATYCZNIE przez store/SRI/core/seed_engine.py - nie edytuj recznie.
-- Wersja metodologii: eu-sri-v4.5  (DB: methodology=eu-2020-2155-v1, catalogue=eu-method-b-2020-v4.5)
-- Transakcyjny (BEGIN/COMMIT), idempotentny (uuid5 + ON CONFLICT). Uruchom PO migracji 096.

begin;

do $$
declare
  v_mid uuid;
  v_cat uuid;
begin
  select id into v_mid from public.sri_methodology_versions where code = 'eu-2020-2155-v1';
  select id into v_cat from public.sri_catalogues where methodology_version_id = v_mid and code = 'eu-method-b-2020-v4.5';
  if v_mid is null or v_cat is null then
    raise exception 'Brak metodologii/katalogu - uruchom najpierw migracje 096_sri_catalogue.sql';
  end if;

  insert into public.sri_services (id, catalogue_id, domain_id, official_code, internal_code, sort_order, official_name, service_group, purpose, when_applicable, typical_devices, preconditions, fl_max, included_in_method_a, included_in_method_b, triage_affects_max, applicability_mode, mutual_exclusion_group, standards_basis, provenance)
  values ('a3c94d6f-f068-5987-b972-f4b06e735d38', v_cat, (select id from public.sri_technical_domains where methodology_version_id=v_mid and code='heating'), 'H-1a', 'H-01', 1, '{"en": "Heat emission control", "pl": "Sterowanie emisją ciepła"}'::jsonb, 'Heat control - demand side', '{"en": "Regulate heat delivery to occupied spaces according to demand."}'::jsonb, '{"en": "When space heating emitters (radiators, floor heating, fan coils) are present."}'::jsonb, '{"Room thermostats","TRVs","Floor heating manifolds","BMS room controllers"}', 'Triage: not relevant in case of TABS.', 4, true, true, false, 'smart_ready', null, '{"EN ISO 52120-1 — emission control"}', 'VERIFIED_ANNEX_D')
  on conflict (catalogue_id, official_code) do nothing;
  insert into public.sri_functionality_levels (id, service_id, level_number, official_description)
  values ('98aadc1a-c888-5dcb-9193-49fe8b22e62c', 'a3c94d6f-f068-5987-b972-f4b06e735d38', 0, '{"en": "No automatic control"}'::jsonb) on conflict (service_id, level_number) do nothing;
  insert into public.sri_functionality_levels (id, service_id, level_number, official_description)
  values ('5245937b-9982-56ef-87a3-67186dbd615a', 'a3c94d6f-f068-5987-b972-f4b06e735d38', 1, '{"en": "Central automatic control (e.g. central thermostat)"}'::jsonb) on conflict (service_id, level_number) do nothing;
  insert into public.sri_functionality_levels (id, service_id, level_number, official_description)
  values ('e431c482-e612-5199-b67e-6bc98ab403fd', 'a3c94d6f-f068-5987-b972-f4b06e735d38', 2, '{"en": "Individual room control (e.g. thermostatic valves, or electronic controller)"}'::jsonb) on conflict (service_id, level_number) do nothing;
  insert into public.sri_functionality_levels (id, service_id, level_number, official_description)
  values ('cbb1b7e9-a01f-5914-9612-795abb9afa90', 'a3c94d6f-f068-5987-b972-f4b06e735d38', 3, '{"en": "Individual room control with communication between controllers and to BACS"}'::jsonb) on conflict (service_id, level_number) do nothing;
  insert into public.sri_functionality_levels (id, service_id, level_number, official_description)
  values ('b479cd59-d476-5fce-a135-cabc756641ae', 'a3c94d6f-f068-5987-b972-f4b06e735d38', 4, '{"en": "Individual room control with communication and occupancy detection"}'::jsonb) on conflict (service_id, level_number) do nothing;
  insert into public.sri_functionality_level_impact_scores (functionality_level_id, impact_criterion_id, score)
  values ('98aadc1a-c888-5dcb-9193-49fe8b22e62c', (select id from public.sri_impact_criteria where methodology_version_id=v_mid and code='energy_efficiency'), 0) on conflict (functionality_level_id, impact_criterion_id) do nothing;
  insert into public.sri_functionality_level_impact_scores (functionality_level_id, impact_criterion_id, score)
  values ('98aadc1a-c888-5dcb-9193-49fe8b22e62c', (select id from public.sri_impact_criteria where methodology_version_id=v_mid and code='energy_flexibility_and_storage'), 0) on conflict (functionality_level_id, impact_criterion_id) do nothing;
  insert into public.sri_functionality_level_impact_scores (functionality_level_id, impact_criterion_id, score)
  values ('98aadc1a-c888-5dcb-9193-49fe8b22e62c', (select id from public.sri_impact_criteria where methodology_version_id=v_mid and code='comfort'), 0) on conflict (functionality_level_id, impact_criterion_id) do nothing;
  insert into public.sri_functionality_level_impact_scores (functionality_level_id, impact_criterion_id, score)
  values ('98aadc1a-c888-5dcb-9193-49fe8b22e62c', (select id from public.sri_impact_criteria where methodology_version_id=v_mid and code='convenience'), 0) on conflict (functionality_level_id, impact_criterion_id) do nothing;
  insert into public.sri_functionality_level_impact_scores (functionality_level_id, impact_criterion_id, score)
  values ('98aadc1a-c888-5dcb-9193-49fe8b22e62c', (select id from public.sri_impact_criteria where methodology_version_id=v_mid and code='health_wellbeing_accessibility'), 0) on conflict (functionality_level_id, impact_criterion_id) do nothing;
  insert into public.sri_functionality_level_impact_scores (functionality_level_id, impact_criterion_id, score)
  values ('98aadc1a-c888-5dcb-9193-49fe8b22e62c', (select id from public.sri_impact_criteria where methodology_version_id=v_mid and code='maintenance_and_fault_prediction'), 0) on conflict (functionality_level_id, impact_criterion_id) do nothing;
  insert into public.sri_functionality_level_impact_scores (functionality_level_id, impact_criterion_id, score)
  values ('98aadc1a-c888-5dcb-9193-49fe8b22e62c', (select id from public.sri_impact_criteria where methodology_version_id=v_mid and code='information_to_occupants'), 0) on conflict (functionality_level_id, impact_criterion_id) do nothing;
  insert into public.sri_functionality_level_impact_scores (functionality_level_id, impact_criterion_id, score)
  values ('5245937b-9982-56ef-87a3-67186dbd615a', (select id from public.sri_impact_criteria where methodology_version_id=v_mid and code='energy_efficiency'), 1) on conflict (functionality_level_id, impact_criterion_id) do nothing;
  insert into public.sri_functionality_level_impact_scores (functionality_level_id, impact_criterion_id, score)
  values ('5245937b-9982-56ef-87a3-67186dbd615a', (select id from public.sri_impact_criteria where methodology_version_id=v_mid and code='energy_flexibility_and_storage'), 0) on conflict (functionality_level_id, impact_criterion_id) do nothing;
  insert into public.sri_functionality_level_impact_scores (functionality_level_id, impact_criterion_id, score)
  values ('5245937b-9982-56ef-87a3-67186dbd615a', (select id from public.sri_impact_criteria where methodology_version_id=v_mid and code='comfort'), 1) on conflict (functionality_level_id, impact_criterion_id) do nothing;
  insert into public.sri_functionality_level_impact_scores (functionality_level_id, impact_criterion_id, score)
  values ('5245937b-9982-56ef-87a3-67186dbd615a', (select id from public.sri_impact_criteria where methodology_version_id=v_mid and code='convenience'), 1) on conflict (functionality_level_id, impact_criterion_id) do nothing;
  insert into public.sri_functionality_level_impact_scores (functionality_level_id, impact_criterion_id, score)
  values ('5245937b-9982-56ef-87a3-67186dbd615a', (select id from public.sri_impact_criteria where methodology_version_id=v_mid and code='health_wellbeing_accessibility'), 1) on conflict (functionality_level_id, impact_criterion_id) do nothing;
  insert into public.sri_functionality_level_impact_scores (functionality_level_id, impact_criterion_id, score)
  values ('5245937b-9982-56ef-87a3-67186dbd615a', (select id from public.sri_impact_criteria where methodology_version_id=v_mid and code='maintenance_and_fault_prediction'), 0) on conflict (functionality_level_id, impact_criterion_id) do nothing;
  insert into public.sri_functionality_level_impact_scores (functionality_level_id, impact_criterion_id, score)
  values ('5245937b-9982-56ef-87a3-67186dbd615a', (select id from public.sri_impact_criteria where methodology_version_id=v_mid and code='information_to_occupants'), 0) on conflict (functionality_level_id, impact_criterion_id) do nothing;
  insert into public.sri_functionality_level_impact_scores (functionality_level_id, impact_criterion_id, score)
  values ('e431c482-e612-5199-b67e-6bc98ab403fd', (select id from public.sri_impact_criteria where methodology_version_id=v_mid and code='energy_efficiency'), 2) on conflict (functionality_level_id, impact_criterion_id) do nothing;
  insert into public.sri_functionality_level_impact_scores (functionality_level_id, impact_criterion_id, score)
  values ('e431c482-e612-5199-b67e-6bc98ab403fd', (select id from public.sri_impact_criteria where methodology_version_id=v_mid and code='energy_flexibility_and_storage'), 0) on conflict (functionality_level_id, impact_criterion_id) do nothing;
  insert into public.sri_functionality_level_impact_scores (functionality_level_id, impact_criterion_id, score)
  values ('e431c482-e612-5199-b67e-6bc98ab403fd', (select id from public.sri_impact_criteria where methodology_version_id=v_mid and code='comfort'), 2) on conflict (functionality_level_id, impact_criterion_id) do nothing;
  insert into public.sri_functionality_level_impact_scores (functionality_level_id, impact_criterion_id, score)
  values ('e431c482-e612-5199-b67e-6bc98ab403fd', (select id from public.sri_impact_criteria where methodology_version_id=v_mid and code='convenience'), 2) on conflict (functionality_level_id, impact_criterion_id) do nothing;
  insert into public.sri_functionality_level_impact_scores (functionality_level_id, impact_criterion_id, score)
  values ('e431c482-e612-5199-b67e-6bc98ab403fd', (select id from public.sri_impact_criteria where methodology_version_id=v_mid and code='health_wellbeing_accessibility'), 2) on conflict (functionality_level_id, impact_criterion_id) do nothing;
  insert into public.sri_functionality_level_impact_scores (functionality_level_id, impact_criterion_id, score)
  values ('e431c482-e612-5199-b67e-6bc98ab403fd', (select id from public.sri_impact_criteria where methodology_version_id=v_mid and code='maintenance_and_fault_prediction'), 0) on conflict (functionality_level_id, impact_criterion_id) do nothing;
  insert into public.sri_functionality_level_impact_scores (functionality_level_id, impact_criterion_id, score)
  values ('e431c482-e612-5199-b67e-6bc98ab403fd', (select id from public.sri_impact_criteria where methodology_version_id=v_mid and code='information_to_occupants'), 0) on conflict (functionality_level_id, impact_criterion_id) do nothing;
  insert into public.sri_functionality_level_impact_scores (functionality_level_id, impact_criterion_id, score)
  values ('cbb1b7e9-a01f-5914-9612-795abb9afa90', (select id from public.sri_impact_criteria where methodology_version_id=v_mid and code='energy_efficiency'), 2) on conflict (functionality_level_id, impact_criterion_id) do nothing;
  insert into public.sri_functionality_level_impact_scores (functionality_level_id, impact_criterion_id, score)
  values ('cbb1b7e9-a01f-5914-9612-795abb9afa90', (select id from public.sri_impact_criteria where methodology_version_id=v_mid and code='energy_flexibility_and_storage'), 0) on conflict (functionality_level_id, impact_criterion_id) do nothing;
  insert into public.sri_functionality_level_impact_scores (functionality_level_id, impact_criterion_id, score)
  values ('cbb1b7e9-a01f-5914-9612-795abb9afa90', (select id from public.sri_impact_criteria where methodology_version_id=v_mid and code='comfort'), 2) on conflict (functionality_level_id, impact_criterion_id) do nothing;
  insert into public.sri_functionality_level_impact_scores (functionality_level_id, impact_criterion_id, score)
  values ('cbb1b7e9-a01f-5914-9612-795abb9afa90', (select id from public.sri_impact_criteria where methodology_version_id=v_mid and code='convenience'), 3) on conflict (functionality_level_id, impact_criterion_id) do nothing;
  insert into public.sri_functionality_level_impact_scores (functionality_level_id, impact_criterion_id, score)
  values ('cbb1b7e9-a01f-5914-9612-795abb9afa90', (select id from public.sri_impact_criteria where methodology_version_id=v_mid and code='health_wellbeing_accessibility'), 2) on conflict (functionality_level_id, impact_criterion_id) do nothing;
  insert into public.sri_functionality_level_impact_scores (functionality_level_id, impact_criterion_id, score)
  values ('cbb1b7e9-a01f-5914-9612-795abb9afa90', (select id from public.sri_impact_criteria where methodology_version_id=v_mid and code='maintenance_and_fault_prediction'), 1) on conflict (functionality_level_id, impact_criterion_id) do nothing;
  insert into public.sri_functionality_level_impact_scores (functionality_level_id, impact_criterion_id, score)
  values ('cbb1b7e9-a01f-5914-9612-795abb9afa90', (select id from public.sri_impact_criteria where methodology_version_id=v_mid and code='information_to_occupants'), 0) on conflict (functionality_level_id, impact_criterion_id) do nothing;
  insert into public.sri_functionality_level_impact_scores (functionality_level_id, impact_criterion_id, score)
  values ('b479cd59-d476-5fce-a135-cabc756641ae', (select id from public.sri_impact_criteria where methodology_version_id=v_mid and code='energy_efficiency'), 3) on conflict (functionality_level_id, impact_criterion_id) do nothing;
  insert into public.sri_functionality_level_impact_scores (functionality_level_id, impact_criterion_id, score)
  values ('b479cd59-d476-5fce-a135-cabc756641ae', (select id from public.sri_impact_criteria where methodology_version_id=v_mid and code='energy_flexibility_and_storage'), 0) on conflict (functionality_level_id, impact_criterion_id) do nothing;
  insert into public.sri_functionality_level_impact_scores (functionality_level_id, impact_criterion_id, score)
  values ('b479cd59-d476-5fce-a135-cabc756641ae', (select id from public.sri_impact_criteria where methodology_version_id=v_mid and code='comfort'), 2) on conflict (functionality_level_id, impact_criterion_id) do nothing;
  insert into public.sri_functionality_level_impact_scores (functionality_level_id, impact_criterion_id, score)
  values ('b479cd59-d476-5fce-a135-cabc756641ae', (select id from public.sri_impact_criteria where methodology_version_id=v_mid and code='convenience'), 3) on conflict (functionality_level_id, impact_criterion_id) do nothing;
  insert into public.sri_functionality_level_impact_scores (functionality_level_id, impact_criterion_id, score)
  values ('b479cd59-d476-5fce-a135-cabc756641ae', (select id from public.sri_impact_criteria where methodology_version_id=v_mid and code='health_wellbeing_accessibility'), 2) on conflict (functionality_level_id, impact_criterion_id) do nothing;
  insert into public.sri_functionality_level_impact_scores (functionality_level_id, impact_criterion_id, score)
  values ('b479cd59-d476-5fce-a135-cabc756641ae', (select id from public.sri_impact_criteria where methodology_version_id=v_mid and code='maintenance_and_fault_prediction'), 1) on conflict (functionality_level_id, impact_criterion_id) do nothing;
  insert into public.sri_functionality_level_impact_scores (functionality_level_id, impact_criterion_id, score)
  values ('b479cd59-d476-5fce-a135-cabc756641ae', (select id from public.sri_impact_criteria where methodology_version_id=v_mid and code='information_to_occupants'), 0) on conflict (functionality_level_id, impact_criterion_id) do nothing;

  insert into public.sri_services (id, catalogue_id, domain_id, official_code, internal_code, sort_order, official_name, service_group, purpose, when_applicable, typical_devices, preconditions, fl_max, included_in_method_a, included_in_method_b, triage_affects_max, applicability_mode, mutual_exclusion_group, standards_basis, provenance)
  values ('420f40c4-afe8-5bd6-b857-5686932469df', v_cat, (select id from public.sri_technical_domains where methodology_version_id=v_mid and code='heating'), 'H-1b', 'H-02', 2, '{"en": "Emission control for TABS (heating mode)", "pl": "Sterowanie emisją dla TABS"}'::jsonb, 'Heat control - demand side', '{"en": "Control thermally activated building structures for heating."}'::jsonb, '{"en": "When TABS (concrete core activation) is installed."}'::jsonb, '{"TABS controllers","Supply temperature limiters"}', 'Triage: only relevant in case of TABS. Mostly restricted to non-residential buildings', 3, false, true, false, 'smart_ready', null, '{"EN ISO 52120-1"}', 'VERIFIED_ANNEX_D')
  on conflict (catalogue_id, official_code) do nothing;
  insert into public.sri_functionality_levels (id, service_id, level_number, official_description)
  values ('8009917d-9e6e-5dca-b177-69522414310d', '420f40c4-afe8-5bd6-b857-5686932469df', 0, '{"en": "No automatic control"}'::jsonb) on conflict (service_id, level_number) do nothing;
  insert into public.sri_functionality_levels (id, service_id, level_number, official_description)
  values ('7aee58f1-feb4-5754-8169-f94fd1a827f3', '420f40c4-afe8-5bd6-b857-5686932469df', 1, '{"en": "Central automatic control"}'::jsonb) on conflict (service_id, level_number) do nothing;
  insert into public.sri_functionality_levels (id, service_id, level_number, official_description)
  values ('25f02732-81a7-55ce-a3d0-a28c2b7a10ce', '420f40c4-afe8-5bd6-b857-5686932469df', 2, '{"en": "Advanced central automatic control"}'::jsonb) on conflict (service_id, level_number) do nothing;
  insert into public.sri_functionality_levels (id, service_id, level_number, official_description)
  values ('6ed97ca6-10af-5b9f-8efa-7f5b1941983c', '420f40c4-afe8-5bd6-b857-5686932469df', 3, '{"en": "Advanced central automatic control with intermittent operation and/or room temperature feedback control"}'::jsonb) on conflict (service_id, level_number) do nothing;
  insert into public.sri_functionality_level_impact_scores (functionality_level_id, impact_criterion_id, score)
  values ('8009917d-9e6e-5dca-b177-69522414310d', (select id from public.sri_impact_criteria where methodology_version_id=v_mid and code='energy_efficiency'), 0) on conflict (functionality_level_id, impact_criterion_id) do nothing;
  insert into public.sri_functionality_level_impact_scores (functionality_level_id, impact_criterion_id, score)
  values ('8009917d-9e6e-5dca-b177-69522414310d', (select id from public.sri_impact_criteria where methodology_version_id=v_mid and code='energy_flexibility_and_storage'), 0) on conflict (functionality_level_id, impact_criterion_id) do nothing;
  insert into public.sri_functionality_level_impact_scores (functionality_level_id, impact_criterion_id, score)
  values ('8009917d-9e6e-5dca-b177-69522414310d', (select id from public.sri_impact_criteria where methodology_version_id=v_mid and code='comfort'), 0) on conflict (functionality_level_id, impact_criterion_id) do nothing;
  insert into public.sri_functionality_level_impact_scores (functionality_level_id, impact_criterion_id, score)
  values ('8009917d-9e6e-5dca-b177-69522414310d', (select id from public.sri_impact_criteria where methodology_version_id=v_mid and code='convenience'), 0) on conflict (functionality_level_id, impact_criterion_id) do nothing;
  insert into public.sri_functionality_level_impact_scores (functionality_level_id, impact_criterion_id, score)
  values ('8009917d-9e6e-5dca-b177-69522414310d', (select id from public.sri_impact_criteria where methodology_version_id=v_mid and code='health_wellbeing_accessibility'), 0) on conflict (functionality_level_id, impact_criterion_id) do nothing;
  insert into public.sri_functionality_level_impact_scores (functionality_level_id, impact_criterion_id, score)
  values ('8009917d-9e6e-5dca-b177-69522414310d', (select id from public.sri_impact_criteria where methodology_version_id=v_mid and code='maintenance_and_fault_prediction'), 0) on conflict (functionality_level_id, impact_criterion_id) do nothing;
  insert into public.sri_functionality_level_impact_scores (functionality_level_id, impact_criterion_id, score)
  values ('8009917d-9e6e-5dca-b177-69522414310d', (select id from public.sri_impact_criteria where methodology_version_id=v_mid and code='information_to_occupants'), 0) on conflict (functionality_level_id, impact_criterion_id) do nothing;
  insert into public.sri_functionality_level_impact_scores (functionality_level_id, impact_criterion_id, score)
  values ('7aee58f1-feb4-5754-8169-f94fd1a827f3', (select id from public.sri_impact_criteria where methodology_version_id=v_mid and code='energy_efficiency'), 1) on conflict (functionality_level_id, impact_criterion_id) do nothing;
  insert into public.sri_functionality_level_impact_scores (functionality_level_id, impact_criterion_id, score)
  values ('7aee58f1-feb4-5754-8169-f94fd1a827f3', (select id from public.sri_impact_criteria where methodology_version_id=v_mid and code='energy_flexibility_and_storage'), 0) on conflict (functionality_level_id, impact_criterion_id) do nothing;
  insert into public.sri_functionality_level_impact_scores (functionality_level_id, impact_criterion_id, score)
  values ('7aee58f1-feb4-5754-8169-f94fd1a827f3', (select id from public.sri_impact_criteria where methodology_version_id=v_mid and code='comfort'), 1) on conflict (functionality_level_id, impact_criterion_id) do nothing;
  insert into public.sri_functionality_level_impact_scores (functionality_level_id, impact_criterion_id, score)
  values ('7aee58f1-feb4-5754-8169-f94fd1a827f3', (select id from public.sri_impact_criteria where methodology_version_id=v_mid and code='convenience'), 1) on conflict (functionality_level_id, impact_criterion_id) do nothing;
  insert into public.sri_functionality_level_impact_scores (functionality_level_id, impact_criterion_id, score)
  values ('7aee58f1-feb4-5754-8169-f94fd1a827f3', (select id from public.sri_impact_criteria where methodology_version_id=v_mid and code='health_wellbeing_accessibility'), 1) on conflict (functionality_level_id, impact_criterion_id) do nothing;
  insert into public.sri_functionality_level_impact_scores (functionality_level_id, impact_criterion_id, score)
  values ('7aee58f1-feb4-5754-8169-f94fd1a827f3', (select id from public.sri_impact_criteria where methodology_version_id=v_mid and code='maintenance_and_fault_prediction'), 0) on conflict (functionality_level_id, impact_criterion_id) do nothing;
  insert into public.sri_functionality_level_impact_scores (functionality_level_id, impact_criterion_id, score)
  values ('7aee58f1-feb4-5754-8169-f94fd1a827f3', (select id from public.sri_impact_criteria where methodology_version_id=v_mid and code='information_to_occupants'), 0) on conflict (functionality_level_id, impact_criterion_id) do nothing;
  insert into public.sri_functionality_level_impact_scores (functionality_level_id, impact_criterion_id, score)
  values ('25f02732-81a7-55ce-a3d0-a28c2b7a10ce', (select id from public.sri_impact_criteria where methodology_version_id=v_mid and code='energy_efficiency'), 1) on conflict (functionality_level_id, impact_criterion_id) do nothing;
  insert into public.sri_functionality_level_impact_scores (functionality_level_id, impact_criterion_id, score)
  values ('25f02732-81a7-55ce-a3d0-a28c2b7a10ce', (select id from public.sri_impact_criteria where methodology_version_id=v_mid and code='energy_flexibility_and_storage'), 0) on conflict (functionality_level_id, impact_criterion_id) do nothing;
  insert into public.sri_functionality_level_impact_scores (functionality_level_id, impact_criterion_id, score)
  values ('25f02732-81a7-55ce-a3d0-a28c2b7a10ce', (select id from public.sri_impact_criteria where methodology_version_id=v_mid and code='comfort'), 1) on conflict (functionality_level_id, impact_criterion_id) do nothing;
  insert into public.sri_functionality_level_impact_scores (functionality_level_id, impact_criterion_id, score)
  values ('25f02732-81a7-55ce-a3d0-a28c2b7a10ce', (select id from public.sri_impact_criteria where methodology_version_id=v_mid and code='convenience'), 2) on conflict (functionality_level_id, impact_criterion_id) do nothing;
  insert into public.sri_functionality_level_impact_scores (functionality_level_id, impact_criterion_id, score)
  values ('25f02732-81a7-55ce-a3d0-a28c2b7a10ce', (select id from public.sri_impact_criteria where methodology_version_id=v_mid and code='health_wellbeing_accessibility'), 2) on conflict (functionality_level_id, impact_criterion_id) do nothing;
  insert into public.sri_functionality_level_impact_scores (functionality_level_id, impact_criterion_id, score)
  values ('25f02732-81a7-55ce-a3d0-a28c2b7a10ce', (select id from public.sri_impact_criteria where methodology_version_id=v_mid and code='maintenance_and_fault_prediction'), 0) on conflict (functionality_level_id, impact_criterion_id) do nothing;
  insert into public.sri_functionality_level_impact_scores (functionality_level_id, impact_criterion_id, score)
  values ('25f02732-81a7-55ce-a3d0-a28c2b7a10ce', (select id from public.sri_impact_criteria where methodology_version_id=v_mid and code='information_to_occupants'), 0) on conflict (functionality_level_id, impact_criterion_id) do nothing;
  insert into public.sri_functionality_level_impact_scores (functionality_level_id, impact_criterion_id, score)
  values ('6ed97ca6-10af-5b9f-8efa-7f5b1941983c', (select id from public.sri_impact_criteria where methodology_version_id=v_mid and code='energy_efficiency'), 2) on conflict (functionality_level_id, impact_criterion_id) do nothing;
  insert into public.sri_functionality_level_impact_scores (functionality_level_id, impact_criterion_id, score)
  values ('6ed97ca6-10af-5b9f-8efa-7f5b1941983c', (select id from public.sri_impact_criteria where methodology_version_id=v_mid and code='energy_flexibility_and_storage'), 0) on conflict (functionality_level_id, impact_criterion_id) do nothing;
  insert into public.sri_functionality_level_impact_scores (functionality_level_id, impact_criterion_id, score)
  values ('6ed97ca6-10af-5b9f-8efa-7f5b1941983c', (select id from public.sri_impact_criteria where methodology_version_id=v_mid and code='comfort'), 2) on conflict (functionality_level_id, impact_criterion_id) do nothing;
  insert into public.sri_functionality_level_impact_scores (functionality_level_id, impact_criterion_id, score)
  values ('6ed97ca6-10af-5b9f-8efa-7f5b1941983c', (select id from public.sri_impact_criteria where methodology_version_id=v_mid and code='convenience'), 3) on conflict (functionality_level_id, impact_criterion_id) do nothing;
  insert into public.sri_functionality_level_impact_scores (functionality_level_id, impact_criterion_id, score)
  values ('6ed97ca6-10af-5b9f-8efa-7f5b1941983c', (select id from public.sri_impact_criteria where methodology_version_id=v_mid and code='health_wellbeing_accessibility'), 2) on conflict (functionality_level_id, impact_criterion_id) do nothing;
  insert into public.sri_functionality_level_impact_scores (functionality_level_id, impact_criterion_id, score)
  values ('6ed97ca6-10af-5b9f-8efa-7f5b1941983c', (select id from public.sri_impact_criteria where methodology_version_id=v_mid and code='maintenance_and_fault_prediction'), 1) on conflict (functionality_level_id, impact_criterion_id) do nothing;
  insert into public.sri_functionality_level_impact_scores (functionality_level_id, impact_criterion_id, score)
  values ('6ed97ca6-10af-5b9f-8efa-7f5b1941983c', (select id from public.sri_impact_criteria where methodology_version_id=v_mid and code='information_to_occupants'), 1) on conflict (functionality_level_id, impact_criterion_id) do nothing;

  insert into public.sri_services (id, catalogue_id, domain_id, official_code, internal_code, sort_order, official_name, service_group, purpose, when_applicable, typical_devices, preconditions, fl_max, included_in_method_a, included_in_method_b, triage_affects_max, applicability_mode, mutual_exclusion_group, standards_basis, provenance)
  values ('4d857953-195a-5870-a71d-d7b090ec314a', v_cat, (select id from public.sri_technical_domains where methodology_version_id=v_mid and code='heating'), 'H-1c', 'H-03', 3, '{"en": "Control of distribution fluid temperature (supply or return air flow or water flow) - Similar function can be applied to the control of direct electric heating networks", "pl": "Sterowanie temperaturą medium w sieci grzewczej"}'::jsonb, 'Heat control - demand side', '{"en": "Match distribution temperature to building load (weather compensation)."}'::jsonb, '{"en": "When hydronic or air heating distribution exists."}'::jsonb, '{"Mixing valves","Boiler controllers","Outdoor sensors"}', 'Not applicable in case of individual heaters (e.g. stoves)', 2, true, true, false, 'smart_ready', null, '{"EN ISO 52120-1"}', 'VERIFIED_ANNEX_D')
  on conflict (catalogue_id, official_code) do nothing;
  insert into public.sri_functionality_levels (id, service_id, level_number, official_description)
  values ('b4210380-ac36-552e-86a0-0dfb6ff1c21a', '4d857953-195a-5870-a71d-d7b090ec314a', 0, '{"en": "No automatic control"}'::jsonb) on conflict (service_id, level_number) do nothing;
  insert into public.sri_functionality_levels (id, service_id, level_number, official_description)
  values ('719d4784-a99b-5290-b03e-32fa229ffb62', '4d857953-195a-5870-a71d-d7b090ec314a', 1, '{"en": "Outside temperature compensated control"}'::jsonb) on conflict (service_id, level_number) do nothing;
  insert into public.sri_functionality_levels (id, service_id, level_number, official_description)
  values ('6a1280a7-0698-54f1-a85a-e4c610161156', '4d857953-195a-5870-a71d-d7b090ec314a', 2, '{"en": "Demand based control"}'::jsonb) on conflict (service_id, level_number) do nothing;
  insert into public.sri_functionality_level_impact_scores (functionality_level_id, impact_criterion_id, score)
  values ('b4210380-ac36-552e-86a0-0dfb6ff1c21a', (select id from public.sri_impact_criteria where methodology_version_id=v_mid and code='energy_efficiency'), 0) on conflict (functionality_level_id, impact_criterion_id) do nothing;
  insert into public.sri_functionality_level_impact_scores (functionality_level_id, impact_criterion_id, score)
  values ('b4210380-ac36-552e-86a0-0dfb6ff1c21a', (select id from public.sri_impact_criteria where methodology_version_id=v_mid and code='energy_flexibility_and_storage'), 0) on conflict (functionality_level_id, impact_criterion_id) do nothing;
  insert into public.sri_functionality_level_impact_scores (functionality_level_id, impact_criterion_id, score)
  values ('b4210380-ac36-552e-86a0-0dfb6ff1c21a', (select id from public.sri_impact_criteria where methodology_version_id=v_mid and code='comfort'), 0) on conflict (functionality_level_id, impact_criterion_id) do nothing;
  insert into public.sri_functionality_level_impact_scores (functionality_level_id, impact_criterion_id, score)
  values ('b4210380-ac36-552e-86a0-0dfb6ff1c21a', (select id from public.sri_impact_criteria where methodology_version_id=v_mid and code='convenience'), 0) on conflict (functionality_level_id, impact_criterion_id) do nothing;
  insert into public.sri_functionality_level_impact_scores (functionality_level_id, impact_criterion_id, score)
  values ('b4210380-ac36-552e-86a0-0dfb6ff1c21a', (select id from public.sri_impact_criteria where methodology_version_id=v_mid and code='health_wellbeing_accessibility'), 0) on conflict (functionality_level_id, impact_criterion_id) do nothing;
  insert into public.sri_functionality_level_impact_scores (functionality_level_id, impact_criterion_id, score)
  values ('b4210380-ac36-552e-86a0-0dfb6ff1c21a', (select id from public.sri_impact_criteria where methodology_version_id=v_mid and code='maintenance_and_fault_prediction'), 0) on conflict (functionality_level_id, impact_criterion_id) do nothing;
  insert into public.sri_functionality_level_impact_scores (functionality_level_id, impact_criterion_id, score)
  values ('b4210380-ac36-552e-86a0-0dfb6ff1c21a', (select id from public.sri_impact_criteria where methodology_version_id=v_mid and code='information_to_occupants'), 0) on conflict (functionality_level_id, impact_criterion_id) do nothing;
  insert into public.sri_functionality_level_impact_scores (functionality_level_id, impact_criterion_id, score)
  values ('719d4784-a99b-5290-b03e-32fa229ffb62', (select id from public.sri_impact_criteria where methodology_version_id=v_mid and code='energy_efficiency'), 1) on conflict (functionality_level_id, impact_criterion_id) do nothing;
  insert into public.sri_functionality_level_impact_scores (functionality_level_id, impact_criterion_id, score)
  values ('719d4784-a99b-5290-b03e-32fa229ffb62', (select id from public.sri_impact_criteria where methodology_version_id=v_mid and code='energy_flexibility_and_storage'), 0) on conflict (functionality_level_id, impact_criterion_id) do nothing;
  insert into public.sri_functionality_level_impact_scores (functionality_level_id, impact_criterion_id, score)
  values ('719d4784-a99b-5290-b03e-32fa229ffb62', (select id from public.sri_impact_criteria where methodology_version_id=v_mid and code='comfort'), 1) on conflict (functionality_level_id, impact_criterion_id) do nothing;
  insert into public.sri_functionality_level_impact_scores (functionality_level_id, impact_criterion_id, score)
  values ('719d4784-a99b-5290-b03e-32fa229ffb62', (select id from public.sri_impact_criteria where methodology_version_id=v_mid and code='convenience'), 1) on conflict (functionality_level_id, impact_criterion_id) do nothing;
  insert into public.sri_functionality_level_impact_scores (functionality_level_id, impact_criterion_id, score)
  values ('719d4784-a99b-5290-b03e-32fa229ffb62', (select id from public.sri_impact_criteria where methodology_version_id=v_mid and code='health_wellbeing_accessibility'), 0) on conflict (functionality_level_id, impact_criterion_id) do nothing;
  insert into public.sri_functionality_level_impact_scores (functionality_level_id, impact_criterion_id, score)
  values ('719d4784-a99b-5290-b03e-32fa229ffb62', (select id from public.sri_impact_criteria where methodology_version_id=v_mid and code='maintenance_and_fault_prediction'), 0) on conflict (functionality_level_id, impact_criterion_id) do nothing;
  insert into public.sri_functionality_level_impact_scores (functionality_level_id, impact_criterion_id, score)
  values ('719d4784-a99b-5290-b03e-32fa229ffb62', (select id from public.sri_impact_criteria where methodology_version_id=v_mid and code='information_to_occupants'), 0) on conflict (functionality_level_id, impact_criterion_id) do nothing;
  insert into public.sri_functionality_level_impact_scores (functionality_level_id, impact_criterion_id, score)
  values ('6a1280a7-0698-54f1-a85a-e4c610161156', (select id from public.sri_impact_criteria where methodology_version_id=v_mid and code='energy_efficiency'), 2) on conflict (functionality_level_id, impact_criterion_id) do nothing;
  insert into public.sri_functionality_level_impact_scores (functionality_level_id, impact_criterion_id, score)
  values ('6a1280a7-0698-54f1-a85a-e4c610161156', (select id from public.sri_impact_criteria where methodology_version_id=v_mid and code='energy_flexibility_and_storage'), 0) on conflict (functionality_level_id, impact_criterion_id) do nothing;
  insert into public.sri_functionality_level_impact_scores (functionality_level_id, impact_criterion_id, score)
  values ('6a1280a7-0698-54f1-a85a-e4c610161156', (select id from public.sri_impact_criteria where methodology_version_id=v_mid and code='comfort'), 1) on conflict (functionality_level_id, impact_criterion_id) do nothing;
  insert into public.sri_functionality_level_impact_scores (functionality_level_id, impact_criterion_id, score)
  values ('6a1280a7-0698-54f1-a85a-e4c610161156', (select id from public.sri_impact_criteria where methodology_version_id=v_mid and code='convenience'), 1) on conflict (functionality_level_id, impact_criterion_id) do nothing;
  insert into public.sri_functionality_level_impact_scores (functionality_level_id, impact_criterion_id, score)
  values ('6a1280a7-0698-54f1-a85a-e4c610161156', (select id from public.sri_impact_criteria where methodology_version_id=v_mid and code='health_wellbeing_accessibility'), 0) on conflict (functionality_level_id, impact_criterion_id) do nothing;
  insert into public.sri_functionality_level_impact_scores (functionality_level_id, impact_criterion_id, score)
  values ('6a1280a7-0698-54f1-a85a-e4c610161156', (select id from public.sri_impact_criteria where methodology_version_id=v_mid and code='maintenance_and_fault_prediction'), 0) on conflict (functionality_level_id, impact_criterion_id) do nothing;
  insert into public.sri_functionality_level_impact_scores (functionality_level_id, impact_criterion_id, score)
  values ('6a1280a7-0698-54f1-a85a-e4c610161156', (select id from public.sri_impact_criteria where methodology_version_id=v_mid and code='information_to_occupants'), 0) on conflict (functionality_level_id, impact_criterion_id) do nothing;

  insert into public.sri_services (id, catalogue_id, domain_id, official_code, internal_code, sort_order, official_name, service_group, purpose, when_applicable, typical_devices, preconditions, fl_max, included_in_method_a, included_in_method_b, triage_affects_max, applicability_mode, mutual_exclusion_group, standards_basis, provenance)
  values ('af2c3627-5511-5cbe-a199-a1373ac69cdc', v_cat, (select id from public.sri_technical_domains where methodology_version_id=v_mid and code='heating'), 'H-1d', 'H-04', 4, '{"en": "Control of distribution pumps in networks", "pl": "Sterowanie pompami obiegowymi w instalacji grzewczej"}'::jsonb, 'Heat control - demand side', '{"en": "Optimize pump energy via speed or on/off control aligned with demand."}'::jsonb, '{"en": "When circulation pumps serve heating distribution."}'::jsonb, '{"Variable speed drives","Pump controllers","BMS"}', 'Only applicable for hydronic heating systems', 4, false, true, false, 'smart_ready', null, '{"EN ISO 52120-1"}', 'VERIFIED_ANNEX_D')
  on conflict (catalogue_id, official_code) do nothing;
  insert into public.sri_functionality_levels (id, service_id, level_number, official_description)
  values ('132fda59-7821-5b6b-a0c5-2cc8757e50cd', 'af2c3627-5511-5cbe-a199-a1373ac69cdc', 0, '{"en": "No automatic control"}'::jsonb) on conflict (service_id, level_number) do nothing;
  insert into public.sri_functionality_levels (id, service_id, level_number, official_description)
  values ('eeca3822-2490-5798-9206-8ac2afb8373f', 'af2c3627-5511-5cbe-a199-a1373ac69cdc', 1, '{"en": "On off control"}'::jsonb) on conflict (service_id, level_number) do nothing;
  insert into public.sri_functionality_levels (id, service_id, level_number, official_description)
  values ('43a10230-1360-59c6-b14a-b6292ff82295', 'af2c3627-5511-5cbe-a199-a1373ac69cdc', 2, '{"en": "Multi-Stage control"}'::jsonb) on conflict (service_id, level_number) do nothing;
  insert into public.sri_functionality_levels (id, service_id, level_number, official_description)
  values ('a2da9a65-d32b-5619-ae7d-e2582d332c1b', 'af2c3627-5511-5cbe-a199-a1373ac69cdc', 3, '{"en": "Variable speed pump control (pump unit (internal) estimations)"}'::jsonb) on conflict (service_id, level_number) do nothing;
  insert into public.sri_functionality_levels (id, service_id, level_number, official_description)
  values ('ffe71c91-6b22-5453-9c8f-d3d8c6fa59af', 'af2c3627-5511-5cbe-a199-a1373ac69cdc', 4, '{"en": "Variable speed pump control (external demand signal)"}'::jsonb) on conflict (service_id, level_number) do nothing;
  insert into public.sri_functionality_level_impact_scores (functionality_level_id, impact_criterion_id, score)
  values ('132fda59-7821-5b6b-a0c5-2cc8757e50cd', (select id from public.sri_impact_criteria where methodology_version_id=v_mid and code='energy_efficiency'), 0) on conflict (functionality_level_id, impact_criterion_id) do nothing;
  insert into public.sri_functionality_level_impact_scores (functionality_level_id, impact_criterion_id, score)
  values ('132fda59-7821-5b6b-a0c5-2cc8757e50cd', (select id from public.sri_impact_criteria where methodology_version_id=v_mid and code='energy_flexibility_and_storage'), 0) on conflict (functionality_level_id, impact_criterion_id) do nothing;
  insert into public.sri_functionality_level_impact_scores (functionality_level_id, impact_criterion_id, score)
  values ('132fda59-7821-5b6b-a0c5-2cc8757e50cd', (select id from public.sri_impact_criteria where methodology_version_id=v_mid and code='comfort'), 0) on conflict (functionality_level_id, impact_criterion_id) do nothing;
  insert into public.sri_functionality_level_impact_scores (functionality_level_id, impact_criterion_id, score)
  values ('132fda59-7821-5b6b-a0c5-2cc8757e50cd', (select id from public.sri_impact_criteria where methodology_version_id=v_mid and code='convenience'), 0) on conflict (functionality_level_id, impact_criterion_id) do nothing;
  insert into public.sri_functionality_level_impact_scores (functionality_level_id, impact_criterion_id, score)
  values ('132fda59-7821-5b6b-a0c5-2cc8757e50cd', (select id from public.sri_impact_criteria where methodology_version_id=v_mid and code='health_wellbeing_accessibility'), 0) on conflict (functionality_level_id, impact_criterion_id) do nothing;
  insert into public.sri_functionality_level_impact_scores (functionality_level_id, impact_criterion_id, score)
  values ('132fda59-7821-5b6b-a0c5-2cc8757e50cd', (select id from public.sri_impact_criteria where methodology_version_id=v_mid and code='maintenance_and_fault_prediction'), 0) on conflict (functionality_level_id, impact_criterion_id) do nothing;
  insert into public.sri_functionality_level_impact_scores (functionality_level_id, impact_criterion_id, score)
  values ('132fda59-7821-5b6b-a0c5-2cc8757e50cd', (select id from public.sri_impact_criteria where methodology_version_id=v_mid and code='information_to_occupants'), 0) on conflict (functionality_level_id, impact_criterion_id) do nothing;
  insert into public.sri_functionality_level_impact_scores (functionality_level_id, impact_criterion_id, score)
  values ('eeca3822-2490-5798-9206-8ac2afb8373f', (select id from public.sri_impact_criteria where methodology_version_id=v_mid and code='energy_efficiency'), 1) on conflict (functionality_level_id, impact_criterion_id) do nothing;
  insert into public.sri_functionality_level_impact_scores (functionality_level_id, impact_criterion_id, score)
  values ('eeca3822-2490-5798-9206-8ac2afb8373f', (select id from public.sri_impact_criteria where methodology_version_id=v_mid and code='energy_flexibility_and_storage'), 0) on conflict (functionality_level_id, impact_criterion_id) do nothing;
  insert into public.sri_functionality_level_impact_scores (functionality_level_id, impact_criterion_id, score)
  values ('eeca3822-2490-5798-9206-8ac2afb8373f', (select id from public.sri_impact_criteria where methodology_version_id=v_mid and code='comfort'), 0) on conflict (functionality_level_id, impact_criterion_id) do nothing;
  insert into public.sri_functionality_level_impact_scores (functionality_level_id, impact_criterion_id, score)
  values ('eeca3822-2490-5798-9206-8ac2afb8373f', (select id from public.sri_impact_criteria where methodology_version_id=v_mid and code='convenience'), 0) on conflict (functionality_level_id, impact_criterion_id) do nothing;
  insert into public.sri_functionality_level_impact_scores (functionality_level_id, impact_criterion_id, score)
  values ('eeca3822-2490-5798-9206-8ac2afb8373f', (select id from public.sri_impact_criteria where methodology_version_id=v_mid and code='health_wellbeing_accessibility'), 0) on conflict (functionality_level_id, impact_criterion_id) do nothing;
  insert into public.sri_functionality_level_impact_scores (functionality_level_id, impact_criterion_id, score)
  values ('eeca3822-2490-5798-9206-8ac2afb8373f', (select id from public.sri_impact_criteria where methodology_version_id=v_mid and code='maintenance_and_fault_prediction'), 0) on conflict (functionality_level_id, impact_criterion_id) do nothing;
  insert into public.sri_functionality_level_impact_scores (functionality_level_id, impact_criterion_id, score)
  values ('eeca3822-2490-5798-9206-8ac2afb8373f', (select id from public.sri_impact_criteria where methodology_version_id=v_mid and code='information_to_occupants'), 0) on conflict (functionality_level_id, impact_criterion_id) do nothing;
  insert into public.sri_functionality_level_impact_scores (functionality_level_id, impact_criterion_id, score)
  values ('43a10230-1360-59c6-b14a-b6292ff82295', (select id from public.sri_impact_criteria where methodology_version_id=v_mid and code='energy_efficiency'), 2) on conflict (functionality_level_id, impact_criterion_id) do nothing;
  insert into public.sri_functionality_level_impact_scores (functionality_level_id, impact_criterion_id, score)
  values ('43a10230-1360-59c6-b14a-b6292ff82295', (select id from public.sri_impact_criteria where methodology_version_id=v_mid and code='energy_flexibility_and_storage'), 0) on conflict (functionality_level_id, impact_criterion_id) do nothing;
  insert into public.sri_functionality_level_impact_scores (functionality_level_id, impact_criterion_id, score)
  values ('43a10230-1360-59c6-b14a-b6292ff82295', (select id from public.sri_impact_criteria where methodology_version_id=v_mid and code='comfort'), 0) on conflict (functionality_level_id, impact_criterion_id) do nothing;
  insert into public.sri_functionality_level_impact_scores (functionality_level_id, impact_criterion_id, score)
  values ('43a10230-1360-59c6-b14a-b6292ff82295', (select id from public.sri_impact_criteria where methodology_version_id=v_mid and code='convenience'), 0) on conflict (functionality_level_id, impact_criterion_id) do nothing;
  insert into public.sri_functionality_level_impact_scores (functionality_level_id, impact_criterion_id, score)
  values ('43a10230-1360-59c6-b14a-b6292ff82295', (select id from public.sri_impact_criteria where methodology_version_id=v_mid and code='health_wellbeing_accessibility'), 0) on conflict (functionality_level_id, impact_criterion_id) do nothing;
  insert into public.sri_functionality_level_impact_scores (functionality_level_id, impact_criterion_id, score)
  values ('43a10230-1360-59c6-b14a-b6292ff82295', (select id from public.sri_impact_criteria where methodology_version_id=v_mid and code='maintenance_and_fault_prediction'), 0) on conflict (functionality_level_id, impact_criterion_id) do nothing;
  insert into public.sri_functionality_level_impact_scores (functionality_level_id, impact_criterion_id, score)
  values ('43a10230-1360-59c6-b14a-b6292ff82295', (select id from public.sri_impact_criteria where methodology_version_id=v_mid and code='information_to_occupants'), 0) on conflict (functionality_level_id, impact_criterion_id) do nothing;
  insert into public.sri_functionality_level_impact_scores (functionality_level_id, impact_criterion_id, score)
  values ('a2da9a65-d32b-5619-ae7d-e2582d332c1b', (select id from public.sri_impact_criteria where methodology_version_id=v_mid and code='energy_efficiency'), 2) on conflict (functionality_level_id, impact_criterion_id) do nothing;
  insert into public.sri_functionality_level_impact_scores (functionality_level_id, impact_criterion_id, score)
  values ('a2da9a65-d32b-5619-ae7d-e2582d332c1b', (select id from public.sri_impact_criteria where methodology_version_id=v_mid and code='energy_flexibility_and_storage'), 0) on conflict (functionality_level_id, impact_criterion_id) do nothing;
  insert into public.sri_functionality_level_impact_scores (functionality_level_id, impact_criterion_id, score)
  values ('a2da9a65-d32b-5619-ae7d-e2582d332c1b', (select id from public.sri_impact_criteria where methodology_version_id=v_mid and code='comfort'), 0) on conflict (functionality_level_id, impact_criterion_id) do nothing;
  insert into public.sri_functionality_level_impact_scores (functionality_level_id, impact_criterion_id, score)
  values ('a2da9a65-d32b-5619-ae7d-e2582d332c1b', (select id from public.sri_impact_criteria where methodology_version_id=v_mid and code='convenience'), 0) on conflict (functionality_level_id, impact_criterion_id) do nothing;
  insert into public.sri_functionality_level_impact_scores (functionality_level_id, impact_criterion_id, score)
  values ('a2da9a65-d32b-5619-ae7d-e2582d332c1b', (select id from public.sri_impact_criteria where methodology_version_id=v_mid and code='health_wellbeing_accessibility'), 0) on conflict (functionality_level_id, impact_criterion_id) do nothing;
  insert into public.sri_functionality_level_impact_scores (functionality_level_id, impact_criterion_id, score)
  values ('a2da9a65-d32b-5619-ae7d-e2582d332c1b', (select id from public.sri_impact_criteria where methodology_version_id=v_mid and code='maintenance_and_fault_prediction'), 0) on conflict (functionality_level_id, impact_criterion_id) do nothing;
  insert into public.sri_functionality_level_impact_scores (functionality_level_id, impact_criterion_id, score)
  values ('a2da9a65-d32b-5619-ae7d-e2582d332c1b', (select id from public.sri_impact_criteria where methodology_version_id=v_mid and code='information_to_occupants'), 0) on conflict (functionality_level_id, impact_criterion_id) do nothing;
  insert into public.sri_functionality_level_impact_scores (functionality_level_id, impact_criterion_id, score)
  values ('ffe71c91-6b22-5453-9c8f-d3d8c6fa59af', (select id from public.sri_impact_criteria where methodology_version_id=v_mid and code='energy_efficiency'), 2) on conflict (functionality_level_id, impact_criterion_id) do nothing;
  insert into public.sri_functionality_level_impact_scores (functionality_level_id, impact_criterion_id, score)
  values ('ffe71c91-6b22-5453-9c8f-d3d8c6fa59af', (select id from public.sri_impact_criteria where methodology_version_id=v_mid and code='energy_flexibility_and_storage'), 0) on conflict (functionality_level_id, impact_criterion_id) do nothing;
  insert into public.sri_functionality_level_impact_scores (functionality_level_id, impact_criterion_id, score)
  values ('ffe71c91-6b22-5453-9c8f-d3d8c6fa59af', (select id from public.sri_impact_criteria where methodology_version_id=v_mid and code='comfort'), 0) on conflict (functionality_level_id, impact_criterion_id) do nothing;
  insert into public.sri_functionality_level_impact_scores (functionality_level_id, impact_criterion_id, score)
  values ('ffe71c91-6b22-5453-9c8f-d3d8c6fa59af', (select id from public.sri_impact_criteria where methodology_version_id=v_mid and code='convenience'), 0) on conflict (functionality_level_id, impact_criterion_id) do nothing;
  insert into public.sri_functionality_level_impact_scores (functionality_level_id, impact_criterion_id, score)
  values ('ffe71c91-6b22-5453-9c8f-d3d8c6fa59af', (select id from public.sri_impact_criteria where methodology_version_id=v_mid and code='health_wellbeing_accessibility'), 0) on conflict (functionality_level_id, impact_criterion_id) do nothing;
  insert into public.sri_functionality_level_impact_scores (functionality_level_id, impact_criterion_id, score)
  values ('ffe71c91-6b22-5453-9c8f-d3d8c6fa59af', (select id from public.sri_impact_criteria where methodology_version_id=v_mid and code='maintenance_and_fault_prediction'), 0) on conflict (functionality_level_id, impact_criterion_id) do nothing;
  insert into public.sri_functionality_level_impact_scores (functionality_level_id, impact_criterion_id, score)
  values ('ffe71c91-6b22-5453-9c8f-d3d8c6fa59af', (select id from public.sri_impact_criteria where methodology_version_id=v_mid and code='information_to_occupants'), 0) on conflict (functionality_level_id, impact_criterion_id) do nothing;

  insert into public.sri_services (id, catalogue_id, domain_id, official_code, internal_code, sort_order, official_name, service_group, purpose, when_applicable, typical_devices, preconditions, fl_max, included_in_method_a, included_in_method_b, triage_affects_max, applicability_mode, mutual_exclusion_group, standards_basis, provenance)
  values ('e2075775-2e8c-5aa2-b6da-39e55afba44d', v_cat, (select id from public.sri_technical_domains where methodology_version_id=v_mid and code='heating'), 'H-1f', 'H-05', 5, '{"en": "Thermal Energy Storage (TES) for building heating (excluding TABS)", "pl": "Sterowanie źródłem ciepła"}'::jsonb, 'Heat control - demand side', '{"en": "Modulate heat production to match building demand."}'::jsonb, '{"en": "When boilers, heat pumps or district heat substations are present."}'::jsonb, '{"Boiler cascade controllers","Heat pump inverters","Substation controllers"}', 'Only applicable in case thermal energy storage is present.', 3, false, true, false, 'smart_ready', null, '{"EN ISO 52120-1"}', 'VERIFIED_ANNEX_D')
  on conflict (catalogue_id, official_code) do nothing;
  insert into public.sri_functionality_levels (id, service_id, level_number, official_description)
  values ('d07b8dd3-a4e2-5030-8757-9bf108856e9b', 'e2075775-2e8c-5aa2-b6da-39e55afba44d', 0, '{"en": "Continuous storage operation"}'::jsonb) on conflict (service_id, level_number) do nothing;
  insert into public.sri_functionality_levels (id, service_id, level_number, official_description)
  values ('85d94da3-f260-5992-88f4-8f95974b0c18', 'e2075775-2e8c-5aa2-b6da-39e55afba44d', 1, '{"en": "Time-scheduled storage operation"}'::jsonb) on conflict (service_id, level_number) do nothing;
  insert into public.sri_functionality_levels (id, service_id, level_number, official_description)
  values ('0df53935-ec4a-5eae-b924-67343df98b03', 'e2075775-2e8c-5aa2-b6da-39e55afba44d', 2, '{"en": "Load prediction based storage operation"}'::jsonb) on conflict (service_id, level_number) do nothing;
  insert into public.sri_functionality_levels (id, service_id, level_number, official_description)
  values ('cdf28582-b660-554f-813b-e86ae6dfa526', 'e2075775-2e8c-5aa2-b6da-39e55afba44d', 3, '{"en": "Heat storage capable of flexible control through grid signals (e.g. DSM)"}'::jsonb) on conflict (service_id, level_number) do nothing;
  insert into public.sri_functionality_level_impact_scores (functionality_level_id, impact_criterion_id, score)
  values ('d07b8dd3-a4e2-5030-8757-9bf108856e9b', (select id from public.sri_impact_criteria where methodology_version_id=v_mid and code='energy_efficiency'), 0) on conflict (functionality_level_id, impact_criterion_id) do nothing;
  insert into public.sri_functionality_level_impact_scores (functionality_level_id, impact_criterion_id, score)
  values ('d07b8dd3-a4e2-5030-8757-9bf108856e9b', (select id from public.sri_impact_criteria where methodology_version_id=v_mid and code='energy_flexibility_and_storage'), 0) on conflict (functionality_level_id, impact_criterion_id) do nothing;
  insert into public.sri_functionality_level_impact_scores (functionality_level_id, impact_criterion_id, score)
  values ('d07b8dd3-a4e2-5030-8757-9bf108856e9b', (select id from public.sri_impact_criteria where methodology_version_id=v_mid and code='comfort'), 0) on conflict (functionality_level_id, impact_criterion_id) do nothing;
  insert into public.sri_functionality_level_impact_scores (functionality_level_id, impact_criterion_id, score)
  values ('d07b8dd3-a4e2-5030-8757-9bf108856e9b', (select id from public.sri_impact_criteria where methodology_version_id=v_mid and code='convenience'), 0) on conflict (functionality_level_id, impact_criterion_id) do nothing;
  insert into public.sri_functionality_level_impact_scores (functionality_level_id, impact_criterion_id, score)
  values ('d07b8dd3-a4e2-5030-8757-9bf108856e9b', (select id from public.sri_impact_criteria where methodology_version_id=v_mid and code='health_wellbeing_accessibility'), 0) on conflict (functionality_level_id, impact_criterion_id) do nothing;
  insert into public.sri_functionality_level_impact_scores (functionality_level_id, impact_criterion_id, score)
  values ('d07b8dd3-a4e2-5030-8757-9bf108856e9b', (select id from public.sri_impact_criteria where methodology_version_id=v_mid and code='maintenance_and_fault_prediction'), 0) on conflict (functionality_level_id, impact_criterion_id) do nothing;
  insert into public.sri_functionality_level_impact_scores (functionality_level_id, impact_criterion_id, score)
  values ('d07b8dd3-a4e2-5030-8757-9bf108856e9b', (select id from public.sri_impact_criteria where methodology_version_id=v_mid and code='information_to_occupants'), 0) on conflict (functionality_level_id, impact_criterion_id) do nothing;
  insert into public.sri_functionality_level_impact_scores (functionality_level_id, impact_criterion_id, score)
  values ('85d94da3-f260-5992-88f4-8f95974b0c18', (select id from public.sri_impact_criteria where methodology_version_id=v_mid and code='energy_efficiency'), 1) on conflict (functionality_level_id, impact_criterion_id) do nothing;
  insert into public.sri_functionality_level_impact_scores (functionality_level_id, impact_criterion_id, score)
  values ('85d94da3-f260-5992-88f4-8f95974b0c18', (select id from public.sri_impact_criteria where methodology_version_id=v_mid and code='energy_flexibility_and_storage'), 0) on conflict (functionality_level_id, impact_criterion_id) do nothing;
  insert into public.sri_functionality_level_impact_scores (functionality_level_id, impact_criterion_id, score)
  values ('85d94da3-f260-5992-88f4-8f95974b0c18', (select id from public.sri_impact_criteria where methodology_version_id=v_mid and code='comfort'), 0) on conflict (functionality_level_id, impact_criterion_id) do nothing;
  insert into public.sri_functionality_level_impact_scores (functionality_level_id, impact_criterion_id, score)
  values ('85d94da3-f260-5992-88f4-8f95974b0c18', (select id from public.sri_impact_criteria where methodology_version_id=v_mid and code='convenience'), 0) on conflict (functionality_level_id, impact_criterion_id) do nothing;
  insert into public.sri_functionality_level_impact_scores (functionality_level_id, impact_criterion_id, score)
  values ('85d94da3-f260-5992-88f4-8f95974b0c18', (select id from public.sri_impact_criteria where methodology_version_id=v_mid and code='health_wellbeing_accessibility'), 0) on conflict (functionality_level_id, impact_criterion_id) do nothing;
  insert into public.sri_functionality_level_impact_scores (functionality_level_id, impact_criterion_id, score)
  values ('85d94da3-f260-5992-88f4-8f95974b0c18', (select id from public.sri_impact_criteria where methodology_version_id=v_mid and code='maintenance_and_fault_prediction'), 0) on conflict (functionality_level_id, impact_criterion_id) do nothing;
  insert into public.sri_functionality_level_impact_scores (functionality_level_id, impact_criterion_id, score)
  values ('85d94da3-f260-5992-88f4-8f95974b0c18', (select id from public.sri_impact_criteria where methodology_version_id=v_mid and code='information_to_occupants'), 0) on conflict (functionality_level_id, impact_criterion_id) do nothing;
  insert into public.sri_functionality_level_impact_scores (functionality_level_id, impact_criterion_id, score)
  values ('0df53935-ec4a-5eae-b924-67343df98b03', (select id from public.sri_impact_criteria where methodology_version_id=v_mid and code='energy_efficiency'), 2) on conflict (functionality_level_id, impact_criterion_id) do nothing;
  insert into public.sri_functionality_level_impact_scores (functionality_level_id, impact_criterion_id, score)
  values ('0df53935-ec4a-5eae-b924-67343df98b03', (select id from public.sri_impact_criteria where methodology_version_id=v_mid and code='energy_flexibility_and_storage'), 1) on conflict (functionality_level_id, impact_criterion_id) do nothing;
  insert into public.sri_functionality_level_impact_scores (functionality_level_id, impact_criterion_id, score)
  values ('0df53935-ec4a-5eae-b924-67343df98b03', (select id from public.sri_impact_criteria where methodology_version_id=v_mid and code='comfort'), 0) on conflict (functionality_level_id, impact_criterion_id) do nothing;
  insert into public.sri_functionality_level_impact_scores (functionality_level_id, impact_criterion_id, score)
  values ('0df53935-ec4a-5eae-b924-67343df98b03', (select id from public.sri_impact_criteria where methodology_version_id=v_mid and code='convenience'), 0) on conflict (functionality_level_id, impact_criterion_id) do nothing;
  insert into public.sri_functionality_level_impact_scores (functionality_level_id, impact_criterion_id, score)
  values ('0df53935-ec4a-5eae-b924-67343df98b03', (select id from public.sri_impact_criteria where methodology_version_id=v_mid and code='health_wellbeing_accessibility'), 0) on conflict (functionality_level_id, impact_criterion_id) do nothing;
  insert into public.sri_functionality_level_impact_scores (functionality_level_id, impact_criterion_id, score)
  values ('0df53935-ec4a-5eae-b924-67343df98b03', (select id from public.sri_impact_criteria where methodology_version_id=v_mid and code='maintenance_and_fault_prediction'), 0) on conflict (functionality_level_id, impact_criterion_id) do nothing;
  insert into public.sri_functionality_level_impact_scores (functionality_level_id, impact_criterion_id, score)
  values ('0df53935-ec4a-5eae-b924-67343df98b03', (select id from public.sri_impact_criteria where methodology_version_id=v_mid and code='information_to_occupants'), 0) on conflict (functionality_level_id, impact_criterion_id) do nothing;
  insert into public.sri_functionality_level_impact_scores (functionality_level_id, impact_criterion_id, score)
  values ('cdf28582-b660-554f-813b-e86ae6dfa526', (select id from public.sri_impact_criteria where methodology_version_id=v_mid and code='energy_efficiency'), 2) on conflict (functionality_level_id, impact_criterion_id) do nothing;
  insert into public.sri_functionality_level_impact_scores (functionality_level_id, impact_criterion_id, score)
  values ('cdf28582-b660-554f-813b-e86ae6dfa526', (select id from public.sri_impact_criteria where methodology_version_id=v_mid and code='energy_flexibility_and_storage'), 2) on conflict (functionality_level_id, impact_criterion_id) do nothing;
  insert into public.sri_functionality_level_impact_scores (functionality_level_id, impact_criterion_id, score)
  values ('cdf28582-b660-554f-813b-e86ae6dfa526', (select id from public.sri_impact_criteria where methodology_version_id=v_mid and code='comfort'), 0) on conflict (functionality_level_id, impact_criterion_id) do nothing;
  insert into public.sri_functionality_level_impact_scores (functionality_level_id, impact_criterion_id, score)
  values ('cdf28582-b660-554f-813b-e86ae6dfa526', (select id from public.sri_impact_criteria where methodology_version_id=v_mid and code='convenience'), 0) on conflict (functionality_level_id, impact_criterion_id) do nothing;
  insert into public.sri_functionality_level_impact_scores (functionality_level_id, impact_criterion_id, score)
  values ('cdf28582-b660-554f-813b-e86ae6dfa526', (select id from public.sri_impact_criteria where methodology_version_id=v_mid and code='health_wellbeing_accessibility'), 0) on conflict (functionality_level_id, impact_criterion_id) do nothing;
  insert into public.sri_functionality_level_impact_scores (functionality_level_id, impact_criterion_id, score)
  values ('cdf28582-b660-554f-813b-e86ae6dfa526', (select id from public.sri_impact_criteria where methodology_version_id=v_mid and code='maintenance_and_fault_prediction'), 0) on conflict (functionality_level_id, impact_criterion_id) do nothing;
  insert into public.sri_functionality_level_impact_scores (functionality_level_id, impact_criterion_id, score)
  values ('cdf28582-b660-554f-813b-e86ae6dfa526', (select id from public.sri_impact_criteria where methodology_version_id=v_mid and code='information_to_occupants'), 0) on conflict (functionality_level_id, impact_criterion_id) do nothing;

  insert into public.sri_services (id, catalogue_id, domain_id, official_code, internal_code, sort_order, official_name, service_group, purpose, when_applicable, typical_devices, preconditions, fl_max, included_in_method_a, included_in_method_b, triage_affects_max, applicability_mode, mutual_exclusion_group, standards_basis, provenance)
  values ('bf05aebc-8d63-5f7e-8b21-8d06892ee297', v_cat, (select id from public.sri_technical_domains where methodology_version_id=v_mid and code='heating'), 'H-2a', 'H-06', 6, '{"en": "Heat generator control (all except heat pumps)", "pl": "Sterowanie wytwarzaniem ciepła (pompy ciepła)"}'::jsonb, 'Control heat production facilities', '{"en": "Advanced control of heat pump operation including bivalent and hybrid modes."}'::jsonb, '{"en": "When heat pumps provide space heating."}'::jsonb, '{"HP outdoor unit controllers","BMS integration","Smart tariffs interface"}', 'Only applicable in case of combustion heater or district heating', 2, true, true, false, 'smart_ready', null, '{"EN ISO 52120-1","DG ENER study — extended FL for HP"}', 'VERIFIED_ANNEX_D')
  on conflict (catalogue_id, official_code) do nothing;
  insert into public.sri_functionality_levels (id, service_id, level_number, official_description)
  values ('01928150-538e-57fc-a47e-359faf5546e9', 'bf05aebc-8d63-5f7e-8b21-8d06892ee297', 0, '{"en": "Constant temperature control"}'::jsonb) on conflict (service_id, level_number) do nothing;
  insert into public.sri_functionality_levels (id, service_id, level_number, official_description)
  values ('b54c25f3-f0fe-5bcb-becc-a0d09daed838', 'bf05aebc-8d63-5f7e-8b21-8d06892ee297', 1, '{"en": "Variable temperature control depending on outdoor temperature"}'::jsonb) on conflict (service_id, level_number) do nothing;
  insert into public.sri_functionality_levels (id, service_id, level_number, official_description)
  values ('37e5fce3-d0ce-505e-8020-759e2434d544', 'bf05aebc-8d63-5f7e-8b21-8d06892ee297', 2, '{"en": "Variable temperature control depending on the load (e.g. depending on supply water temperature set point)"}'::jsonb) on conflict (service_id, level_number) do nothing;
  insert into public.sri_functionality_level_impact_scores (functionality_level_id, impact_criterion_id, score)
  values ('01928150-538e-57fc-a47e-359faf5546e9', (select id from public.sri_impact_criteria where methodology_version_id=v_mid and code='energy_efficiency'), 0) on conflict (functionality_level_id, impact_criterion_id) do nothing;
  insert into public.sri_functionality_level_impact_scores (functionality_level_id, impact_criterion_id, score)
  values ('01928150-538e-57fc-a47e-359faf5546e9', (select id from public.sri_impact_criteria where methodology_version_id=v_mid and code='energy_flexibility_and_storage'), 0) on conflict (functionality_level_id, impact_criterion_id) do nothing;
  insert into public.sri_functionality_level_impact_scores (functionality_level_id, impact_criterion_id, score)
  values ('01928150-538e-57fc-a47e-359faf5546e9', (select id from public.sri_impact_criteria where methodology_version_id=v_mid and code='comfort'), 0) on conflict (functionality_level_id, impact_criterion_id) do nothing;
  insert into public.sri_functionality_level_impact_scores (functionality_level_id, impact_criterion_id, score)
  values ('01928150-538e-57fc-a47e-359faf5546e9', (select id from public.sri_impact_criteria where methodology_version_id=v_mid and code='convenience'), 0) on conflict (functionality_level_id, impact_criterion_id) do nothing;
  insert into public.sri_functionality_level_impact_scores (functionality_level_id, impact_criterion_id, score)
  values ('01928150-538e-57fc-a47e-359faf5546e9', (select id from public.sri_impact_criteria where methodology_version_id=v_mid and code='health_wellbeing_accessibility'), 0) on conflict (functionality_level_id, impact_criterion_id) do nothing;
  insert into public.sri_functionality_level_impact_scores (functionality_level_id, impact_criterion_id, score)
  values ('01928150-538e-57fc-a47e-359faf5546e9', (select id from public.sri_impact_criteria where methodology_version_id=v_mid and code='maintenance_and_fault_prediction'), 0) on conflict (functionality_level_id, impact_criterion_id) do nothing;
  insert into public.sri_functionality_level_impact_scores (functionality_level_id, impact_criterion_id, score)
  values ('01928150-538e-57fc-a47e-359faf5546e9', (select id from public.sri_impact_criteria where methodology_version_id=v_mid and code='information_to_occupants'), 0) on conflict (functionality_level_id, impact_criterion_id) do nothing;
  insert into public.sri_functionality_level_impact_scores (functionality_level_id, impact_criterion_id, score)
  values ('b54c25f3-f0fe-5bcb-becc-a0d09daed838', (select id from public.sri_impact_criteria where methodology_version_id=v_mid and code='energy_efficiency'), 1) on conflict (functionality_level_id, impact_criterion_id) do nothing;
  insert into public.sri_functionality_level_impact_scores (functionality_level_id, impact_criterion_id, score)
  values ('b54c25f3-f0fe-5bcb-becc-a0d09daed838', (select id from public.sri_impact_criteria where methodology_version_id=v_mid and code='energy_flexibility_and_storage'), 0) on conflict (functionality_level_id, impact_criterion_id) do nothing;
  insert into public.sri_functionality_level_impact_scores (functionality_level_id, impact_criterion_id, score)
  values ('b54c25f3-f0fe-5bcb-becc-a0d09daed838', (select id from public.sri_impact_criteria where methodology_version_id=v_mid and code='comfort'), 1) on conflict (functionality_level_id, impact_criterion_id) do nothing;
  insert into public.sri_functionality_level_impact_scores (functionality_level_id, impact_criterion_id, score)
  values ('b54c25f3-f0fe-5bcb-becc-a0d09daed838', (select id from public.sri_impact_criteria where methodology_version_id=v_mid and code='convenience'), 0) on conflict (functionality_level_id, impact_criterion_id) do nothing;
  insert into public.sri_functionality_level_impact_scores (functionality_level_id, impact_criterion_id, score)
  values ('b54c25f3-f0fe-5bcb-becc-a0d09daed838', (select id from public.sri_impact_criteria where methodology_version_id=v_mid and code='health_wellbeing_accessibility'), 0) on conflict (functionality_level_id, impact_criterion_id) do nothing;
  insert into public.sri_functionality_level_impact_scores (functionality_level_id, impact_criterion_id, score)
  values ('b54c25f3-f0fe-5bcb-becc-a0d09daed838', (select id from public.sri_impact_criteria where methodology_version_id=v_mid and code='maintenance_and_fault_prediction'), 0) on conflict (functionality_level_id, impact_criterion_id) do nothing;
  insert into public.sri_functionality_level_impact_scores (functionality_level_id, impact_criterion_id, score)
  values ('b54c25f3-f0fe-5bcb-becc-a0d09daed838', (select id from public.sri_impact_criteria where methodology_version_id=v_mid and code='information_to_occupants'), 0) on conflict (functionality_level_id, impact_criterion_id) do nothing;
  insert into public.sri_functionality_level_impact_scores (functionality_level_id, impact_criterion_id, score)
  values ('37e5fce3-d0ce-505e-8020-759e2434d544', (select id from public.sri_impact_criteria where methodology_version_id=v_mid and code='energy_efficiency'), 2) on conflict (functionality_level_id, impact_criterion_id) do nothing;
  insert into public.sri_functionality_level_impact_scores (functionality_level_id, impact_criterion_id, score)
  values ('37e5fce3-d0ce-505e-8020-759e2434d544', (select id from public.sri_impact_criteria where methodology_version_id=v_mid and code='energy_flexibility_and_storage'), 0) on conflict (functionality_level_id, impact_criterion_id) do nothing;
  insert into public.sri_functionality_level_impact_scores (functionality_level_id, impact_criterion_id, score)
  values ('37e5fce3-d0ce-505e-8020-759e2434d544', (select id from public.sri_impact_criteria where methodology_version_id=v_mid and code='comfort'), 2) on conflict (functionality_level_id, impact_criterion_id) do nothing;
  insert into public.sri_functionality_level_impact_scores (functionality_level_id, impact_criterion_id, score)
  values ('37e5fce3-d0ce-505e-8020-759e2434d544', (select id from public.sri_impact_criteria where methodology_version_id=v_mid and code='convenience'), 0) on conflict (functionality_level_id, impact_criterion_id) do nothing;
  insert into public.sri_functionality_level_impact_scores (functionality_level_id, impact_criterion_id, score)
  values ('37e5fce3-d0ce-505e-8020-759e2434d544', (select id from public.sri_impact_criteria where methodology_version_id=v_mid and code='health_wellbeing_accessibility'), 0) on conflict (functionality_level_id, impact_criterion_id) do nothing;
  insert into public.sri_functionality_level_impact_scores (functionality_level_id, impact_criterion_id, score)
  values ('37e5fce3-d0ce-505e-8020-759e2434d544', (select id from public.sri_impact_criteria where methodology_version_id=v_mid and code='maintenance_and_fault_prediction'), 0) on conflict (functionality_level_id, impact_criterion_id) do nothing;
  insert into public.sri_functionality_level_impact_scores (functionality_level_id, impact_criterion_id, score)
  values ('37e5fce3-d0ce-505e-8020-759e2434d544', (select id from public.sri_impact_criteria where methodology_version_id=v_mid and code='information_to_occupants'), 0) on conflict (functionality_level_id, impact_criterion_id) do nothing;

  insert into public.sri_services (id, catalogue_id, domain_id, official_code, internal_code, sort_order, official_name, service_group, purpose, when_applicable, typical_devices, preconditions, fl_max, included_in_method_a, included_in_method_b, triage_affects_max, applicability_mode, mutual_exclusion_group, standards_basis, provenance)
  values ('55f83fdd-c3ad-5ff3-b793-eb949d2e6894', v_cat, (select id from public.sri_technical_domains where methodology_version_id=v_mid and code='heating'), 'H-2b', 'H-07', 7, '{"en": "Heat generator control (for heat pumps)", "pl": "Sterowanie magazynem energii cieplnej (ogrzewanie)"}'::jsonb, 'Control heat production facilities', '{"en": "Charge/discharge thermal storage aligned with demand and tariffs."}'::jsonb, '{"en": "When buffer tanks or seasonal storage (excluding TABS) exist."}'::jsonb, '{"Buffer tank controllers","TES charging logic"}', 'Only applicable in case of heat pumps', 3, true, true, false, 'smart_ready', null, '{"EN ISO 52120-1"}', 'VERIFIED_ANNEX_D')
  on conflict (catalogue_id, official_code) do nothing;
  insert into public.sri_functionality_levels (id, service_id, level_number, official_description)
  values ('48b2e779-f6c6-5643-b3ca-c74321d75c40', '55f83fdd-c3ad-5ff3-b793-eb949d2e6894', 0, '{"en": "On/Off-control of heat generator"}'::jsonb) on conflict (service_id, level_number) do nothing;
  insert into public.sri_functionality_levels (id, service_id, level_number, official_description)
  values ('74b07392-6e38-5fdd-a8be-d6f2abad6ef3', '55f83fdd-c3ad-5ff3-b793-eb949d2e6894', 1, '{"en": "Multi-stage control of heat generator capacity depending on the load or demand (e.g. on/off of several compressors)"}'::jsonb) on conflict (service_id, level_number) do nothing;
  insert into public.sri_functionality_levels (id, service_id, level_number, official_description)
  values ('63192d23-2a79-597e-b34a-8fde5eef7eb2', '55f83fdd-c3ad-5ff3-b793-eb949d2e6894', 2, '{"en": "Variable control of heat generator capacity depending on the load or demand (e.g. hot gas bypass, inverter frequency control)"}'::jsonb) on conflict (service_id, level_number) do nothing;
  insert into public.sri_functionality_levels (id, service_id, level_number, official_description)
  values ('10d08a02-4795-5f64-b123-a2098b1f0cc0', '55f83fdd-c3ad-5ff3-b793-eb949d2e6894', 3, '{"en": "Variable control of heat generator capacity depending on the load AND external signals from grid"}'::jsonb) on conflict (service_id, level_number) do nothing;
  insert into public.sri_functionality_level_impact_scores (functionality_level_id, impact_criterion_id, score)
  values ('48b2e779-f6c6-5643-b3ca-c74321d75c40', (select id from public.sri_impact_criteria where methodology_version_id=v_mid and code='energy_efficiency'), 0) on conflict (functionality_level_id, impact_criterion_id) do nothing;
  insert into public.sri_functionality_level_impact_scores (functionality_level_id, impact_criterion_id, score)
  values ('48b2e779-f6c6-5643-b3ca-c74321d75c40', (select id from public.sri_impact_criteria where methodology_version_id=v_mid and code='energy_flexibility_and_storage'), 0) on conflict (functionality_level_id, impact_criterion_id) do nothing;
  insert into public.sri_functionality_level_impact_scores (functionality_level_id, impact_criterion_id, score)
  values ('48b2e779-f6c6-5643-b3ca-c74321d75c40', (select id from public.sri_impact_criteria where methodology_version_id=v_mid and code='comfort'), 0) on conflict (functionality_level_id, impact_criterion_id) do nothing;
  insert into public.sri_functionality_level_impact_scores (functionality_level_id, impact_criterion_id, score)
  values ('48b2e779-f6c6-5643-b3ca-c74321d75c40', (select id from public.sri_impact_criteria where methodology_version_id=v_mid and code='convenience'), 0) on conflict (functionality_level_id, impact_criterion_id) do nothing;
  insert into public.sri_functionality_level_impact_scores (functionality_level_id, impact_criterion_id, score)
  values ('48b2e779-f6c6-5643-b3ca-c74321d75c40', (select id from public.sri_impact_criteria where methodology_version_id=v_mid and code='health_wellbeing_accessibility'), 0) on conflict (functionality_level_id, impact_criterion_id) do nothing;
  insert into public.sri_functionality_level_impact_scores (functionality_level_id, impact_criterion_id, score)
  values ('48b2e779-f6c6-5643-b3ca-c74321d75c40', (select id from public.sri_impact_criteria where methodology_version_id=v_mid and code='maintenance_and_fault_prediction'), 0) on conflict (functionality_level_id, impact_criterion_id) do nothing;
  insert into public.sri_functionality_level_impact_scores (functionality_level_id, impact_criterion_id, score)
  values ('48b2e779-f6c6-5643-b3ca-c74321d75c40', (select id from public.sri_impact_criteria where methodology_version_id=v_mid and code='information_to_occupants'), 0) on conflict (functionality_level_id, impact_criterion_id) do nothing;
  insert into public.sri_functionality_level_impact_scores (functionality_level_id, impact_criterion_id, score)
  values ('74b07392-6e38-5fdd-a8be-d6f2abad6ef3', (select id from public.sri_impact_criteria where methodology_version_id=v_mid and code='energy_efficiency'), 1) on conflict (functionality_level_id, impact_criterion_id) do nothing;
  insert into public.sri_functionality_level_impact_scores (functionality_level_id, impact_criterion_id, score)
  values ('74b07392-6e38-5fdd-a8be-d6f2abad6ef3', (select id from public.sri_impact_criteria where methodology_version_id=v_mid and code='energy_flexibility_and_storage'), 1) on conflict (functionality_level_id, impact_criterion_id) do nothing;
  insert into public.sri_functionality_level_impact_scores (functionality_level_id, impact_criterion_id, score)
  values ('74b07392-6e38-5fdd-a8be-d6f2abad6ef3', (select id from public.sri_impact_criteria where methodology_version_id=v_mid and code='comfort'), 1) on conflict (functionality_level_id, impact_criterion_id) do nothing;
  insert into public.sri_functionality_level_impact_scores (functionality_level_id, impact_criterion_id, score)
  values ('74b07392-6e38-5fdd-a8be-d6f2abad6ef3', (select id from public.sri_impact_criteria where methodology_version_id=v_mid and code='convenience'), 0) on conflict (functionality_level_id, impact_criterion_id) do nothing;
  insert into public.sri_functionality_level_impact_scores (functionality_level_id, impact_criterion_id, score)
  values ('74b07392-6e38-5fdd-a8be-d6f2abad6ef3', (select id from public.sri_impact_criteria where methodology_version_id=v_mid and code='health_wellbeing_accessibility'), 0) on conflict (functionality_level_id, impact_criterion_id) do nothing;
  insert into public.sri_functionality_level_impact_scores (functionality_level_id, impact_criterion_id, score)
  values ('74b07392-6e38-5fdd-a8be-d6f2abad6ef3', (select id from public.sri_impact_criteria where methodology_version_id=v_mid and code='maintenance_and_fault_prediction'), 0) on conflict (functionality_level_id, impact_criterion_id) do nothing;
  insert into public.sri_functionality_level_impact_scores (functionality_level_id, impact_criterion_id, score)
  values ('74b07392-6e38-5fdd-a8be-d6f2abad6ef3', (select id from public.sri_impact_criteria where methodology_version_id=v_mid and code='information_to_occupants'), 0) on conflict (functionality_level_id, impact_criterion_id) do nothing;
  insert into public.sri_functionality_level_impact_scores (functionality_level_id, impact_criterion_id, score)
  values ('63192d23-2a79-597e-b34a-8fde5eef7eb2', (select id from public.sri_impact_criteria where methodology_version_id=v_mid and code='energy_efficiency'), 2) on conflict (functionality_level_id, impact_criterion_id) do nothing;
  insert into public.sri_functionality_level_impact_scores (functionality_level_id, impact_criterion_id, score)
  values ('63192d23-2a79-597e-b34a-8fde5eef7eb2', (select id from public.sri_impact_criteria where methodology_version_id=v_mid and code='energy_flexibility_and_storage'), 1) on conflict (functionality_level_id, impact_criterion_id) do nothing;
  insert into public.sri_functionality_level_impact_scores (functionality_level_id, impact_criterion_id, score)
  values ('63192d23-2a79-597e-b34a-8fde5eef7eb2', (select id from public.sri_impact_criteria where methodology_version_id=v_mid and code='comfort'), 2) on conflict (functionality_level_id, impact_criterion_id) do nothing;
  insert into public.sri_functionality_level_impact_scores (functionality_level_id, impact_criterion_id, score)
  values ('63192d23-2a79-597e-b34a-8fde5eef7eb2', (select id from public.sri_impact_criteria where methodology_version_id=v_mid and code='convenience'), 0) on conflict (functionality_level_id, impact_criterion_id) do nothing;
  insert into public.sri_functionality_level_impact_scores (functionality_level_id, impact_criterion_id, score)
  values ('63192d23-2a79-597e-b34a-8fde5eef7eb2', (select id from public.sri_impact_criteria where methodology_version_id=v_mid and code='health_wellbeing_accessibility'), 0) on conflict (functionality_level_id, impact_criterion_id) do nothing;
  insert into public.sri_functionality_level_impact_scores (functionality_level_id, impact_criterion_id, score)
  values ('63192d23-2a79-597e-b34a-8fde5eef7eb2', (select id from public.sri_impact_criteria where methodology_version_id=v_mid and code='maintenance_and_fault_prediction'), 0) on conflict (functionality_level_id, impact_criterion_id) do nothing;
  insert into public.sri_functionality_level_impact_scores (functionality_level_id, impact_criterion_id, score)
  values ('63192d23-2a79-597e-b34a-8fde5eef7eb2', (select id from public.sri_impact_criteria where methodology_version_id=v_mid and code='information_to_occupants'), 0) on conflict (functionality_level_id, impact_criterion_id) do nothing;
  insert into public.sri_functionality_level_impact_scores (functionality_level_id, impact_criterion_id, score)
  values ('10d08a02-4795-5f64-b123-a2098b1f0cc0', (select id from public.sri_impact_criteria where methodology_version_id=v_mid and code='energy_efficiency'), 2) on conflict (functionality_level_id, impact_criterion_id) do nothing;
  insert into public.sri_functionality_level_impact_scores (functionality_level_id, impact_criterion_id, score)
  values ('10d08a02-4795-5f64-b123-a2098b1f0cc0', (select id from public.sri_impact_criteria where methodology_version_id=v_mid and code='energy_flexibility_and_storage'), 3) on conflict (functionality_level_id, impact_criterion_id) do nothing;
  insert into public.sri_functionality_level_impact_scores (functionality_level_id, impact_criterion_id, score)
  values ('10d08a02-4795-5f64-b123-a2098b1f0cc0', (select id from public.sri_impact_criteria where methodology_version_id=v_mid and code='comfort'), 2) on conflict (functionality_level_id, impact_criterion_id) do nothing;
  insert into public.sri_functionality_level_impact_scores (functionality_level_id, impact_criterion_id, score)
  values ('10d08a02-4795-5f64-b123-a2098b1f0cc0', (select id from public.sri_impact_criteria where methodology_version_id=v_mid and code='convenience'), 0) on conflict (functionality_level_id, impact_criterion_id) do nothing;
  insert into public.sri_functionality_level_impact_scores (functionality_level_id, impact_criterion_id, score)
  values ('10d08a02-4795-5f64-b123-a2098b1f0cc0', (select id from public.sri_impact_criteria where methodology_version_id=v_mid and code='health_wellbeing_accessibility'), 0) on conflict (functionality_level_id, impact_criterion_id) do nothing;
  insert into public.sri_functionality_level_impact_scores (functionality_level_id, impact_criterion_id, score)
  values ('10d08a02-4795-5f64-b123-a2098b1f0cc0', (select id from public.sri_impact_criteria where methodology_version_id=v_mid and code='maintenance_and_fault_prediction'), 0) on conflict (functionality_level_id, impact_criterion_id) do nothing;
  insert into public.sri_functionality_level_impact_scores (functionality_level_id, impact_criterion_id, score)
  values ('10d08a02-4795-5f64-b123-a2098b1f0cc0', (select id from public.sri_impact_criteria where methodology_version_id=v_mid and code='information_to_occupants'), 0) on conflict (functionality_level_id, impact_criterion_id) do nothing;

  insert into public.sri_services (id, catalogue_id, domain_id, official_code, internal_code, sort_order, official_name, service_group, purpose, when_applicable, typical_devices, preconditions, fl_max, included_in_method_a, included_in_method_b, triage_affects_max, applicability_mode, mutual_exclusion_group, standards_basis, provenance)
  values ('298f402a-cf0f-52a4-9b35-bdcb0087463b', v_cat, (select id from public.sri_technical_domains where methodology_version_id=v_mid and code='heating'), 'H-2d', 'H-08', 8, '{"en": "Sequencing in case of different heat generators", "pl": "Sekwencjonowanie wielu źródeł ciepła"}'::jsonb, 'Control heat production facilities', '{"en": "Optimally switch between multiple heat sources."}'::jsonb, '{"en": "When more than one heat generator is installed (mutually exclusive operation)."}'::jsonb, '{"Cascade controllers","BMS sequencing logic"}', 'Only applicable in case of multiple heat generators, mostly restricted to large buildings', 4, false, true, false, 'smart_ready', 'heat_generator_type', '{"EN ISO 52120-1"}', 'VERIFIED_ANNEX_D')
  on conflict (catalogue_id, official_code) do nothing;
  insert into public.sri_functionality_levels (id, service_id, level_number, official_description)
  values ('537493ed-b6aa-5328-8539-5723e5b6b103', '298f402a-cf0f-52a4-9b35-bdcb0087463b', 0, '{"en": "Priorities only based on running time"}'::jsonb) on conflict (service_id, level_number) do nothing;
  insert into public.sri_functionality_levels (id, service_id, level_number, official_description)
  values ('70cf80b3-e877-5e1f-959c-f6d86756dedc', '298f402a-cf0f-52a4-9b35-bdcb0087463b', 1, '{"en": "Control according to fixed priority list: e.g. based on rated energy efficiency"}'::jsonb) on conflict (service_id, level_number) do nothing;
  insert into public.sri_functionality_levels (id, service_id, level_number, official_description)
  values ('2a7bac85-bced-5067-ba5f-dc07a85f0ee6', '298f402a-cf0f-52a4-9b35-bdcb0087463b', 2, '{"en": "Control according to dynamic priority list (based on current energy efficiency, carbon emissions and capacity of generators, e.g. solar, geothermal heat, cogeneration plant, fossil fuels)"}'::jsonb) on conflict (service_id, level_number) do nothing;
  insert into public.sri_functionality_levels (id, service_id, level_number, official_description)
  values ('91ffc69e-a6e4-5f1a-a1d3-9e4e1d11f675', '298f402a-cf0f-52a4-9b35-bdcb0087463b', 3, '{"en": "Control according to dynamic priority list (based on current AND predicted load, energy efficiency, carbon emissions  and capacity of generators)"}'::jsonb) on conflict (service_id, level_number) do nothing;
  insert into public.sri_functionality_levels (id, service_id, level_number, official_description)
  values ('c8b05038-4076-5a09-8f2b-6159978d9788', '298f402a-cf0f-52a4-9b35-bdcb0087463b', 4, '{"en": "Control according to dynamic priority list (based on current AND predicted load, energy efficiency, carbon emissions, capacity of generators AND external signals from grid)"}'::jsonb) on conflict (service_id, level_number) do nothing;
  insert into public.sri_functionality_level_impact_scores (functionality_level_id, impact_criterion_id, score)
  values ('537493ed-b6aa-5328-8539-5723e5b6b103', (select id from public.sri_impact_criteria where methodology_version_id=v_mid and code='energy_efficiency'), 0) on conflict (functionality_level_id, impact_criterion_id) do nothing;
  insert into public.sri_functionality_level_impact_scores (functionality_level_id, impact_criterion_id, score)
  values ('537493ed-b6aa-5328-8539-5723e5b6b103', (select id from public.sri_impact_criteria where methodology_version_id=v_mid and code='energy_flexibility_and_storage'), 0) on conflict (functionality_level_id, impact_criterion_id) do nothing;
  insert into public.sri_functionality_level_impact_scores (functionality_level_id, impact_criterion_id, score)
  values ('537493ed-b6aa-5328-8539-5723e5b6b103', (select id from public.sri_impact_criteria where methodology_version_id=v_mid and code='comfort'), 0) on conflict (functionality_level_id, impact_criterion_id) do nothing;
  insert into public.sri_functionality_level_impact_scores (functionality_level_id, impact_criterion_id, score)
  values ('537493ed-b6aa-5328-8539-5723e5b6b103', (select id from public.sri_impact_criteria where methodology_version_id=v_mid and code='convenience'), 0) on conflict (functionality_level_id, impact_criterion_id) do nothing;
  insert into public.sri_functionality_level_impact_scores (functionality_level_id, impact_criterion_id, score)
  values ('537493ed-b6aa-5328-8539-5723e5b6b103', (select id from public.sri_impact_criteria where methodology_version_id=v_mid and code='health_wellbeing_accessibility'), 0) on conflict (functionality_level_id, impact_criterion_id) do nothing;
  insert into public.sri_functionality_level_impact_scores (functionality_level_id, impact_criterion_id, score)
  values ('537493ed-b6aa-5328-8539-5723e5b6b103', (select id from public.sri_impact_criteria where methodology_version_id=v_mid and code='maintenance_and_fault_prediction'), 0) on conflict (functionality_level_id, impact_criterion_id) do nothing;
  insert into public.sri_functionality_level_impact_scores (functionality_level_id, impact_criterion_id, score)
  values ('537493ed-b6aa-5328-8539-5723e5b6b103', (select id from public.sri_impact_criteria where methodology_version_id=v_mid and code='information_to_occupants'), 0) on conflict (functionality_level_id, impact_criterion_id) do nothing;
  insert into public.sri_functionality_level_impact_scores (functionality_level_id, impact_criterion_id, score)
  values ('70cf80b3-e877-5e1f-959c-f6d86756dedc', (select id from public.sri_impact_criteria where methodology_version_id=v_mid and code='energy_efficiency'), 1) on conflict (functionality_level_id, impact_criterion_id) do nothing;
  insert into public.sri_functionality_level_impact_scores (functionality_level_id, impact_criterion_id, score)
  values ('70cf80b3-e877-5e1f-959c-f6d86756dedc', (select id from public.sri_impact_criteria where methodology_version_id=v_mid and code='energy_flexibility_and_storage'), 0) on conflict (functionality_level_id, impact_criterion_id) do nothing;
  insert into public.sri_functionality_level_impact_scores (functionality_level_id, impact_criterion_id, score)
  values ('70cf80b3-e877-5e1f-959c-f6d86756dedc', (select id from public.sri_impact_criteria where methodology_version_id=v_mid and code='comfort'), 0) on conflict (functionality_level_id, impact_criterion_id) do nothing;
  insert into public.sri_functionality_level_impact_scores (functionality_level_id, impact_criterion_id, score)
  values ('70cf80b3-e877-5e1f-959c-f6d86756dedc', (select id from public.sri_impact_criteria where methodology_version_id=v_mid and code='convenience'), 0) on conflict (functionality_level_id, impact_criterion_id) do nothing;
  insert into public.sri_functionality_level_impact_scores (functionality_level_id, impact_criterion_id, score)
  values ('70cf80b3-e877-5e1f-959c-f6d86756dedc', (select id from public.sri_impact_criteria where methodology_version_id=v_mid and code='health_wellbeing_accessibility'), 0) on conflict (functionality_level_id, impact_criterion_id) do nothing;
  insert into public.sri_functionality_level_impact_scores (functionality_level_id, impact_criterion_id, score)
  values ('70cf80b3-e877-5e1f-959c-f6d86756dedc', (select id from public.sri_impact_criteria where methodology_version_id=v_mid and code='maintenance_and_fault_prediction'), 0) on conflict (functionality_level_id, impact_criterion_id) do nothing;
  insert into public.sri_functionality_level_impact_scores (functionality_level_id, impact_criterion_id, score)
  values ('70cf80b3-e877-5e1f-959c-f6d86756dedc', (select id from public.sri_impact_criteria where methodology_version_id=v_mid and code='information_to_occupants'), 0) on conflict (functionality_level_id, impact_criterion_id) do nothing;
  insert into public.sri_functionality_level_impact_scores (functionality_level_id, impact_criterion_id, score)
  values ('2a7bac85-bced-5067-ba5f-dc07a85f0ee6', (select id from public.sri_impact_criteria where methodology_version_id=v_mid and code='energy_efficiency'), 2) on conflict (functionality_level_id, impact_criterion_id) do nothing;
  insert into public.sri_functionality_level_impact_scores (functionality_level_id, impact_criterion_id, score)
  values ('2a7bac85-bced-5067-ba5f-dc07a85f0ee6', (select id from public.sri_impact_criteria where methodology_version_id=v_mid and code='energy_flexibility_and_storage'), 1) on conflict (functionality_level_id, impact_criterion_id) do nothing;
  insert into public.sri_functionality_level_impact_scores (functionality_level_id, impact_criterion_id, score)
  values ('2a7bac85-bced-5067-ba5f-dc07a85f0ee6', (select id from public.sri_impact_criteria where methodology_version_id=v_mid and code='comfort'), 0) on conflict (functionality_level_id, impact_criterion_id) do nothing;
  insert into public.sri_functionality_level_impact_scores (functionality_level_id, impact_criterion_id, score)
  values ('2a7bac85-bced-5067-ba5f-dc07a85f0ee6', (select id from public.sri_impact_criteria where methodology_version_id=v_mid and code='convenience'), 0) on conflict (functionality_level_id, impact_criterion_id) do nothing;
  insert into public.sri_functionality_level_impact_scores (functionality_level_id, impact_criterion_id, score)
  values ('2a7bac85-bced-5067-ba5f-dc07a85f0ee6', (select id from public.sri_impact_criteria where methodology_version_id=v_mid and code='health_wellbeing_accessibility'), 0) on conflict (functionality_level_id, impact_criterion_id) do nothing;
  insert into public.sri_functionality_level_impact_scores (functionality_level_id, impact_criterion_id, score)
  values ('2a7bac85-bced-5067-ba5f-dc07a85f0ee6', (select id from public.sri_impact_criteria where methodology_version_id=v_mid and code='maintenance_and_fault_prediction'), 0) on conflict (functionality_level_id, impact_criterion_id) do nothing;
  insert into public.sri_functionality_level_impact_scores (functionality_level_id, impact_criterion_id, score)
  values ('2a7bac85-bced-5067-ba5f-dc07a85f0ee6', (select id from public.sri_impact_criteria where methodology_version_id=v_mid and code='information_to_occupants'), 0) on conflict (functionality_level_id, impact_criterion_id) do nothing;
  insert into public.sri_functionality_level_impact_scores (functionality_level_id, impact_criterion_id, score)
  values ('91ffc69e-a6e4-5f1a-a1d3-9e4e1d11f675', (select id from public.sri_impact_criteria where methodology_version_id=v_mid and code='energy_efficiency'), 3) on conflict (functionality_level_id, impact_criterion_id) do nothing;
  insert into public.sri_functionality_level_impact_scores (functionality_level_id, impact_criterion_id, score)
  values ('91ffc69e-a6e4-5f1a-a1d3-9e4e1d11f675', (select id from public.sri_impact_criteria where methodology_version_id=v_mid and code='energy_flexibility_and_storage'), 2) on conflict (functionality_level_id, impact_criterion_id) do nothing;
  insert into public.sri_functionality_level_impact_scores (functionality_level_id, impact_criterion_id, score)
  values ('91ffc69e-a6e4-5f1a-a1d3-9e4e1d11f675', (select id from public.sri_impact_criteria where methodology_version_id=v_mid and code='comfort'), 0) on conflict (functionality_level_id, impact_criterion_id) do nothing;
  insert into public.sri_functionality_level_impact_scores (functionality_level_id, impact_criterion_id, score)
  values ('91ffc69e-a6e4-5f1a-a1d3-9e4e1d11f675', (select id from public.sri_impact_criteria where methodology_version_id=v_mid and code='convenience'), 0) on conflict (functionality_level_id, impact_criterion_id) do nothing;
  insert into public.sri_functionality_level_impact_scores (functionality_level_id, impact_criterion_id, score)
  values ('91ffc69e-a6e4-5f1a-a1d3-9e4e1d11f675', (select id from public.sri_impact_criteria where methodology_version_id=v_mid and code='health_wellbeing_accessibility'), 0) on conflict (functionality_level_id, impact_criterion_id) do nothing;
  insert into public.sri_functionality_level_impact_scores (functionality_level_id, impact_criterion_id, score)
  values ('91ffc69e-a6e4-5f1a-a1d3-9e4e1d11f675', (select id from public.sri_impact_criteria where methodology_version_id=v_mid and code='maintenance_and_fault_prediction'), 0) on conflict (functionality_level_id, impact_criterion_id) do nothing;
  insert into public.sri_functionality_level_impact_scores (functionality_level_id, impact_criterion_id, score)
  values ('91ffc69e-a6e4-5f1a-a1d3-9e4e1d11f675', (select id from public.sri_impact_criteria where methodology_version_id=v_mid and code='information_to_occupants'), 0) on conflict (functionality_level_id, impact_criterion_id) do nothing;
  insert into public.sri_functionality_level_impact_scores (functionality_level_id, impact_criterion_id, score)
  values ('c8b05038-4076-5a09-8f2b-6159978d9788', (select id from public.sri_impact_criteria where methodology_version_id=v_mid and code='energy_efficiency'), 3) on conflict (functionality_level_id, impact_criterion_id) do nothing;
  insert into public.sri_functionality_level_impact_scores (functionality_level_id, impact_criterion_id, score)
  values ('c8b05038-4076-5a09-8f2b-6159978d9788', (select id from public.sri_impact_criteria where methodology_version_id=v_mid and code='energy_flexibility_and_storage'), 3) on conflict (functionality_level_id, impact_criterion_id) do nothing;
  insert into public.sri_functionality_level_impact_scores (functionality_level_id, impact_criterion_id, score)
  values ('c8b05038-4076-5a09-8f2b-6159978d9788', (select id from public.sri_impact_criteria where methodology_version_id=v_mid and code='comfort'), 0) on conflict (functionality_level_id, impact_criterion_id) do nothing;
  insert into public.sri_functionality_level_impact_scores (functionality_level_id, impact_criterion_id, score)
  values ('c8b05038-4076-5a09-8f2b-6159978d9788', (select id from public.sri_impact_criteria where methodology_version_id=v_mid and code='convenience'), 0) on conflict (functionality_level_id, impact_criterion_id) do nothing;
  insert into public.sri_functionality_level_impact_scores (functionality_level_id, impact_criterion_id, score)
  values ('c8b05038-4076-5a09-8f2b-6159978d9788', (select id from public.sri_impact_criteria where methodology_version_id=v_mid and code='health_wellbeing_accessibility'), 0) on conflict (functionality_level_id, impact_criterion_id) do nothing;
  insert into public.sri_functionality_level_impact_scores (functionality_level_id, impact_criterion_id, score)
  values ('c8b05038-4076-5a09-8f2b-6159978d9788', (select id from public.sri_impact_criteria where methodology_version_id=v_mid and code='maintenance_and_fault_prediction'), 0) on conflict (functionality_level_id, impact_criterion_id) do nothing;
  insert into public.sri_functionality_level_impact_scores (functionality_level_id, impact_criterion_id, score)
  values ('c8b05038-4076-5a09-8f2b-6159978d9788', (select id from public.sri_impact_criteria where methodology_version_id=v_mid and code='information_to_occupants'), 0) on conflict (functionality_level_id, impact_criterion_id) do nothing;

  insert into public.sri_services (id, catalogue_id, domain_id, official_code, internal_code, sort_order, official_name, service_group, purpose, when_applicable, typical_devices, preconditions, fl_max, included_in_method_a, included_in_method_b, triage_affects_max, applicability_mode, mutual_exclusion_group, standards_basis, provenance)
  values ('4eec7447-e2ab-5fc3-aa8b-861a4910d04e', v_cat, (select id from public.sri_technical_domains where methodology_version_id=v_mid and code='heating'), 'H-3', 'H-09', 9, '{"en": "Report information regarding heating system performance", "pl": "Elastyczność sterowania źródłem ciepła"}'::jsonb, 'Information to occupants and facility managers', '{"en": "Time-shift or remote control of heating for grid or tariff response."}'::jsonb, '{"en": "When heating can participate in demand response."}'::jsonb, '{"Smart thermostats","BMS DSM modules","Grid signal interfaces"}', '0', 4, true, true, true, 'smart_ready', null, '{"DG ENER Technical Study 2020"}', 'VERIFIED_ANNEX_D')
  on conflict (catalogue_id, official_code) do nothing;
  insert into public.sri_functionality_levels (id, service_id, level_number, official_description)
  values ('8495ffa5-159f-5b7b-825d-90038855e09c', '4eec7447-e2ab-5fc3-aa8b-861a4910d04e', 0, '{"en": "None"}'::jsonb) on conflict (service_id, level_number) do nothing;
  insert into public.sri_functionality_levels (id, service_id, level_number, official_description)
  values ('f5a2af5a-798c-5d76-b2fe-bd1aa2fae9ad', '4eec7447-e2ab-5fc3-aa8b-861a4910d04e', 1, '{"en": "Central or remote reporting of current performance KPIs (e.g. temperatures, submetering energy usage)"}'::jsonb) on conflict (service_id, level_number) do nothing;
  insert into public.sri_functionality_levels (id, service_id, level_number, official_description)
  values ('4a57b8ec-caa5-5885-8a9d-0214692d089f', '4eec7447-e2ab-5fc3-aa8b-861a4910d04e', 2, '{"en": "Central or remote reporting of current performance KPIs and historical data"}'::jsonb) on conflict (service_id, level_number) do nothing;
  insert into public.sri_functionality_levels (id, service_id, level_number, official_description)
  values ('abacfcb7-f5d3-54bc-a837-d88ed4cec891', '4eec7447-e2ab-5fc3-aa8b-861a4910d04e', 3, '{"en": "Central or remote reporting of performance evaluation including forecasting and/or benchmarking"}'::jsonb) on conflict (service_id, level_number) do nothing;
  insert into public.sri_functionality_levels (id, service_id, level_number, official_description)
  values ('09ae981b-128e-5ebf-9d5d-e6e6feff9542', '4eec7447-e2ab-5fc3-aa8b-861a4910d04e', 4, '{"en": "Central or remote reporting of performance evaluation including forecasting and/or benchmarking; also including predictive management and fault detection"}'::jsonb) on conflict (service_id, level_number) do nothing;
  insert into public.sri_functionality_level_impact_scores (functionality_level_id, impact_criterion_id, score)
  values ('8495ffa5-159f-5b7b-825d-90038855e09c', (select id from public.sri_impact_criteria where methodology_version_id=v_mid and code='energy_efficiency'), 0) on conflict (functionality_level_id, impact_criterion_id) do nothing;
  insert into public.sri_functionality_level_impact_scores (functionality_level_id, impact_criterion_id, score)
  values ('8495ffa5-159f-5b7b-825d-90038855e09c', (select id from public.sri_impact_criteria where methodology_version_id=v_mid and code='energy_flexibility_and_storage'), 0) on conflict (functionality_level_id, impact_criterion_id) do nothing;
  insert into public.sri_functionality_level_impact_scores (functionality_level_id, impact_criterion_id, score)
  values ('8495ffa5-159f-5b7b-825d-90038855e09c', (select id from public.sri_impact_criteria where methodology_version_id=v_mid and code='comfort'), 0) on conflict (functionality_level_id, impact_criterion_id) do nothing;
  insert into public.sri_functionality_level_impact_scores (functionality_level_id, impact_criterion_id, score)
  values ('8495ffa5-159f-5b7b-825d-90038855e09c', (select id from public.sri_impact_criteria where methodology_version_id=v_mid and code='convenience'), 0) on conflict (functionality_level_id, impact_criterion_id) do nothing;
  insert into public.sri_functionality_level_impact_scores (functionality_level_id, impact_criterion_id, score)
  values ('8495ffa5-159f-5b7b-825d-90038855e09c', (select id from public.sri_impact_criteria where methodology_version_id=v_mid and code='health_wellbeing_accessibility'), 0) on conflict (functionality_level_id, impact_criterion_id) do nothing;
  insert into public.sri_functionality_level_impact_scores (functionality_level_id, impact_criterion_id, score)
  values ('8495ffa5-159f-5b7b-825d-90038855e09c', (select id from public.sri_impact_criteria where methodology_version_id=v_mid and code='maintenance_and_fault_prediction'), 0) on conflict (functionality_level_id, impact_criterion_id) do nothing;
  insert into public.sri_functionality_level_impact_scores (functionality_level_id, impact_criterion_id, score)
  values ('8495ffa5-159f-5b7b-825d-90038855e09c', (select id from public.sri_impact_criteria where methodology_version_id=v_mid and code='information_to_occupants'), 0) on conflict (functionality_level_id, impact_criterion_id) do nothing;
  insert into public.sri_functionality_level_impact_scores (functionality_level_id, impact_criterion_id, score)
  values ('f5a2af5a-798c-5d76-b2fe-bd1aa2fae9ad', (select id from public.sri_impact_criteria where methodology_version_id=v_mid and code='energy_efficiency'), 1) on conflict (functionality_level_id, impact_criterion_id) do nothing;
  insert into public.sri_functionality_level_impact_scores (functionality_level_id, impact_criterion_id, score)
  values ('f5a2af5a-798c-5d76-b2fe-bd1aa2fae9ad', (select id from public.sri_impact_criteria where methodology_version_id=v_mid and code='energy_flexibility_and_storage'), 0) on conflict (functionality_level_id, impact_criterion_id) do nothing;
  insert into public.sri_functionality_level_impact_scores (functionality_level_id, impact_criterion_id, score)
  values ('f5a2af5a-798c-5d76-b2fe-bd1aa2fae9ad', (select id from public.sri_impact_criteria where methodology_version_id=v_mid and code='comfort'), 0) on conflict (functionality_level_id, impact_criterion_id) do nothing;
  insert into public.sri_functionality_level_impact_scores (functionality_level_id, impact_criterion_id, score)
  values ('f5a2af5a-798c-5d76-b2fe-bd1aa2fae9ad', (select id from public.sri_impact_criteria where methodology_version_id=v_mid and code='convenience'), 0) on conflict (functionality_level_id, impact_criterion_id) do nothing;
  insert into public.sri_functionality_level_impact_scores (functionality_level_id, impact_criterion_id, score)
  values ('f5a2af5a-798c-5d76-b2fe-bd1aa2fae9ad', (select id from public.sri_impact_criteria where methodology_version_id=v_mid and code='health_wellbeing_accessibility'), 0) on conflict (functionality_level_id, impact_criterion_id) do nothing;
  insert into public.sri_functionality_level_impact_scores (functionality_level_id, impact_criterion_id, score)
  values ('f5a2af5a-798c-5d76-b2fe-bd1aa2fae9ad', (select id from public.sri_impact_criteria where methodology_version_id=v_mid and code='maintenance_and_fault_prediction'), 1) on conflict (functionality_level_id, impact_criterion_id) do nothing;
  insert into public.sri_functionality_level_impact_scores (functionality_level_id, impact_criterion_id, score)
  values ('f5a2af5a-798c-5d76-b2fe-bd1aa2fae9ad', (select id from public.sri_impact_criteria where methodology_version_id=v_mid and code='information_to_occupants'), 1) on conflict (functionality_level_id, impact_criterion_id) do nothing;
  insert into public.sri_functionality_level_impact_scores (functionality_level_id, impact_criterion_id, score)
  values ('4a57b8ec-caa5-5885-8a9d-0214692d089f', (select id from public.sri_impact_criteria where methodology_version_id=v_mid and code='energy_efficiency'), 1) on conflict (functionality_level_id, impact_criterion_id) do nothing;
  insert into public.sri_functionality_level_impact_scores (functionality_level_id, impact_criterion_id, score)
  values ('4a57b8ec-caa5-5885-8a9d-0214692d089f', (select id from public.sri_impact_criteria where methodology_version_id=v_mid and code='energy_flexibility_and_storage'), 0) on conflict (functionality_level_id, impact_criterion_id) do nothing;
  insert into public.sri_functionality_level_impact_scores (functionality_level_id, impact_criterion_id, score)
  values ('4a57b8ec-caa5-5885-8a9d-0214692d089f', (select id from public.sri_impact_criteria where methodology_version_id=v_mid and code='comfort'), 0) on conflict (functionality_level_id, impact_criterion_id) do nothing;
  insert into public.sri_functionality_level_impact_scores (functionality_level_id, impact_criterion_id, score)
  values ('4a57b8ec-caa5-5885-8a9d-0214692d089f', (select id from public.sri_impact_criteria where methodology_version_id=v_mid and code='convenience'), 0) on conflict (functionality_level_id, impact_criterion_id) do nothing;
  insert into public.sri_functionality_level_impact_scores (functionality_level_id, impact_criterion_id, score)
  values ('4a57b8ec-caa5-5885-8a9d-0214692d089f', (select id from public.sri_impact_criteria where methodology_version_id=v_mid and code='health_wellbeing_accessibility'), 0) on conflict (functionality_level_id, impact_criterion_id) do nothing;
  insert into public.sri_functionality_level_impact_scores (functionality_level_id, impact_criterion_id, score)
  values ('4a57b8ec-caa5-5885-8a9d-0214692d089f', (select id from public.sri_impact_criteria where methodology_version_id=v_mid and code='maintenance_and_fault_prediction'), 1) on conflict (functionality_level_id, impact_criterion_id) do nothing;
  insert into public.sri_functionality_level_impact_scores (functionality_level_id, impact_criterion_id, score)
  values ('4a57b8ec-caa5-5885-8a9d-0214692d089f', (select id from public.sri_impact_criteria where methodology_version_id=v_mid and code='information_to_occupants'), 2) on conflict (functionality_level_id, impact_criterion_id) do nothing;
  insert into public.sri_functionality_level_impact_scores (functionality_level_id, impact_criterion_id, score)
  values ('abacfcb7-f5d3-54bc-a837-d88ed4cec891', (select id from public.sri_impact_criteria where methodology_version_id=v_mid and code='energy_efficiency'), 1) on conflict (functionality_level_id, impact_criterion_id) do nothing;
  insert into public.sri_functionality_level_impact_scores (functionality_level_id, impact_criterion_id, score)
  values ('abacfcb7-f5d3-54bc-a837-d88ed4cec891', (select id from public.sri_impact_criteria where methodology_version_id=v_mid and code='energy_flexibility_and_storage'), 0) on conflict (functionality_level_id, impact_criterion_id) do nothing;
  insert into public.sri_functionality_level_impact_scores (functionality_level_id, impact_criterion_id, score)
  values ('abacfcb7-f5d3-54bc-a837-d88ed4cec891', (select id from public.sri_impact_criteria where methodology_version_id=v_mid and code='comfort'), 0) on conflict (functionality_level_id, impact_criterion_id) do nothing;
  insert into public.sri_functionality_level_impact_scores (functionality_level_id, impact_criterion_id, score)
  values ('abacfcb7-f5d3-54bc-a837-d88ed4cec891', (select id from public.sri_impact_criteria where methodology_version_id=v_mid and code='convenience'), 0) on conflict (functionality_level_id, impact_criterion_id) do nothing;
  insert into public.sri_functionality_level_impact_scores (functionality_level_id, impact_criterion_id, score)
  values ('abacfcb7-f5d3-54bc-a837-d88ed4cec891', (select id from public.sri_impact_criteria where methodology_version_id=v_mid and code='health_wellbeing_accessibility'), 0) on conflict (functionality_level_id, impact_criterion_id) do nothing;
  insert into public.sri_functionality_level_impact_scores (functionality_level_id, impact_criterion_id, score)
  values ('abacfcb7-f5d3-54bc-a837-d88ed4cec891', (select id from public.sri_impact_criteria where methodology_version_id=v_mid and code='maintenance_and_fault_prediction'), 1) on conflict (functionality_level_id, impact_criterion_id) do nothing;
  insert into public.sri_functionality_level_impact_scores (functionality_level_id, impact_criterion_id, score)
  values ('abacfcb7-f5d3-54bc-a837-d88ed4cec891', (select id from public.sri_impact_criteria where methodology_version_id=v_mid and code='information_to_occupants'), 3) on conflict (functionality_level_id, impact_criterion_id) do nothing;
  insert into public.sri_functionality_level_impact_scores (functionality_level_id, impact_criterion_id, score)
  values ('09ae981b-128e-5ebf-9d5d-e6e6feff9542', (select id from public.sri_impact_criteria where methodology_version_id=v_mid and code='energy_efficiency'), 1) on conflict (functionality_level_id, impact_criterion_id) do nothing;
  insert into public.sri_functionality_level_impact_scores (functionality_level_id, impact_criterion_id, score)
  values ('09ae981b-128e-5ebf-9d5d-e6e6feff9542', (select id from public.sri_impact_criteria where methodology_version_id=v_mid and code='energy_flexibility_and_storage'), 0) on conflict (functionality_level_id, impact_criterion_id) do nothing;
  insert into public.sri_functionality_level_impact_scores (functionality_level_id, impact_criterion_id, score)
  values ('09ae981b-128e-5ebf-9d5d-e6e6feff9542', (select id from public.sri_impact_criteria where methodology_version_id=v_mid and code='comfort'), 0) on conflict (functionality_level_id, impact_criterion_id) do nothing;
  insert into public.sri_functionality_level_impact_scores (functionality_level_id, impact_criterion_id, score)
  values ('09ae981b-128e-5ebf-9d5d-e6e6feff9542', (select id from public.sri_impact_criteria where methodology_version_id=v_mid and code='convenience'), 1) on conflict (functionality_level_id, impact_criterion_id) do nothing;
  insert into public.sri_functionality_level_impact_scores (functionality_level_id, impact_criterion_id, score)
  values ('09ae981b-128e-5ebf-9d5d-e6e6feff9542', (select id from public.sri_impact_criteria where methodology_version_id=v_mid and code='health_wellbeing_accessibility'), 0) on conflict (functionality_level_id, impact_criterion_id) do nothing;
  insert into public.sri_functionality_level_impact_scores (functionality_level_id, impact_criterion_id, score)
  values ('09ae981b-128e-5ebf-9d5d-e6e6feff9542', (select id from public.sri_impact_criteria where methodology_version_id=v_mid and code='maintenance_and_fault_prediction'), 3) on conflict (functionality_level_id, impact_criterion_id) do nothing;
  insert into public.sri_functionality_level_impact_scores (functionality_level_id, impact_criterion_id, score)
  values ('09ae981b-128e-5ebf-9d5d-e6e6feff9542', (select id from public.sri_impact_criteria where methodology_version_id=v_mid and code='information_to_occupants'), 3) on conflict (functionality_level_id, impact_criterion_id) do nothing;

  insert into public.sri_services (id, catalogue_id, domain_id, official_code, internal_code, sort_order, official_name, service_group, purpose, when_applicable, typical_devices, preconditions, fl_max, included_in_method_a, included_in_method_b, triage_affects_max, applicability_mode, mutual_exclusion_group, standards_basis, provenance)
  values ('c434b26b-13da-535e-9414-075a4aadb1d7', v_cat, (select id from public.sri_technical_domains where methodology_version_id=v_mid and code='heating'), 'H-4', 'H-10', 10, '{"en": "Flexibility and grid interaction", "pl": "Raportowanie informacji o pracy ogrzewania"}'::jsonb, 'Flexibility and grid interaction', '{"en": "Inform occupants/operators about heating operation and status."}'::jsonb, '{"en": "When heating systems exist and reporting is feasible."}'::jsonb, '{"BMS dashboards","Tenant apps","Energy portals"}', 'The inspectability of the nature of the control algorithm would need to be facilitated', 4, false, true, true, 'smart_ready', null, '{"DG ENER Technical Study 2020"}', 'VERIFIED_ANNEX_D')
  on conflict (catalogue_id, official_code) do nothing;
  insert into public.sri_functionality_levels (id, service_id, level_number, official_description)
  values ('a4bc1798-b3e5-5f43-9227-b4772026efcd', 'c434b26b-13da-535e-9414-075a4aadb1d7', 0, '{"en": "No automatic control"}'::jsonb) on conflict (service_id, level_number) do nothing;
  insert into public.sri_functionality_levels (id, service_id, level_number, official_description)
  values ('f117f06f-af66-5382-8371-39fca37350de', 'c434b26b-13da-535e-9414-075a4aadb1d7', 1, '{"en": "Scheduled operation of heating system"}'::jsonb) on conflict (service_id, level_number) do nothing;
  insert into public.sri_functionality_levels (id, service_id, level_number, official_description)
  values ('a697ea0a-dd90-5f88-8f5a-0922dd230acd', 'c434b26b-13da-535e-9414-075a4aadb1d7', 2, '{"en": "Self-learning optimal control of heating system"}'::jsonb) on conflict (service_id, level_number) do nothing;
  insert into public.sri_functionality_levels (id, service_id, level_number, official_description)
  values ('3ae8bd3c-2efe-5628-9851-f2914abc8949', 'c434b26b-13da-535e-9414-075a4aadb1d7', 3, '{"en": "Heating system capable of flexible control through grid signals (e.g. DSM)"}'::jsonb) on conflict (service_id, level_number) do nothing;
  insert into public.sri_functionality_levels (id, service_id, level_number, official_description)
  values ('71f9efa3-12b7-57c9-96ae-e32b8711250d', 'c434b26b-13da-535e-9414-075a4aadb1d7', 4, '{"en": "Optimized control of  heating system based on local predictions and grid signals (e.g. through model predictive control)"}'::jsonb) on conflict (service_id, level_number) do nothing;
  insert into public.sri_functionality_level_impact_scores (functionality_level_id, impact_criterion_id, score)
  values ('a4bc1798-b3e5-5f43-9227-b4772026efcd', (select id from public.sri_impact_criteria where methodology_version_id=v_mid and code='energy_efficiency'), 0) on conflict (functionality_level_id, impact_criterion_id) do nothing;
  insert into public.sri_functionality_level_impact_scores (functionality_level_id, impact_criterion_id, score)
  values ('a4bc1798-b3e5-5f43-9227-b4772026efcd', (select id from public.sri_impact_criteria where methodology_version_id=v_mid and code='energy_flexibility_and_storage'), 0) on conflict (functionality_level_id, impact_criterion_id) do nothing;
  insert into public.sri_functionality_level_impact_scores (functionality_level_id, impact_criterion_id, score)
  values ('a4bc1798-b3e5-5f43-9227-b4772026efcd', (select id from public.sri_impact_criteria where methodology_version_id=v_mid and code='comfort'), 0) on conflict (functionality_level_id, impact_criterion_id) do nothing;
  insert into public.sri_functionality_level_impact_scores (functionality_level_id, impact_criterion_id, score)
  values ('a4bc1798-b3e5-5f43-9227-b4772026efcd', (select id from public.sri_impact_criteria where methodology_version_id=v_mid and code='convenience'), 0) on conflict (functionality_level_id, impact_criterion_id) do nothing;
  insert into public.sri_functionality_level_impact_scores (functionality_level_id, impact_criterion_id, score)
  values ('a4bc1798-b3e5-5f43-9227-b4772026efcd', (select id from public.sri_impact_criteria where methodology_version_id=v_mid and code='health_wellbeing_accessibility'), 0) on conflict (functionality_level_id, impact_criterion_id) do nothing;
  insert into public.sri_functionality_level_impact_scores (functionality_level_id, impact_criterion_id, score)
  values ('a4bc1798-b3e5-5f43-9227-b4772026efcd', (select id from public.sri_impact_criteria where methodology_version_id=v_mid and code='maintenance_and_fault_prediction'), 0) on conflict (functionality_level_id, impact_criterion_id) do nothing;
  insert into public.sri_functionality_level_impact_scores (functionality_level_id, impact_criterion_id, score)
  values ('a4bc1798-b3e5-5f43-9227-b4772026efcd', (select id from public.sri_impact_criteria where methodology_version_id=v_mid and code='information_to_occupants'), 0) on conflict (functionality_level_id, impact_criterion_id) do nothing;
  insert into public.sri_functionality_level_impact_scores (functionality_level_id, impact_criterion_id, score)
  values ('f117f06f-af66-5382-8371-39fca37350de', (select id from public.sri_impact_criteria where methodology_version_id=v_mid and code='energy_efficiency'), 1) on conflict (functionality_level_id, impact_criterion_id) do nothing;
  insert into public.sri_functionality_level_impact_scores (functionality_level_id, impact_criterion_id, score)
  values ('f117f06f-af66-5382-8371-39fca37350de', (select id from public.sri_impact_criteria where methodology_version_id=v_mid and code='energy_flexibility_and_storage'), 0) on conflict (functionality_level_id, impact_criterion_id) do nothing;
  insert into public.sri_functionality_level_impact_scores (functionality_level_id, impact_criterion_id, score)
  values ('f117f06f-af66-5382-8371-39fca37350de', (select id from public.sri_impact_criteria where methodology_version_id=v_mid and code='comfort'), 1) on conflict (functionality_level_id, impact_criterion_id) do nothing;
  insert into public.sri_functionality_level_impact_scores (functionality_level_id, impact_criterion_id, score)
  values ('f117f06f-af66-5382-8371-39fca37350de', (select id from public.sri_impact_criteria where methodology_version_id=v_mid and code='convenience'), 1) on conflict (functionality_level_id, impact_criterion_id) do nothing;
  insert into public.sri_functionality_level_impact_scores (functionality_level_id, impact_criterion_id, score)
  values ('f117f06f-af66-5382-8371-39fca37350de', (select id from public.sri_impact_criteria where methodology_version_id=v_mid and code='health_wellbeing_accessibility'), 0) on conflict (functionality_level_id, impact_criterion_id) do nothing;
  insert into public.sri_functionality_level_impact_scores (functionality_level_id, impact_criterion_id, score)
  values ('f117f06f-af66-5382-8371-39fca37350de', (select id from public.sri_impact_criteria where methodology_version_id=v_mid and code='maintenance_and_fault_prediction'), 0) on conflict (functionality_level_id, impact_criterion_id) do nothing;
  insert into public.sri_functionality_level_impact_scores (functionality_level_id, impact_criterion_id, score)
  values ('f117f06f-af66-5382-8371-39fca37350de', (select id from public.sri_impact_criteria where methodology_version_id=v_mid and code='information_to_occupants'), 0) on conflict (functionality_level_id, impact_criterion_id) do nothing;
  insert into public.sri_functionality_level_impact_scores (functionality_level_id, impact_criterion_id, score)
  values ('a697ea0a-dd90-5f88-8f5a-0922dd230acd', (select id from public.sri_impact_criteria where methodology_version_id=v_mid and code='energy_efficiency'), 2) on conflict (functionality_level_id, impact_criterion_id) do nothing;
  insert into public.sri_functionality_level_impact_scores (functionality_level_id, impact_criterion_id, score)
  values ('a697ea0a-dd90-5f88-8f5a-0922dd230acd', (select id from public.sri_impact_criteria where methodology_version_id=v_mid and code='energy_flexibility_and_storage'), 1) on conflict (functionality_level_id, impact_criterion_id) do nothing;
  insert into public.sri_functionality_level_impact_scores (functionality_level_id, impact_criterion_id, score)
  values ('a697ea0a-dd90-5f88-8f5a-0922dd230acd', (select id from public.sri_impact_criteria where methodology_version_id=v_mid and code='comfort'), 2) on conflict (functionality_level_id, impact_criterion_id) do nothing;
  insert into public.sri_functionality_level_impact_scores (functionality_level_id, impact_criterion_id, score)
  values ('a697ea0a-dd90-5f88-8f5a-0922dd230acd', (select id from public.sri_impact_criteria where methodology_version_id=v_mid and code='convenience'), 2) on conflict (functionality_level_id, impact_criterion_id) do nothing;
  insert into public.sri_functionality_level_impact_scores (functionality_level_id, impact_criterion_id, score)
  values ('a697ea0a-dd90-5f88-8f5a-0922dd230acd', (select id from public.sri_impact_criteria where methodology_version_id=v_mid and code='health_wellbeing_accessibility'), 0) on conflict (functionality_level_id, impact_criterion_id) do nothing;
  insert into public.sri_functionality_level_impact_scores (functionality_level_id, impact_criterion_id, score)
  values ('a697ea0a-dd90-5f88-8f5a-0922dd230acd', (select id from public.sri_impact_criteria where methodology_version_id=v_mid and code='maintenance_and_fault_prediction'), 0) on conflict (functionality_level_id, impact_criterion_id) do nothing;
  insert into public.sri_functionality_level_impact_scores (functionality_level_id, impact_criterion_id, score)
  values ('a697ea0a-dd90-5f88-8f5a-0922dd230acd', (select id from public.sri_impact_criteria where methodology_version_id=v_mid and code='information_to_occupants'), 0) on conflict (functionality_level_id, impact_criterion_id) do nothing;
  insert into public.sri_functionality_level_impact_scores (functionality_level_id, impact_criterion_id, score)
  values ('3ae8bd3c-2efe-5628-9851-f2914abc8949', (select id from public.sri_impact_criteria where methodology_version_id=v_mid and code='energy_efficiency'), 2) on conflict (functionality_level_id, impact_criterion_id) do nothing;
  insert into public.sri_functionality_level_impact_scores (functionality_level_id, impact_criterion_id, score)
  values ('3ae8bd3c-2efe-5628-9851-f2914abc8949', (select id from public.sri_impact_criteria where methodology_version_id=v_mid and code='energy_flexibility_and_storage'), 3) on conflict (functionality_level_id, impact_criterion_id) do nothing;
  insert into public.sri_functionality_level_impact_scores (functionality_level_id, impact_criterion_id, score)
  values ('3ae8bd3c-2efe-5628-9851-f2914abc8949', (select id from public.sri_impact_criteria where methodology_version_id=v_mid and code='comfort'), 2) on conflict (functionality_level_id, impact_criterion_id) do nothing;
  insert into public.sri_functionality_level_impact_scores (functionality_level_id, impact_criterion_id, score)
  values ('3ae8bd3c-2efe-5628-9851-f2914abc8949', (select id from public.sri_impact_criteria where methodology_version_id=v_mid and code='convenience'), 3) on conflict (functionality_level_id, impact_criterion_id) do nothing;
  insert into public.sri_functionality_level_impact_scores (functionality_level_id, impact_criterion_id, score)
  values ('3ae8bd3c-2efe-5628-9851-f2914abc8949', (select id from public.sri_impact_criteria where methodology_version_id=v_mid and code='health_wellbeing_accessibility'), 0) on conflict (functionality_level_id, impact_criterion_id) do nothing;
  insert into public.sri_functionality_level_impact_scores (functionality_level_id, impact_criterion_id, score)
  values ('3ae8bd3c-2efe-5628-9851-f2914abc8949', (select id from public.sri_impact_criteria where methodology_version_id=v_mid and code='maintenance_and_fault_prediction'), 0) on conflict (functionality_level_id, impact_criterion_id) do nothing;
  insert into public.sri_functionality_level_impact_scores (functionality_level_id, impact_criterion_id, score)
  values ('3ae8bd3c-2efe-5628-9851-f2914abc8949', (select id from public.sri_impact_criteria where methodology_version_id=v_mid and code='information_to_occupants'), 0) on conflict (functionality_level_id, impact_criterion_id) do nothing;
  insert into public.sri_functionality_level_impact_scores (functionality_level_id, impact_criterion_id, score)
  values ('71f9efa3-12b7-57c9-96ae-e32b8711250d', (select id from public.sri_impact_criteria where methodology_version_id=v_mid and code='energy_efficiency'), 2) on conflict (functionality_level_id, impact_criterion_id) do nothing;
  insert into public.sri_functionality_level_impact_scores (functionality_level_id, impact_criterion_id, score)
  values ('71f9efa3-12b7-57c9-96ae-e32b8711250d', (select id from public.sri_impact_criteria where methodology_version_id=v_mid and code='energy_flexibility_and_storage'), 3) on conflict (functionality_level_id, impact_criterion_id) do nothing;
  insert into public.sri_functionality_level_impact_scores (functionality_level_id, impact_criterion_id, score)
  values ('71f9efa3-12b7-57c9-96ae-e32b8711250d', (select id from public.sri_impact_criteria where methodology_version_id=v_mid and code='comfort'), 3) on conflict (functionality_level_id, impact_criterion_id) do nothing;
  insert into public.sri_functionality_level_impact_scores (functionality_level_id, impact_criterion_id, score)
  values ('71f9efa3-12b7-57c9-96ae-e32b8711250d', (select id from public.sri_impact_criteria where methodology_version_id=v_mid and code='convenience'), 3) on conflict (functionality_level_id, impact_criterion_id) do nothing;
  insert into public.sri_functionality_level_impact_scores (functionality_level_id, impact_criterion_id, score)
  values ('71f9efa3-12b7-57c9-96ae-e32b8711250d', (select id from public.sri_impact_criteria where methodology_version_id=v_mid and code='health_wellbeing_accessibility'), 1) on conflict (functionality_level_id, impact_criterion_id) do nothing;
  insert into public.sri_functionality_level_impact_scores (functionality_level_id, impact_criterion_id, score)
  values ('71f9efa3-12b7-57c9-96ae-e32b8711250d', (select id from public.sri_impact_criteria where methodology_version_id=v_mid and code='maintenance_and_fault_prediction'), 0) on conflict (functionality_level_id, impact_criterion_id) do nothing;
  insert into public.sri_functionality_level_impact_scores (functionality_level_id, impact_criterion_id, score)
  values ('71f9efa3-12b7-57c9-96ae-e32b8711250d', (select id from public.sri_impact_criteria where methodology_version_id=v_mid and code='information_to_occupants'), 0) on conflict (functionality_level_id, impact_criterion_id) do nothing;

  insert into public.sri_services (id, catalogue_id, domain_id, official_code, internal_code, sort_order, official_name, service_group, purpose, when_applicable, typical_devices, preconditions, fl_max, included_in_method_a, included_in_method_b, triage_affects_max, applicability_mode, mutual_exclusion_group, standards_basis, provenance)
  values ('fe14546c-fe63-5918-81bc-35a2b41225bc', v_cat, (select id from public.sri_technical_domains where methodology_version_id=v_mid and code='domestic_hot_water'), 'DHW-1a', 'DHW-01', 11, '{"en": "Control of DHW storage charging (with direct electric heating or integrated electric heat pump)", "pl": "Sterowanie ładowaniem zasobnika CWU (grzałka lub wbudowana pompa)"}'::jsonb, 'Control DHW production facilities', '{"en": "Optimize DHW charging from electric resistance or integrated HP."}'::jsonb, '{"en": "When electric DHW storage or HP-integrated DHW exists."}'::jsonb, '{"DHW cylinders","HP DHW modules","Smart timers"}', 'Only applicable in case of DHW storage with electric heating', 3, true, true, false, 'smart_ready', null, '{"EN ISO 52120-1"}', 'VERIFIED_ANNEX_D')
  on conflict (catalogue_id, official_code) do nothing;
  insert into public.sri_functionality_levels (id, service_id, level_number, official_description)
  values ('e518bef5-601d-55bb-a55c-830ebf7ac666', 'fe14546c-fe63-5918-81bc-35a2b41225bc', 0, '{"en": "Automatic control on / off"}'::jsonb) on conflict (service_id, level_number) do nothing;
  insert into public.sri_functionality_levels (id, service_id, level_number, official_description)
  values ('06633321-1058-51af-ace8-018630574be4', 'fe14546c-fe63-5918-81bc-35a2b41225bc', 1, '{"en": "Automatic control on / off and scheduled charging enable"}'::jsonb) on conflict (service_id, level_number) do nothing;
  insert into public.sri_functionality_levels (id, service_id, level_number, official_description)
  values ('07b1c261-296c-5dbc-ab21-318d551ef68c', 'fe14546c-fe63-5918-81bc-35a2b41225bc', 2, '{"en": "Automatic control on / off and scheduled charging enable and multi-sensor storage management"}'::jsonb) on conflict (service_id, level_number) do nothing;
  insert into public.sri_functionality_levels (id, service_id, level_number, official_description)
  values ('5c43e5bb-e4fe-5c0a-bc16-93d1e8c50445', 'fe14546c-fe63-5918-81bc-35a2b41225bc', 3, '{"en": "Automatic charging control based on local availability of renewables or information from electricity grid (DR, DSM)"}'::jsonb) on conflict (service_id, level_number) do nothing;
  insert into public.sri_functionality_level_impact_scores (functionality_level_id, impact_criterion_id, score)
  values ('e518bef5-601d-55bb-a55c-830ebf7ac666', (select id from public.sri_impact_criteria where methodology_version_id=v_mid and code='energy_efficiency'), 0) on conflict (functionality_level_id, impact_criterion_id) do nothing;
  insert into public.sri_functionality_level_impact_scores (functionality_level_id, impact_criterion_id, score)
  values ('e518bef5-601d-55bb-a55c-830ebf7ac666', (select id from public.sri_impact_criteria where methodology_version_id=v_mid and code='energy_flexibility_and_storage'), 0) on conflict (functionality_level_id, impact_criterion_id) do nothing;
  insert into public.sri_functionality_level_impact_scores (functionality_level_id, impact_criterion_id, score)
  values ('e518bef5-601d-55bb-a55c-830ebf7ac666', (select id from public.sri_impact_criteria where methodology_version_id=v_mid and code='comfort'), 0) on conflict (functionality_level_id, impact_criterion_id) do nothing;
  insert into public.sri_functionality_level_impact_scores (functionality_level_id, impact_criterion_id, score)
  values ('e518bef5-601d-55bb-a55c-830ebf7ac666', (select id from public.sri_impact_criteria where methodology_version_id=v_mid and code='convenience'), 0) on conflict (functionality_level_id, impact_criterion_id) do nothing;
  insert into public.sri_functionality_level_impact_scores (functionality_level_id, impact_criterion_id, score)
  values ('e518bef5-601d-55bb-a55c-830ebf7ac666', (select id from public.sri_impact_criteria where methodology_version_id=v_mid and code='health_wellbeing_accessibility'), 0) on conflict (functionality_level_id, impact_criterion_id) do nothing;
  insert into public.sri_functionality_level_impact_scores (functionality_level_id, impact_criterion_id, score)
  values ('e518bef5-601d-55bb-a55c-830ebf7ac666', (select id from public.sri_impact_criteria where methodology_version_id=v_mid and code='maintenance_and_fault_prediction'), 0) on conflict (functionality_level_id, impact_criterion_id) do nothing;
  insert into public.sri_functionality_level_impact_scores (functionality_level_id, impact_criterion_id, score)
  values ('e518bef5-601d-55bb-a55c-830ebf7ac666', (select id from public.sri_impact_criteria where methodology_version_id=v_mid and code='information_to_occupants'), 0) on conflict (functionality_level_id, impact_criterion_id) do nothing;
  insert into public.sri_functionality_level_impact_scores (functionality_level_id, impact_criterion_id, score)
  values ('06633321-1058-51af-ace8-018630574be4', (select id from public.sri_impact_criteria where methodology_version_id=v_mid and code='energy_efficiency'), 1) on conflict (functionality_level_id, impact_criterion_id) do nothing;
  insert into public.sri_functionality_level_impact_scores (functionality_level_id, impact_criterion_id, score)
  values ('06633321-1058-51af-ace8-018630574be4', (select id from public.sri_impact_criteria where methodology_version_id=v_mid and code='energy_flexibility_and_storage'), 1) on conflict (functionality_level_id, impact_criterion_id) do nothing;
  insert into public.sri_functionality_level_impact_scores (functionality_level_id, impact_criterion_id, score)
  values ('06633321-1058-51af-ace8-018630574be4', (select id from public.sri_impact_criteria where methodology_version_id=v_mid and code='comfort'), 0) on conflict (functionality_level_id, impact_criterion_id) do nothing;
  insert into public.sri_functionality_level_impact_scores (functionality_level_id, impact_criterion_id, score)
  values ('06633321-1058-51af-ace8-018630574be4', (select id from public.sri_impact_criteria where methodology_version_id=v_mid and code='convenience'), 1) on conflict (functionality_level_id, impact_criterion_id) do nothing;
  insert into public.sri_functionality_level_impact_scores (functionality_level_id, impact_criterion_id, score)
  values ('06633321-1058-51af-ace8-018630574be4', (select id from public.sri_impact_criteria where methodology_version_id=v_mid and code='health_wellbeing_accessibility'), 0) on conflict (functionality_level_id, impact_criterion_id) do nothing;
  insert into public.sri_functionality_level_impact_scores (functionality_level_id, impact_criterion_id, score)
  values ('06633321-1058-51af-ace8-018630574be4', (select id from public.sri_impact_criteria where methodology_version_id=v_mid and code='maintenance_and_fault_prediction'), 0) on conflict (functionality_level_id, impact_criterion_id) do nothing;
  insert into public.sri_functionality_level_impact_scores (functionality_level_id, impact_criterion_id, score)
  values ('06633321-1058-51af-ace8-018630574be4', (select id from public.sri_impact_criteria where methodology_version_id=v_mid and code='information_to_occupants'), 0) on conflict (functionality_level_id, impact_criterion_id) do nothing;
  insert into public.sri_functionality_level_impact_scores (functionality_level_id, impact_criterion_id, score)
  values ('07b1c261-296c-5dbc-ab21-318d551ef68c', (select id from public.sri_impact_criteria where methodology_version_id=v_mid and code='energy_efficiency'), 2) on conflict (functionality_level_id, impact_criterion_id) do nothing;
  insert into public.sri_functionality_level_impact_scores (functionality_level_id, impact_criterion_id, score)
  values ('07b1c261-296c-5dbc-ab21-318d551ef68c', (select id from public.sri_impact_criteria where methodology_version_id=v_mid and code='energy_flexibility_and_storage'), 2) on conflict (functionality_level_id, impact_criterion_id) do nothing;
  insert into public.sri_functionality_level_impact_scores (functionality_level_id, impact_criterion_id, score)
  values ('07b1c261-296c-5dbc-ab21-318d551ef68c', (select id from public.sri_impact_criteria where methodology_version_id=v_mid and code='comfort'), 0) on conflict (functionality_level_id, impact_criterion_id) do nothing;
  insert into public.sri_functionality_level_impact_scores (functionality_level_id, impact_criterion_id, score)
  values ('07b1c261-296c-5dbc-ab21-318d551ef68c', (select id from public.sri_impact_criteria where methodology_version_id=v_mid and code='convenience'), 2) on conflict (functionality_level_id, impact_criterion_id) do nothing;
  insert into public.sri_functionality_level_impact_scores (functionality_level_id, impact_criterion_id, score)
  values ('07b1c261-296c-5dbc-ab21-318d551ef68c', (select id from public.sri_impact_criteria where methodology_version_id=v_mid and code='health_wellbeing_accessibility'), 0) on conflict (functionality_level_id, impact_criterion_id) do nothing;
  insert into public.sri_functionality_level_impact_scores (functionality_level_id, impact_criterion_id, score)
  values ('07b1c261-296c-5dbc-ab21-318d551ef68c', (select id from public.sri_impact_criteria where methodology_version_id=v_mid and code='maintenance_and_fault_prediction'), 0) on conflict (functionality_level_id, impact_criterion_id) do nothing;
  insert into public.sri_functionality_level_impact_scores (functionality_level_id, impact_criterion_id, score)
  values ('07b1c261-296c-5dbc-ab21-318d551ef68c', (select id from public.sri_impact_criteria where methodology_version_id=v_mid and code='information_to_occupants'), 0) on conflict (functionality_level_id, impact_criterion_id) do nothing;
  insert into public.sri_functionality_level_impact_scores (functionality_level_id, impact_criterion_id, score)
  values ('5c43e5bb-e4fe-5c0a-bc16-93d1e8c50445', (select id from public.sri_impact_criteria where methodology_version_id=v_mid and code='energy_efficiency'), 2) on conflict (functionality_level_id, impact_criterion_id) do nothing;
  insert into public.sri_functionality_level_impact_scores (functionality_level_id, impact_criterion_id, score)
  values ('5c43e5bb-e4fe-5c0a-bc16-93d1e8c50445', (select id from public.sri_impact_criteria where methodology_version_id=v_mid and code='energy_flexibility_and_storage'), 3) on conflict (functionality_level_id, impact_criterion_id) do nothing;
  insert into public.sri_functionality_level_impact_scores (functionality_level_id, impact_criterion_id, score)
  values ('5c43e5bb-e4fe-5c0a-bc16-93d1e8c50445', (select id from public.sri_impact_criteria where methodology_version_id=v_mid and code='comfort'), 0) on conflict (functionality_level_id, impact_criterion_id) do nothing;
  insert into public.sri_functionality_level_impact_scores (functionality_level_id, impact_criterion_id, score)
  values ('5c43e5bb-e4fe-5c0a-bc16-93d1e8c50445', (select id from public.sri_impact_criteria where methodology_version_id=v_mid and code='convenience'), 2) on conflict (functionality_level_id, impact_criterion_id) do nothing;
  insert into public.sri_functionality_level_impact_scores (functionality_level_id, impact_criterion_id, score)
  values ('5c43e5bb-e4fe-5c0a-bc16-93d1e8c50445', (select id from public.sri_impact_criteria where methodology_version_id=v_mid and code='health_wellbeing_accessibility'), 0) on conflict (functionality_level_id, impact_criterion_id) do nothing;
  insert into public.sri_functionality_level_impact_scores (functionality_level_id, impact_criterion_id, score)
  values ('5c43e5bb-e4fe-5c0a-bc16-93d1e8c50445', (select id from public.sri_impact_criteria where methodology_version_id=v_mid and code='maintenance_and_fault_prediction'), 0) on conflict (functionality_level_id, impact_criterion_id) do nothing;
  insert into public.sri_functionality_level_impact_scores (functionality_level_id, impact_criterion_id, score)
  values ('5c43e5bb-e4fe-5c0a-bc16-93d1e8c50445', (select id from public.sri_impact_criteria where methodology_version_id=v_mid and code='information_to_occupants'), 0) on conflict (functionality_level_id, impact_criterion_id) do nothing;

  insert into public.sri_services (id, catalogue_id, domain_id, official_code, internal_code, sort_order, official_name, service_group, purpose, when_applicable, typical_devices, preconditions, fl_max, included_in_method_a, included_in_method_b, triage_affects_max, applicability_mode, mutual_exclusion_group, standards_basis, provenance)
  values ('80018850-3642-583b-b098-d6f9dd985dca', v_cat, (select id from public.sri_technical_domains where methodology_version_id=v_mid and code='domestic_hot_water'), 'DHW-1b', 'DHW-02', 12, '{"en": "Control of DHW storage charging (using hot water generation)", "pl": "Sterowanie ładowaniem zasobnika CWU (wytwarzanie ciepłej wody)"}'::jsonb, 'Control DHW production facilities', '{"en": "Control DHW charging from boiler or central heat generator."}'::jsonb, '{"en": "When DHW is produced via boiler/central plant."}'::jsonb, '{"DHW charging controllers","Boiler DHW circuits"}', 'Only applicable in case of DHW storage with non-electrical heat  generation', 3, true, true, false, 'smart_ready', null, '{"EN ISO 52120-1"}', 'VERIFIED_ANNEX_D')
  on conflict (catalogue_id, official_code) do nothing;
  insert into public.sri_functionality_levels (id, service_id, level_number, official_description)
  values ('01161c56-c25b-5304-9e92-3ab6bfc53b12', '80018850-3642-583b-b098-d6f9dd985dca', 0, '{"en": "Automatic control on / off"}'::jsonb) on conflict (service_id, level_number) do nothing;
  insert into public.sri_functionality_levels (id, service_id, level_number, official_description)
  values ('768cecc5-1714-56db-b7ae-1bbc3e7df8c6', '80018850-3642-583b-b098-d6f9dd985dca', 1, '{"en": "Automatic control on / off and scheduled charging enable"}'::jsonb) on conflict (service_id, level_number) do nothing;
  insert into public.sri_functionality_levels (id, service_id, level_number, official_description)
  values ('302ef416-4bac-5c4e-9286-fce7100b06ff', '80018850-3642-583b-b098-d6f9dd985dca', 2, '{"en": "Automatic on/off control, scheduled charging enable and demand-based supply temperature control or multi-sensor storage management"}'::jsonb) on conflict (service_id, level_number) do nothing;
  insert into public.sri_functionality_levels (id, service_id, level_number, official_description)
  values ('4a7b102e-1580-5b79-8a8c-7c2a9495b8c2', '80018850-3642-583b-b098-d6f9dd985dca', 3, '{"en": "DHW production system capable of automatic charging control based on external signals (e.g. from district heating grid)"}'::jsonb) on conflict (service_id, level_number) do nothing;
  insert into public.sri_functionality_level_impact_scores (functionality_level_id, impact_criterion_id, score)
  values ('01161c56-c25b-5304-9e92-3ab6bfc53b12', (select id from public.sri_impact_criteria where methodology_version_id=v_mid and code='energy_efficiency'), 0) on conflict (functionality_level_id, impact_criterion_id) do nothing;
  insert into public.sri_functionality_level_impact_scores (functionality_level_id, impact_criterion_id, score)
  values ('01161c56-c25b-5304-9e92-3ab6bfc53b12', (select id from public.sri_impact_criteria where methodology_version_id=v_mid and code='energy_flexibility_and_storage'), 0) on conflict (functionality_level_id, impact_criterion_id) do nothing;
  insert into public.sri_functionality_level_impact_scores (functionality_level_id, impact_criterion_id, score)
  values ('01161c56-c25b-5304-9e92-3ab6bfc53b12', (select id from public.sri_impact_criteria where methodology_version_id=v_mid and code='comfort'), 0) on conflict (functionality_level_id, impact_criterion_id) do nothing;
  insert into public.sri_functionality_level_impact_scores (functionality_level_id, impact_criterion_id, score)
  values ('01161c56-c25b-5304-9e92-3ab6bfc53b12', (select id from public.sri_impact_criteria where methodology_version_id=v_mid and code='convenience'), 0) on conflict (functionality_level_id, impact_criterion_id) do nothing;
  insert into public.sri_functionality_level_impact_scores (functionality_level_id, impact_criterion_id, score)
  values ('01161c56-c25b-5304-9e92-3ab6bfc53b12', (select id from public.sri_impact_criteria where methodology_version_id=v_mid and code='health_wellbeing_accessibility'), 0) on conflict (functionality_level_id, impact_criterion_id) do nothing;
  insert into public.sri_functionality_level_impact_scores (functionality_level_id, impact_criterion_id, score)
  values ('01161c56-c25b-5304-9e92-3ab6bfc53b12', (select id from public.sri_impact_criteria where methodology_version_id=v_mid and code='maintenance_and_fault_prediction'), 0) on conflict (functionality_level_id, impact_criterion_id) do nothing;
  insert into public.sri_functionality_level_impact_scores (functionality_level_id, impact_criterion_id, score)
  values ('01161c56-c25b-5304-9e92-3ab6bfc53b12', (select id from public.sri_impact_criteria where methodology_version_id=v_mid and code='information_to_occupants'), 0) on conflict (functionality_level_id, impact_criterion_id) do nothing;
  insert into public.sri_functionality_level_impact_scores (functionality_level_id, impact_criterion_id, score)
  values ('768cecc5-1714-56db-b7ae-1bbc3e7df8c6', (select id from public.sri_impact_criteria where methodology_version_id=v_mid and code='energy_efficiency'), 1) on conflict (functionality_level_id, impact_criterion_id) do nothing;
  insert into public.sri_functionality_level_impact_scores (functionality_level_id, impact_criterion_id, score)
  values ('768cecc5-1714-56db-b7ae-1bbc3e7df8c6', (select id from public.sri_impact_criteria where methodology_version_id=v_mid and code='energy_flexibility_and_storage'), 1) on conflict (functionality_level_id, impact_criterion_id) do nothing;
  insert into public.sri_functionality_level_impact_scores (functionality_level_id, impact_criterion_id, score)
  values ('768cecc5-1714-56db-b7ae-1bbc3e7df8c6', (select id from public.sri_impact_criteria where methodology_version_id=v_mid and code='comfort'), 0) on conflict (functionality_level_id, impact_criterion_id) do nothing;
  insert into public.sri_functionality_level_impact_scores (functionality_level_id, impact_criterion_id, score)
  values ('768cecc5-1714-56db-b7ae-1bbc3e7df8c6', (select id from public.sri_impact_criteria where methodology_version_id=v_mid and code='convenience'), 1) on conflict (functionality_level_id, impact_criterion_id) do nothing;
  insert into public.sri_functionality_level_impact_scores (functionality_level_id, impact_criterion_id, score)
  values ('768cecc5-1714-56db-b7ae-1bbc3e7df8c6', (select id from public.sri_impact_criteria where methodology_version_id=v_mid and code='health_wellbeing_accessibility'), 0) on conflict (functionality_level_id, impact_criterion_id) do nothing;
  insert into public.sri_functionality_level_impact_scores (functionality_level_id, impact_criterion_id, score)
  values ('768cecc5-1714-56db-b7ae-1bbc3e7df8c6', (select id from public.sri_impact_criteria where methodology_version_id=v_mid and code='maintenance_and_fault_prediction'), 0) on conflict (functionality_level_id, impact_criterion_id) do nothing;
  insert into public.sri_functionality_level_impact_scores (functionality_level_id, impact_criterion_id, score)
  values ('768cecc5-1714-56db-b7ae-1bbc3e7df8c6', (select id from public.sri_impact_criteria where methodology_version_id=v_mid and code='information_to_occupants'), 0) on conflict (functionality_level_id, impact_criterion_id) do nothing;
  insert into public.sri_functionality_level_impact_scores (functionality_level_id, impact_criterion_id, score)
  values ('302ef416-4bac-5c4e-9286-fce7100b06ff', (select id from public.sri_impact_criteria where methodology_version_id=v_mid and code='energy_efficiency'), 2) on conflict (functionality_level_id, impact_criterion_id) do nothing;
  insert into public.sri_functionality_level_impact_scores (functionality_level_id, impact_criterion_id, score)
  values ('302ef416-4bac-5c4e-9286-fce7100b06ff', (select id from public.sri_impact_criteria where methodology_version_id=v_mid and code='energy_flexibility_and_storage'), 2) on conflict (functionality_level_id, impact_criterion_id) do nothing;
  insert into public.sri_functionality_level_impact_scores (functionality_level_id, impact_criterion_id, score)
  values ('302ef416-4bac-5c4e-9286-fce7100b06ff', (select id from public.sri_impact_criteria where methodology_version_id=v_mid and code='comfort'), 0) on conflict (functionality_level_id, impact_criterion_id) do nothing;
  insert into public.sri_functionality_level_impact_scores (functionality_level_id, impact_criterion_id, score)
  values ('302ef416-4bac-5c4e-9286-fce7100b06ff', (select id from public.sri_impact_criteria where methodology_version_id=v_mid and code='convenience'), 2) on conflict (functionality_level_id, impact_criterion_id) do nothing;
  insert into public.sri_functionality_level_impact_scores (functionality_level_id, impact_criterion_id, score)
  values ('302ef416-4bac-5c4e-9286-fce7100b06ff', (select id from public.sri_impact_criteria where methodology_version_id=v_mid and code='health_wellbeing_accessibility'), 0) on conflict (functionality_level_id, impact_criterion_id) do nothing;
  insert into public.sri_functionality_level_impact_scores (functionality_level_id, impact_criterion_id, score)
  values ('302ef416-4bac-5c4e-9286-fce7100b06ff', (select id from public.sri_impact_criteria where methodology_version_id=v_mid and code='maintenance_and_fault_prediction'), 0) on conflict (functionality_level_id, impact_criterion_id) do nothing;
  insert into public.sri_functionality_level_impact_scores (functionality_level_id, impact_criterion_id, score)
  values ('302ef416-4bac-5c4e-9286-fce7100b06ff', (select id from public.sri_impact_criteria where methodology_version_id=v_mid and code='information_to_occupants'), 0) on conflict (functionality_level_id, impact_criterion_id) do nothing;
  insert into public.sri_functionality_level_impact_scores (functionality_level_id, impact_criterion_id, score)
  values ('4a7b102e-1580-5b79-8a8c-7c2a9495b8c2', (select id from public.sri_impact_criteria where methodology_version_id=v_mid and code='energy_efficiency'), 2) on conflict (functionality_level_id, impact_criterion_id) do nothing;
  insert into public.sri_functionality_level_impact_scores (functionality_level_id, impact_criterion_id, score)
  values ('4a7b102e-1580-5b79-8a8c-7c2a9495b8c2', (select id from public.sri_impact_criteria where methodology_version_id=v_mid and code='energy_flexibility_and_storage'), 3) on conflict (functionality_level_id, impact_criterion_id) do nothing;
  insert into public.sri_functionality_level_impact_scores (functionality_level_id, impact_criterion_id, score)
  values ('4a7b102e-1580-5b79-8a8c-7c2a9495b8c2', (select id from public.sri_impact_criteria where methodology_version_id=v_mid and code='comfort'), 0) on conflict (functionality_level_id, impact_criterion_id) do nothing;
  insert into public.sri_functionality_level_impact_scores (functionality_level_id, impact_criterion_id, score)
  values ('4a7b102e-1580-5b79-8a8c-7c2a9495b8c2', (select id from public.sri_impact_criteria where methodology_version_id=v_mid and code='convenience'), 2) on conflict (functionality_level_id, impact_criterion_id) do nothing;
  insert into public.sri_functionality_level_impact_scores (functionality_level_id, impact_criterion_id, score)
  values ('4a7b102e-1580-5b79-8a8c-7c2a9495b8c2', (select id from public.sri_impact_criteria where methodology_version_id=v_mid and code='health_wellbeing_accessibility'), 0) on conflict (functionality_level_id, impact_criterion_id) do nothing;
  insert into public.sri_functionality_level_impact_scores (functionality_level_id, impact_criterion_id, score)
  values ('4a7b102e-1580-5b79-8a8c-7c2a9495b8c2', (select id from public.sri_impact_criteria where methodology_version_id=v_mid and code='maintenance_and_fault_prediction'), 0) on conflict (functionality_level_id, impact_criterion_id) do nothing;
  insert into public.sri_functionality_level_impact_scores (functionality_level_id, impact_criterion_id, score)
  values ('4a7b102e-1580-5b79-8a8c-7c2a9495b8c2', (select id from public.sri_impact_criteria where methodology_version_id=v_mid and code='information_to_occupants'), 0) on conflict (functionality_level_id, impact_criterion_id) do nothing;

  insert into public.sri_services (id, catalogue_id, domain_id, official_code, internal_code, sort_order, official_name, service_group, purpose, when_applicable, typical_devices, preconditions, fl_max, included_in_method_a, included_in_method_b, triage_affects_max, applicability_mode, mutual_exclusion_group, standards_basis, provenance)
  values ('63e059bf-7483-57ba-b32e-067ebdd60299', v_cat, (select id from public.sri_technical_domains where methodology_version_id=v_mid and code='domestic_hot_water'), 'DHW-1d', 'DHW-03', 13, '{"en": "Control of DHW storage charging (with solar collector and supplymentary heat generation)", "pl": "Sterowanie ładowaniem CWU (kolektor słoneczny + źródło uzupełniające)"}'::jsonb, 'Control DHW production facilities', '{"en": "Prioritize solar DHW with backup heat source control."}'::jsonb, '{"en": "When solar thermal DHW with backup exists."}'::jsonb, '{"Solar controllers","Backup boiler interfaces"}', 'Only applicable in case of DHW storage with solar collector', 3, false, true, false, 'smart_ready', null, '{"EN ISO 52120-1"}', 'VERIFIED_ANNEX_D')
  on conflict (catalogue_id, official_code) do nothing;
  insert into public.sri_functionality_levels (id, service_id, level_number, official_description)
  values ('ce3d3e3c-d5f5-5883-8adf-9273a9b1c918', '63e059bf-7483-57ba-b32e-067ebdd60299', 0, '{"en": "Manual selected control of solar energy or heat generation"}'::jsonb) on conflict (service_id, level_number) do nothing;
  insert into public.sri_functionality_levels (id, service_id, level_number, official_description)
  values ('87e99587-a934-5049-bfe1-a97eea974fac', '63e059bf-7483-57ba-b32e-067ebdd60299', 1, '{"en": "Automatic control of solar storage charge (Prio. 1) and supplementary storage charge"}'::jsonb) on conflict (service_id, level_number) do nothing;
  insert into public.sri_functionality_levels (id, service_id, level_number, official_description)
  values ('d5c9568e-dae3-50bd-82b8-6fb916d5d077', '63e059bf-7483-57ba-b32e-067ebdd60299', 2, '{"en": "Automatic control of solar storage charge (Prio. 1) and supplementary storage charge and demand-oriented supply or multi-sensor storage management"}'::jsonb) on conflict (service_id, level_number) do nothing;
  insert into public.sri_functionality_levels (id, service_id, level_number, official_description)
  values ('acad6974-0670-539d-b8a7-b902e11fe312', '63e059bf-7483-57ba-b32e-067ebdd60299', 3, '{"en": "Automatic control of solar storage charge (Prio. 1) and supplementary storage charge, demand-oriented supply and return temperature control and multi-sensor storage management"}'::jsonb) on conflict (service_id, level_number) do nothing;
  insert into public.sri_functionality_level_impact_scores (functionality_level_id, impact_criterion_id, score)
  values ('ce3d3e3c-d5f5-5883-8adf-9273a9b1c918', (select id from public.sri_impact_criteria where methodology_version_id=v_mid and code='energy_efficiency'), 0) on conflict (functionality_level_id, impact_criterion_id) do nothing;
  insert into public.sri_functionality_level_impact_scores (functionality_level_id, impact_criterion_id, score)
  values ('ce3d3e3c-d5f5-5883-8adf-9273a9b1c918', (select id from public.sri_impact_criteria where methodology_version_id=v_mid and code='energy_flexibility_and_storage'), 0) on conflict (functionality_level_id, impact_criterion_id) do nothing;
  insert into public.sri_functionality_level_impact_scores (functionality_level_id, impact_criterion_id, score)
  values ('ce3d3e3c-d5f5-5883-8adf-9273a9b1c918', (select id from public.sri_impact_criteria where methodology_version_id=v_mid and code='comfort'), 0) on conflict (functionality_level_id, impact_criterion_id) do nothing;
  insert into public.sri_functionality_level_impact_scores (functionality_level_id, impact_criterion_id, score)
  values ('ce3d3e3c-d5f5-5883-8adf-9273a9b1c918', (select id from public.sri_impact_criteria where methodology_version_id=v_mid and code='convenience'), 0) on conflict (functionality_level_id, impact_criterion_id) do nothing;
  insert into public.sri_functionality_level_impact_scores (functionality_level_id, impact_criterion_id, score)
  values ('ce3d3e3c-d5f5-5883-8adf-9273a9b1c918', (select id from public.sri_impact_criteria where methodology_version_id=v_mid and code='health_wellbeing_accessibility'), 0) on conflict (functionality_level_id, impact_criterion_id) do nothing;
  insert into public.sri_functionality_level_impact_scores (functionality_level_id, impact_criterion_id, score)
  values ('ce3d3e3c-d5f5-5883-8adf-9273a9b1c918', (select id from public.sri_impact_criteria where methodology_version_id=v_mid and code='maintenance_and_fault_prediction'), 0) on conflict (functionality_level_id, impact_criterion_id) do nothing;
  insert into public.sri_functionality_level_impact_scores (functionality_level_id, impact_criterion_id, score)
  values ('ce3d3e3c-d5f5-5883-8adf-9273a9b1c918', (select id from public.sri_impact_criteria where methodology_version_id=v_mid and code='information_to_occupants'), 0) on conflict (functionality_level_id, impact_criterion_id) do nothing;
  insert into public.sri_functionality_level_impact_scores (functionality_level_id, impact_criterion_id, score)
  values ('87e99587-a934-5049-bfe1-a97eea974fac', (select id from public.sri_impact_criteria where methodology_version_id=v_mid and code='energy_efficiency'), 1) on conflict (functionality_level_id, impact_criterion_id) do nothing;
  insert into public.sri_functionality_level_impact_scores (functionality_level_id, impact_criterion_id, score)
  values ('87e99587-a934-5049-bfe1-a97eea974fac', (select id from public.sri_impact_criteria where methodology_version_id=v_mid and code='energy_flexibility_and_storage'), 0) on conflict (functionality_level_id, impact_criterion_id) do nothing;
  insert into public.sri_functionality_level_impact_scores (functionality_level_id, impact_criterion_id, score)
  values ('87e99587-a934-5049-bfe1-a97eea974fac', (select id from public.sri_impact_criteria where methodology_version_id=v_mid and code='comfort'), 0) on conflict (functionality_level_id, impact_criterion_id) do nothing;
  insert into public.sri_functionality_level_impact_scores (functionality_level_id, impact_criterion_id, score)
  values ('87e99587-a934-5049-bfe1-a97eea974fac', (select id from public.sri_impact_criteria where methodology_version_id=v_mid and code='convenience'), 1) on conflict (functionality_level_id, impact_criterion_id) do nothing;
  insert into public.sri_functionality_level_impact_scores (functionality_level_id, impact_criterion_id, score)
  values ('87e99587-a934-5049-bfe1-a97eea974fac', (select id from public.sri_impact_criteria where methodology_version_id=v_mid and code='health_wellbeing_accessibility'), 0) on conflict (functionality_level_id, impact_criterion_id) do nothing;
  insert into public.sri_functionality_level_impact_scores (functionality_level_id, impact_criterion_id, score)
  values ('87e99587-a934-5049-bfe1-a97eea974fac', (select id from public.sri_impact_criteria where methodology_version_id=v_mid and code='maintenance_and_fault_prediction'), 0) on conflict (functionality_level_id, impact_criterion_id) do nothing;
  insert into public.sri_functionality_level_impact_scores (functionality_level_id, impact_criterion_id, score)
  values ('87e99587-a934-5049-bfe1-a97eea974fac', (select id from public.sri_impact_criteria where methodology_version_id=v_mid and code='information_to_occupants'), 0) on conflict (functionality_level_id, impact_criterion_id) do nothing;
  insert into public.sri_functionality_level_impact_scores (functionality_level_id, impact_criterion_id, score)
  values ('d5c9568e-dae3-50bd-82b8-6fb916d5d077', (select id from public.sri_impact_criteria where methodology_version_id=v_mid and code='energy_efficiency'), 2) on conflict (functionality_level_id, impact_criterion_id) do nothing;
  insert into public.sri_functionality_level_impact_scores (functionality_level_id, impact_criterion_id, score)
  values ('d5c9568e-dae3-50bd-82b8-6fb916d5d077', (select id from public.sri_impact_criteria where methodology_version_id=v_mid and code='energy_flexibility_and_storage'), 1) on conflict (functionality_level_id, impact_criterion_id) do nothing;
  insert into public.sri_functionality_level_impact_scores (functionality_level_id, impact_criterion_id, score)
  values ('d5c9568e-dae3-50bd-82b8-6fb916d5d077', (select id from public.sri_impact_criteria where methodology_version_id=v_mid and code='comfort'), 0) on conflict (functionality_level_id, impact_criterion_id) do nothing;
  insert into public.sri_functionality_level_impact_scores (functionality_level_id, impact_criterion_id, score)
  values ('d5c9568e-dae3-50bd-82b8-6fb916d5d077', (select id from public.sri_impact_criteria where methodology_version_id=v_mid and code='convenience'), 2) on conflict (functionality_level_id, impact_criterion_id) do nothing;
  insert into public.sri_functionality_level_impact_scores (functionality_level_id, impact_criterion_id, score)
  values ('d5c9568e-dae3-50bd-82b8-6fb916d5d077', (select id from public.sri_impact_criteria where methodology_version_id=v_mid and code='health_wellbeing_accessibility'), 0) on conflict (functionality_level_id, impact_criterion_id) do nothing;
  insert into public.sri_functionality_level_impact_scores (functionality_level_id, impact_criterion_id, score)
  values ('d5c9568e-dae3-50bd-82b8-6fb916d5d077', (select id from public.sri_impact_criteria where methodology_version_id=v_mid and code='maintenance_and_fault_prediction'), 0) on conflict (functionality_level_id, impact_criterion_id) do nothing;
  insert into public.sri_functionality_level_impact_scores (functionality_level_id, impact_criterion_id, score)
  values ('d5c9568e-dae3-50bd-82b8-6fb916d5d077', (select id from public.sri_impact_criteria where methodology_version_id=v_mid and code='information_to_occupants'), 0) on conflict (functionality_level_id, impact_criterion_id) do nothing;
  insert into public.sri_functionality_level_impact_scores (functionality_level_id, impact_criterion_id, score)
  values ('acad6974-0670-539d-b8a7-b902e11fe312', (select id from public.sri_impact_criteria where methodology_version_id=v_mid and code='energy_efficiency'), 3) on conflict (functionality_level_id, impact_criterion_id) do nothing;
  insert into public.sri_functionality_level_impact_scores (functionality_level_id, impact_criterion_id, score)
  values ('acad6974-0670-539d-b8a7-b902e11fe312', (select id from public.sri_impact_criteria where methodology_version_id=v_mid and code='energy_flexibility_and_storage'), 2) on conflict (functionality_level_id, impact_criterion_id) do nothing;
  insert into public.sri_functionality_level_impact_scores (functionality_level_id, impact_criterion_id, score)
  values ('acad6974-0670-539d-b8a7-b902e11fe312', (select id from public.sri_impact_criteria where methodology_version_id=v_mid and code='comfort'), 0) on conflict (functionality_level_id, impact_criterion_id) do nothing;
  insert into public.sri_functionality_level_impact_scores (functionality_level_id, impact_criterion_id, score)
  values ('acad6974-0670-539d-b8a7-b902e11fe312', (select id from public.sri_impact_criteria where methodology_version_id=v_mid and code='convenience'), 2) on conflict (functionality_level_id, impact_criterion_id) do nothing;
  insert into public.sri_functionality_level_impact_scores (functionality_level_id, impact_criterion_id, score)
  values ('acad6974-0670-539d-b8a7-b902e11fe312', (select id from public.sri_impact_criteria where methodology_version_id=v_mid and code='health_wellbeing_accessibility'), 0) on conflict (functionality_level_id, impact_criterion_id) do nothing;
  insert into public.sri_functionality_level_impact_scores (functionality_level_id, impact_criterion_id, score)
  values ('acad6974-0670-539d-b8a7-b902e11fe312', (select id from public.sri_impact_criteria where methodology_version_id=v_mid and code='maintenance_and_fault_prediction'), 0) on conflict (functionality_level_id, impact_criterion_id) do nothing;
  insert into public.sri_functionality_level_impact_scores (functionality_level_id, impact_criterion_id, score)
  values ('acad6974-0670-539d-b8a7-b902e11fe312', (select id from public.sri_impact_criteria where methodology_version_id=v_mid and code='information_to_occupants'), 0) on conflict (functionality_level_id, impact_criterion_id) do nothing;

  insert into public.sri_services (id, catalogue_id, domain_id, official_code, internal_code, sort_order, official_name, service_group, purpose, when_applicable, typical_devices, preconditions, fl_max, included_in_method_a, included_in_method_b, triage_affects_max, applicability_mode, mutual_exclusion_group, standards_basis, provenance)
  values ('8b8abd63-85e8-5257-ad9d-3bda50edffde', v_cat, (select id from public.sri_technical_domains where methodology_version_id=v_mid and code='domestic_hot_water'), 'DHW-2b', 'DHW-04', 14, '{"en": "Sequencing in case of different DHW generators", "pl": "Sekwencjonowanie wielu generatorów CWU"}'::jsonb, 'Control DHW production facilities', '{"en": "Select optimal DHW generator among multiple sources."}'::jsonb, '{"en": "When multiple DHW generation paths exist."}'::jsonb, '{"BMS sequencing","Multi-source DHW controllers"}', 'Only applicable in case of multiple heat generators, mostly restricted to large buildings', 4, false, true, false, 'smart_ready', null, '{"EN ISO 52120-1"}', 'VERIFIED_ANNEX_D')
  on conflict (catalogue_id, official_code) do nothing;
  insert into public.sri_functionality_levels (id, service_id, level_number, official_description)
  values ('69ca6baa-d9c1-5dc1-be0e-f27c156591f9', '8b8abd63-85e8-5257-ad9d-3bda50edffde', 0, '{"en": "Priorities only based on running time"}'::jsonb) on conflict (service_id, level_number) do nothing;
  insert into public.sri_functionality_levels (id, service_id, level_number, official_description)
  values ('5114d3ab-9777-52b9-8361-518c8e643d44', '8b8abd63-85e8-5257-ad9d-3bda50edffde', 1, '{"en": "Control according to fixed priority list: e.g. based on rated energy efficiency"}'::jsonb) on conflict (service_id, level_number) do nothing;
  insert into public.sri_functionality_levels (id, service_id, level_number, official_description)
  values ('dd4e4572-4848-57f5-b515-8bde8baba5fe', '8b8abd63-85e8-5257-ad9d-3bda50edffde', 2, '{"en": "Control according to dynamic priority list (based on current energy efficiency, carbon emissions and capacity of generators, e.g. solar, geothermal heat, cogeneration plant, fossil fuels)"}'::jsonb) on conflict (service_id, level_number) do nothing;
  insert into public.sri_functionality_levels (id, service_id, level_number, official_description)
  values ('b44bcc5f-c4e9-5372-858f-d6746cd41d81', '8b8abd63-85e8-5257-ad9d-3bda50edffde', 3, '{"en": "Control according to dynamic priority list (based on current AND predicted load, energy efficiency, carbon emissions  and capacity of generators)"}'::jsonb) on conflict (service_id, level_number) do nothing;
  insert into public.sri_functionality_levels (id, service_id, level_number, official_description)
  values ('181f5d82-b566-5ac0-bf47-0aab11b6186c', '8b8abd63-85e8-5257-ad9d-3bda50edffde', 4, '{"en": "Control according to dynamic priority list (based on current AND predicted load, energy efficiency, carbon emissions, capacity of generators AND external signals from grid)"}'::jsonb) on conflict (service_id, level_number) do nothing;
  insert into public.sri_functionality_level_impact_scores (functionality_level_id, impact_criterion_id, score)
  values ('69ca6baa-d9c1-5dc1-be0e-f27c156591f9', (select id from public.sri_impact_criteria where methodology_version_id=v_mid and code='energy_efficiency'), 0) on conflict (functionality_level_id, impact_criterion_id) do nothing;
  insert into public.sri_functionality_level_impact_scores (functionality_level_id, impact_criterion_id, score)
  values ('69ca6baa-d9c1-5dc1-be0e-f27c156591f9', (select id from public.sri_impact_criteria where methodology_version_id=v_mid and code='energy_flexibility_and_storage'), 0) on conflict (functionality_level_id, impact_criterion_id) do nothing;
  insert into public.sri_functionality_level_impact_scores (functionality_level_id, impact_criterion_id, score)
  values ('69ca6baa-d9c1-5dc1-be0e-f27c156591f9', (select id from public.sri_impact_criteria where methodology_version_id=v_mid and code='comfort'), 0) on conflict (functionality_level_id, impact_criterion_id) do nothing;
  insert into public.sri_functionality_level_impact_scores (functionality_level_id, impact_criterion_id, score)
  values ('69ca6baa-d9c1-5dc1-be0e-f27c156591f9', (select id from public.sri_impact_criteria where methodology_version_id=v_mid and code='convenience'), 0) on conflict (functionality_level_id, impact_criterion_id) do nothing;
  insert into public.sri_functionality_level_impact_scores (functionality_level_id, impact_criterion_id, score)
  values ('69ca6baa-d9c1-5dc1-be0e-f27c156591f9', (select id from public.sri_impact_criteria where methodology_version_id=v_mid and code='health_wellbeing_accessibility'), 0) on conflict (functionality_level_id, impact_criterion_id) do nothing;
  insert into public.sri_functionality_level_impact_scores (functionality_level_id, impact_criterion_id, score)
  values ('69ca6baa-d9c1-5dc1-be0e-f27c156591f9', (select id from public.sri_impact_criteria where methodology_version_id=v_mid and code='maintenance_and_fault_prediction'), 0) on conflict (functionality_level_id, impact_criterion_id) do nothing;
  insert into public.sri_functionality_level_impact_scores (functionality_level_id, impact_criterion_id, score)
  values ('69ca6baa-d9c1-5dc1-be0e-f27c156591f9', (select id from public.sri_impact_criteria where methodology_version_id=v_mid and code='information_to_occupants'), 0) on conflict (functionality_level_id, impact_criterion_id) do nothing;
  insert into public.sri_functionality_level_impact_scores (functionality_level_id, impact_criterion_id, score)
  values ('5114d3ab-9777-52b9-8361-518c8e643d44', (select id from public.sri_impact_criteria where methodology_version_id=v_mid and code='energy_efficiency'), 1) on conflict (functionality_level_id, impact_criterion_id) do nothing;
  insert into public.sri_functionality_level_impact_scores (functionality_level_id, impact_criterion_id, score)
  values ('5114d3ab-9777-52b9-8361-518c8e643d44', (select id from public.sri_impact_criteria where methodology_version_id=v_mid and code='energy_flexibility_and_storage'), 0) on conflict (functionality_level_id, impact_criterion_id) do nothing;
  insert into public.sri_functionality_level_impact_scores (functionality_level_id, impact_criterion_id, score)
  values ('5114d3ab-9777-52b9-8361-518c8e643d44', (select id from public.sri_impact_criteria where methodology_version_id=v_mid and code='comfort'), 0) on conflict (functionality_level_id, impact_criterion_id) do nothing;
  insert into public.sri_functionality_level_impact_scores (functionality_level_id, impact_criterion_id, score)
  values ('5114d3ab-9777-52b9-8361-518c8e643d44', (select id from public.sri_impact_criteria where methodology_version_id=v_mid and code='convenience'), 0) on conflict (functionality_level_id, impact_criterion_id) do nothing;
  insert into public.sri_functionality_level_impact_scores (functionality_level_id, impact_criterion_id, score)
  values ('5114d3ab-9777-52b9-8361-518c8e643d44', (select id from public.sri_impact_criteria where methodology_version_id=v_mid and code='health_wellbeing_accessibility'), 0) on conflict (functionality_level_id, impact_criterion_id) do nothing;
  insert into public.sri_functionality_level_impact_scores (functionality_level_id, impact_criterion_id, score)
  values ('5114d3ab-9777-52b9-8361-518c8e643d44', (select id from public.sri_impact_criteria where methodology_version_id=v_mid and code='maintenance_and_fault_prediction'), 0) on conflict (functionality_level_id, impact_criterion_id) do nothing;
  insert into public.sri_functionality_level_impact_scores (functionality_level_id, impact_criterion_id, score)
  values ('5114d3ab-9777-52b9-8361-518c8e643d44', (select id from public.sri_impact_criteria where methodology_version_id=v_mid and code='information_to_occupants'), 0) on conflict (functionality_level_id, impact_criterion_id) do nothing;
  insert into public.sri_functionality_level_impact_scores (functionality_level_id, impact_criterion_id, score)
  values ('dd4e4572-4848-57f5-b515-8bde8baba5fe', (select id from public.sri_impact_criteria where methodology_version_id=v_mid and code='energy_efficiency'), 2) on conflict (functionality_level_id, impact_criterion_id) do nothing;
  insert into public.sri_functionality_level_impact_scores (functionality_level_id, impact_criterion_id, score)
  values ('dd4e4572-4848-57f5-b515-8bde8baba5fe', (select id from public.sri_impact_criteria where methodology_version_id=v_mid and code='energy_flexibility_and_storage'), 1) on conflict (functionality_level_id, impact_criterion_id) do nothing;
  insert into public.sri_functionality_level_impact_scores (functionality_level_id, impact_criterion_id, score)
  values ('dd4e4572-4848-57f5-b515-8bde8baba5fe', (select id from public.sri_impact_criteria where methodology_version_id=v_mid and code='comfort'), 0) on conflict (functionality_level_id, impact_criterion_id) do nothing;
  insert into public.sri_functionality_level_impact_scores (functionality_level_id, impact_criterion_id, score)
  values ('dd4e4572-4848-57f5-b515-8bde8baba5fe', (select id from public.sri_impact_criteria where methodology_version_id=v_mid and code='convenience'), 0) on conflict (functionality_level_id, impact_criterion_id) do nothing;
  insert into public.sri_functionality_level_impact_scores (functionality_level_id, impact_criterion_id, score)
  values ('dd4e4572-4848-57f5-b515-8bde8baba5fe', (select id from public.sri_impact_criteria where methodology_version_id=v_mid and code='health_wellbeing_accessibility'), 0) on conflict (functionality_level_id, impact_criterion_id) do nothing;
  insert into public.sri_functionality_level_impact_scores (functionality_level_id, impact_criterion_id, score)
  values ('dd4e4572-4848-57f5-b515-8bde8baba5fe', (select id from public.sri_impact_criteria where methodology_version_id=v_mid and code='maintenance_and_fault_prediction'), 0) on conflict (functionality_level_id, impact_criterion_id) do nothing;
  insert into public.sri_functionality_level_impact_scores (functionality_level_id, impact_criterion_id, score)
  values ('dd4e4572-4848-57f5-b515-8bde8baba5fe', (select id from public.sri_impact_criteria where methodology_version_id=v_mid and code='information_to_occupants'), 0) on conflict (functionality_level_id, impact_criterion_id) do nothing;
  insert into public.sri_functionality_level_impact_scores (functionality_level_id, impact_criterion_id, score)
  values ('b44bcc5f-c4e9-5372-858f-d6746cd41d81', (select id from public.sri_impact_criteria where methodology_version_id=v_mid and code='energy_efficiency'), 3) on conflict (functionality_level_id, impact_criterion_id) do nothing;
  insert into public.sri_functionality_level_impact_scores (functionality_level_id, impact_criterion_id, score)
  values ('b44bcc5f-c4e9-5372-858f-d6746cd41d81', (select id from public.sri_impact_criteria where methodology_version_id=v_mid and code='energy_flexibility_and_storage'), 2) on conflict (functionality_level_id, impact_criterion_id) do nothing;
  insert into public.sri_functionality_level_impact_scores (functionality_level_id, impact_criterion_id, score)
  values ('b44bcc5f-c4e9-5372-858f-d6746cd41d81', (select id from public.sri_impact_criteria where methodology_version_id=v_mid and code='comfort'), 0) on conflict (functionality_level_id, impact_criterion_id) do nothing;
  insert into public.sri_functionality_level_impact_scores (functionality_level_id, impact_criterion_id, score)
  values ('b44bcc5f-c4e9-5372-858f-d6746cd41d81', (select id from public.sri_impact_criteria where methodology_version_id=v_mid and code='convenience'), 0) on conflict (functionality_level_id, impact_criterion_id) do nothing;
  insert into public.sri_functionality_level_impact_scores (functionality_level_id, impact_criterion_id, score)
  values ('b44bcc5f-c4e9-5372-858f-d6746cd41d81', (select id from public.sri_impact_criteria where methodology_version_id=v_mid and code='health_wellbeing_accessibility'), 0) on conflict (functionality_level_id, impact_criterion_id) do nothing;
  insert into public.sri_functionality_level_impact_scores (functionality_level_id, impact_criterion_id, score)
  values ('b44bcc5f-c4e9-5372-858f-d6746cd41d81', (select id from public.sri_impact_criteria where methodology_version_id=v_mid and code='maintenance_and_fault_prediction'), 0) on conflict (functionality_level_id, impact_criterion_id) do nothing;
  insert into public.sri_functionality_level_impact_scores (functionality_level_id, impact_criterion_id, score)
  values ('b44bcc5f-c4e9-5372-858f-d6746cd41d81', (select id from public.sri_impact_criteria where methodology_version_id=v_mid and code='information_to_occupants'), 0) on conflict (functionality_level_id, impact_criterion_id) do nothing;
  insert into public.sri_functionality_level_impact_scores (functionality_level_id, impact_criterion_id, score)
  values ('181f5d82-b566-5ac0-bf47-0aab11b6186c', (select id from public.sri_impact_criteria where methodology_version_id=v_mid and code='energy_efficiency'), 3) on conflict (functionality_level_id, impact_criterion_id) do nothing;
  insert into public.sri_functionality_level_impact_scores (functionality_level_id, impact_criterion_id, score)
  values ('181f5d82-b566-5ac0-bf47-0aab11b6186c', (select id from public.sri_impact_criteria where methodology_version_id=v_mid and code='energy_flexibility_and_storage'), 3) on conflict (functionality_level_id, impact_criterion_id) do nothing;
  insert into public.sri_functionality_level_impact_scores (functionality_level_id, impact_criterion_id, score)
  values ('181f5d82-b566-5ac0-bf47-0aab11b6186c', (select id from public.sri_impact_criteria where methodology_version_id=v_mid and code='comfort'), 0) on conflict (functionality_level_id, impact_criterion_id) do nothing;
  insert into public.sri_functionality_level_impact_scores (functionality_level_id, impact_criterion_id, score)
  values ('181f5d82-b566-5ac0-bf47-0aab11b6186c', (select id from public.sri_impact_criteria where methodology_version_id=v_mid and code='convenience'), 0) on conflict (functionality_level_id, impact_criterion_id) do nothing;
  insert into public.sri_functionality_level_impact_scores (functionality_level_id, impact_criterion_id, score)
  values ('181f5d82-b566-5ac0-bf47-0aab11b6186c', (select id from public.sri_impact_criteria where methodology_version_id=v_mid and code='health_wellbeing_accessibility'), 0) on conflict (functionality_level_id, impact_criterion_id) do nothing;
  insert into public.sri_functionality_level_impact_scores (functionality_level_id, impact_criterion_id, score)
  values ('181f5d82-b566-5ac0-bf47-0aab11b6186c', (select id from public.sri_impact_criteria where methodology_version_id=v_mid and code='maintenance_and_fault_prediction'), 0) on conflict (functionality_level_id, impact_criterion_id) do nothing;
  insert into public.sri_functionality_level_impact_scores (functionality_level_id, impact_criterion_id, score)
  values ('181f5d82-b566-5ac0-bf47-0aab11b6186c', (select id from public.sri_impact_criteria where methodology_version_id=v_mid and code='information_to_occupants'), 0) on conflict (functionality_level_id, impact_criterion_id) do nothing;

  insert into public.sri_services (id, catalogue_id, domain_id, official_code, internal_code, sort_order, official_name, service_group, purpose, when_applicable, typical_devices, preconditions, fl_max, included_in_method_a, included_in_method_b, triage_affects_max, applicability_mode, mutual_exclusion_group, standards_basis, provenance)
  values ('d19b1cdd-29e0-582d-899a-b45aa0b3b9db', v_cat, (select id from public.sri_technical_domains where methodology_version_id=v_mid and code='domestic_hot_water'), 'DHW-3', 'DHW-05', 15, '{"en": "Report information regarding domestic hot water performance", "pl": "Raportowanie informacji o pracy instalacji CWU"}'::jsonb, 'Information to occupants and facility managers', '{"en": "Report DHW temperatures, consumption and faults to users."}'::jsonb, '{"en": "When DHW system is present."}'::jsonb, '{"BMS","Smart water heaters with app"}', '0', 4, true, true, true, 'smart_ready', null, '{"DG ENER Technical Study 2020"}', 'VERIFIED_ANNEX_D')
  on conflict (catalogue_id, official_code) do nothing;
  insert into public.sri_functionality_levels (id, service_id, level_number, official_description)
  values ('4e5cfdf1-3a18-516f-91f0-238ee03a1be5', 'd19b1cdd-29e0-582d-899a-b45aa0b3b9db', 0, '{"en": "None"}'::jsonb) on conflict (service_id, level_number) do nothing;
  insert into public.sri_functionality_levels (id, service_id, level_number, official_description)
  values ('9a569cfe-1cc6-5d65-83be-e5f852a95ca9', 'd19b1cdd-29e0-582d-899a-b45aa0b3b9db', 1, '{"en": "Indication of actual values (e.g. temperatures, submetering energy usage)"}'::jsonb) on conflict (service_id, level_number) do nothing;
  insert into public.sri_functionality_levels (id, service_id, level_number, official_description)
  values ('ed516a79-c722-5170-a80b-357e3ca9d096', 'd19b1cdd-29e0-582d-899a-b45aa0b3b9db', 2, '{"en": "Actual values and historical data"}'::jsonb) on conflict (service_id, level_number) do nothing;
  insert into public.sri_functionality_levels (id, service_id, level_number, official_description)
  values ('4508c1fc-00a4-533c-8832-a35a0ccd49be', 'd19b1cdd-29e0-582d-899a-b45aa0b3b9db', 3, '{"en": "Performance evaluation including forecasting and/or benchmarking"}'::jsonb) on conflict (service_id, level_number) do nothing;
  insert into public.sri_functionality_levels (id, service_id, level_number, official_description)
  values ('82ead12b-7a73-582d-b91a-a43eff6074c4', 'd19b1cdd-29e0-582d-899a-b45aa0b3b9db', 4, '{"en": "Performance evaluation including forecasting and/or benchmarking; also including predictive management and fault detection"}'::jsonb) on conflict (service_id, level_number) do nothing;
  insert into public.sri_functionality_level_impact_scores (functionality_level_id, impact_criterion_id, score)
  values ('4e5cfdf1-3a18-516f-91f0-238ee03a1be5', (select id from public.sri_impact_criteria where methodology_version_id=v_mid and code='energy_efficiency'), 0) on conflict (functionality_level_id, impact_criterion_id) do nothing;
  insert into public.sri_functionality_level_impact_scores (functionality_level_id, impact_criterion_id, score)
  values ('4e5cfdf1-3a18-516f-91f0-238ee03a1be5', (select id from public.sri_impact_criteria where methodology_version_id=v_mid and code='energy_flexibility_and_storage'), 0) on conflict (functionality_level_id, impact_criterion_id) do nothing;
  insert into public.sri_functionality_level_impact_scores (functionality_level_id, impact_criterion_id, score)
  values ('4e5cfdf1-3a18-516f-91f0-238ee03a1be5', (select id from public.sri_impact_criteria where methodology_version_id=v_mid and code='comfort'), 0) on conflict (functionality_level_id, impact_criterion_id) do nothing;
  insert into public.sri_functionality_level_impact_scores (functionality_level_id, impact_criterion_id, score)
  values ('4e5cfdf1-3a18-516f-91f0-238ee03a1be5', (select id from public.sri_impact_criteria where methodology_version_id=v_mid and code='convenience'), 0) on conflict (functionality_level_id, impact_criterion_id) do nothing;
  insert into public.sri_functionality_level_impact_scores (functionality_level_id, impact_criterion_id, score)
  values ('4e5cfdf1-3a18-516f-91f0-238ee03a1be5', (select id from public.sri_impact_criteria where methodology_version_id=v_mid and code='health_wellbeing_accessibility'), 0) on conflict (functionality_level_id, impact_criterion_id) do nothing;
  insert into public.sri_functionality_level_impact_scores (functionality_level_id, impact_criterion_id, score)
  values ('4e5cfdf1-3a18-516f-91f0-238ee03a1be5', (select id from public.sri_impact_criteria where methodology_version_id=v_mid and code='maintenance_and_fault_prediction'), 0) on conflict (functionality_level_id, impact_criterion_id) do nothing;
  insert into public.sri_functionality_level_impact_scores (functionality_level_id, impact_criterion_id, score)
  values ('4e5cfdf1-3a18-516f-91f0-238ee03a1be5', (select id from public.sri_impact_criteria where methodology_version_id=v_mid and code='information_to_occupants'), 0) on conflict (functionality_level_id, impact_criterion_id) do nothing;
  insert into public.sri_functionality_level_impact_scores (functionality_level_id, impact_criterion_id, score)
  values ('9a569cfe-1cc6-5d65-83be-e5f852a95ca9', (select id from public.sri_impact_criteria where methodology_version_id=v_mid and code='energy_efficiency'), 1) on conflict (functionality_level_id, impact_criterion_id) do nothing;
  insert into public.sri_functionality_level_impact_scores (functionality_level_id, impact_criterion_id, score)
  values ('9a569cfe-1cc6-5d65-83be-e5f852a95ca9', (select id from public.sri_impact_criteria where methodology_version_id=v_mid and code='energy_flexibility_and_storage'), 0) on conflict (functionality_level_id, impact_criterion_id) do nothing;
  insert into public.sri_functionality_level_impact_scores (functionality_level_id, impact_criterion_id, score)
  values ('9a569cfe-1cc6-5d65-83be-e5f852a95ca9', (select id from public.sri_impact_criteria where methodology_version_id=v_mid and code='comfort'), 0) on conflict (functionality_level_id, impact_criterion_id) do nothing;
  insert into public.sri_functionality_level_impact_scores (functionality_level_id, impact_criterion_id, score)
  values ('9a569cfe-1cc6-5d65-83be-e5f852a95ca9', (select id from public.sri_impact_criteria where methodology_version_id=v_mid and code='convenience'), 0) on conflict (functionality_level_id, impact_criterion_id) do nothing;
  insert into public.sri_functionality_level_impact_scores (functionality_level_id, impact_criterion_id, score)
  values ('9a569cfe-1cc6-5d65-83be-e5f852a95ca9', (select id from public.sri_impact_criteria where methodology_version_id=v_mid and code='health_wellbeing_accessibility'), 0) on conflict (functionality_level_id, impact_criterion_id) do nothing;
  insert into public.sri_functionality_level_impact_scores (functionality_level_id, impact_criterion_id, score)
  values ('9a569cfe-1cc6-5d65-83be-e5f852a95ca9', (select id from public.sri_impact_criteria where methodology_version_id=v_mid and code='maintenance_and_fault_prediction'), 1) on conflict (functionality_level_id, impact_criterion_id) do nothing;
  insert into public.sri_functionality_level_impact_scores (functionality_level_id, impact_criterion_id, score)
  values ('9a569cfe-1cc6-5d65-83be-e5f852a95ca9', (select id from public.sri_impact_criteria where methodology_version_id=v_mid and code='information_to_occupants'), 1) on conflict (functionality_level_id, impact_criterion_id) do nothing;
  insert into public.sri_functionality_level_impact_scores (functionality_level_id, impact_criterion_id, score)
  values ('ed516a79-c722-5170-a80b-357e3ca9d096', (select id from public.sri_impact_criteria where methodology_version_id=v_mid and code='energy_efficiency'), 1) on conflict (functionality_level_id, impact_criterion_id) do nothing;
  insert into public.sri_functionality_level_impact_scores (functionality_level_id, impact_criterion_id, score)
  values ('ed516a79-c722-5170-a80b-357e3ca9d096', (select id from public.sri_impact_criteria where methodology_version_id=v_mid and code='energy_flexibility_and_storage'), 0) on conflict (functionality_level_id, impact_criterion_id) do nothing;
  insert into public.sri_functionality_level_impact_scores (functionality_level_id, impact_criterion_id, score)
  values ('ed516a79-c722-5170-a80b-357e3ca9d096', (select id from public.sri_impact_criteria where methodology_version_id=v_mid and code='comfort'), 0) on conflict (functionality_level_id, impact_criterion_id) do nothing;
  insert into public.sri_functionality_level_impact_scores (functionality_level_id, impact_criterion_id, score)
  values ('ed516a79-c722-5170-a80b-357e3ca9d096', (select id from public.sri_impact_criteria where methodology_version_id=v_mid and code='convenience'), 0) on conflict (functionality_level_id, impact_criterion_id) do nothing;
  insert into public.sri_functionality_level_impact_scores (functionality_level_id, impact_criterion_id, score)
  values ('ed516a79-c722-5170-a80b-357e3ca9d096', (select id from public.sri_impact_criteria where methodology_version_id=v_mid and code='health_wellbeing_accessibility'), 0) on conflict (functionality_level_id, impact_criterion_id) do nothing;
  insert into public.sri_functionality_level_impact_scores (functionality_level_id, impact_criterion_id, score)
  values ('ed516a79-c722-5170-a80b-357e3ca9d096', (select id from public.sri_impact_criteria where methodology_version_id=v_mid and code='maintenance_and_fault_prediction'), 1) on conflict (functionality_level_id, impact_criterion_id) do nothing;
  insert into public.sri_functionality_level_impact_scores (functionality_level_id, impact_criterion_id, score)
  values ('ed516a79-c722-5170-a80b-357e3ca9d096', (select id from public.sri_impact_criteria where methodology_version_id=v_mid and code='information_to_occupants'), 2) on conflict (functionality_level_id, impact_criterion_id) do nothing;
  insert into public.sri_functionality_level_impact_scores (functionality_level_id, impact_criterion_id, score)
  values ('4508c1fc-00a4-533c-8832-a35a0ccd49be', (select id from public.sri_impact_criteria where methodology_version_id=v_mid and code='energy_efficiency'), 1) on conflict (functionality_level_id, impact_criterion_id) do nothing;
  insert into public.sri_functionality_level_impact_scores (functionality_level_id, impact_criterion_id, score)
  values ('4508c1fc-00a4-533c-8832-a35a0ccd49be', (select id from public.sri_impact_criteria where methodology_version_id=v_mid and code='energy_flexibility_and_storage'), 0) on conflict (functionality_level_id, impact_criterion_id) do nothing;
  insert into public.sri_functionality_level_impact_scores (functionality_level_id, impact_criterion_id, score)
  values ('4508c1fc-00a4-533c-8832-a35a0ccd49be', (select id from public.sri_impact_criteria where methodology_version_id=v_mid and code='comfort'), 0) on conflict (functionality_level_id, impact_criterion_id) do nothing;
  insert into public.sri_functionality_level_impact_scores (functionality_level_id, impact_criterion_id, score)
  values ('4508c1fc-00a4-533c-8832-a35a0ccd49be', (select id from public.sri_impact_criteria where methodology_version_id=v_mid and code='convenience'), 0) on conflict (functionality_level_id, impact_criterion_id) do nothing;
  insert into public.sri_functionality_level_impact_scores (functionality_level_id, impact_criterion_id, score)
  values ('4508c1fc-00a4-533c-8832-a35a0ccd49be', (select id from public.sri_impact_criteria where methodology_version_id=v_mid and code='health_wellbeing_accessibility'), 0) on conflict (functionality_level_id, impact_criterion_id) do nothing;
  insert into public.sri_functionality_level_impact_scores (functionality_level_id, impact_criterion_id, score)
  values ('4508c1fc-00a4-533c-8832-a35a0ccd49be', (select id from public.sri_impact_criteria where methodology_version_id=v_mid and code='maintenance_and_fault_prediction'), 1) on conflict (functionality_level_id, impact_criterion_id) do nothing;
  insert into public.sri_functionality_level_impact_scores (functionality_level_id, impact_criterion_id, score)
  values ('4508c1fc-00a4-533c-8832-a35a0ccd49be', (select id from public.sri_impact_criteria where methodology_version_id=v_mid and code='information_to_occupants'), 3) on conflict (functionality_level_id, impact_criterion_id) do nothing;
  insert into public.sri_functionality_level_impact_scores (functionality_level_id, impact_criterion_id, score)
  values ('82ead12b-7a73-582d-b91a-a43eff6074c4', (select id from public.sri_impact_criteria where methodology_version_id=v_mid and code='energy_efficiency'), 1) on conflict (functionality_level_id, impact_criterion_id) do nothing;
  insert into public.sri_functionality_level_impact_scores (functionality_level_id, impact_criterion_id, score)
  values ('82ead12b-7a73-582d-b91a-a43eff6074c4', (select id from public.sri_impact_criteria where methodology_version_id=v_mid and code='energy_flexibility_and_storage'), 0) on conflict (functionality_level_id, impact_criterion_id) do nothing;
  insert into public.sri_functionality_level_impact_scores (functionality_level_id, impact_criterion_id, score)
  values ('82ead12b-7a73-582d-b91a-a43eff6074c4', (select id from public.sri_impact_criteria where methodology_version_id=v_mid and code='comfort'), 0) on conflict (functionality_level_id, impact_criterion_id) do nothing;
  insert into public.sri_functionality_level_impact_scores (functionality_level_id, impact_criterion_id, score)
  values ('82ead12b-7a73-582d-b91a-a43eff6074c4', (select id from public.sri_impact_criteria where methodology_version_id=v_mid and code='convenience'), 1) on conflict (functionality_level_id, impact_criterion_id) do nothing;
  insert into public.sri_functionality_level_impact_scores (functionality_level_id, impact_criterion_id, score)
  values ('82ead12b-7a73-582d-b91a-a43eff6074c4', (select id from public.sri_impact_criteria where methodology_version_id=v_mid and code='health_wellbeing_accessibility'), 0) on conflict (functionality_level_id, impact_criterion_id) do nothing;
  insert into public.sri_functionality_level_impact_scores (functionality_level_id, impact_criterion_id, score)
  values ('82ead12b-7a73-582d-b91a-a43eff6074c4', (select id from public.sri_impact_criteria where methodology_version_id=v_mid and code='maintenance_and_fault_prediction'), 2) on conflict (functionality_level_id, impact_criterion_id) do nothing;
  insert into public.sri_functionality_level_impact_scores (functionality_level_id, impact_criterion_id, score)
  values ('82ead12b-7a73-582d-b91a-a43eff6074c4', (select id from public.sri_impact_criteria where methodology_version_id=v_mid and code='information_to_occupants'), 3) on conflict (functionality_level_id, impact_criterion_id) do nothing;

  insert into public.sri_services (id, catalogue_id, domain_id, official_code, internal_code, sort_order, official_name, service_group, purpose, when_applicable, typical_devices, preconditions, fl_max, included_in_method_a, included_in_method_b, triage_affects_max, applicability_mode, mutual_exclusion_group, standards_basis, provenance)
  values ('74f40ff7-20f9-5e56-a2a5-34f584bf97f7', v_cat, (select id from public.sri_technical_domains where methodology_version_id=v_mid and code='cooling'), 'C-1a', 'C-01', 16, '{"en": "Cooling emission control", "pl": "Sterowanie emisją chłodu"}'::jsonb, 'Cooling control - demand side', '{"en": "Regulate cooling delivery to spaces based on demand."}'::jsonb, '{"en": "When cooling emitters (FCU, chilled ceilings, etc.) exist."}'::jsonb, '{"Room cooling controllers","FCU valves","BMS"}', 'Only applicable in case mechanical cooling systems are present', 4, true, true, false, 'smart_ready', null, '{"EN ISO 52120-1"}', 'VERIFIED_ANNEX_D')
  on conflict (catalogue_id, official_code) do nothing;
  insert into public.sri_functionality_levels (id, service_id, level_number, official_description)
  values ('9df208d5-5700-58df-a9bd-c34d2efd130d', '74f40ff7-20f9-5e56-a2a5-34f584bf97f7', 0, '{"en": "No automatic control"}'::jsonb) on conflict (service_id, level_number) do nothing;
  insert into public.sri_functionality_levels (id, service_id, level_number, official_description)
  values ('e61521c5-9b98-5cce-8c01-ff66c640442f', '74f40ff7-20f9-5e56-a2a5-34f584bf97f7', 1, '{"en": "Central automatic control"}'::jsonb) on conflict (service_id, level_number) do nothing;
  insert into public.sri_functionality_levels (id, service_id, level_number, official_description)
  values ('68f33794-c736-5b49-adea-898fd9ec8dbf', '74f40ff7-20f9-5e56-a2a5-34f584bf97f7', 2, '{"en": "Individual room control"}'::jsonb) on conflict (service_id, level_number) do nothing;
  insert into public.sri_functionality_levels (id, service_id, level_number, official_description)
  values ('124f1fcc-9f98-5ebd-8fa7-df19ce0e9a16', '74f40ff7-20f9-5e56-a2a5-34f584bf97f7', 3, '{"en": "Individual room control with communication between controllers and to BACS"}'::jsonb) on conflict (service_id, level_number) do nothing;
  insert into public.sri_functionality_levels (id, service_id, level_number, official_description)
  values ('76606263-ec13-5fec-a6a2-bdb9a6493252', '74f40ff7-20f9-5e56-a2a5-34f584bf97f7', 4, '{"en": "Individual room control with communication and occupancy detection"}'::jsonb) on conflict (service_id, level_number) do nothing;
  insert into public.sri_functionality_level_impact_scores (functionality_level_id, impact_criterion_id, score)
  values ('9df208d5-5700-58df-a9bd-c34d2efd130d', (select id from public.sri_impact_criteria where methodology_version_id=v_mid and code='energy_efficiency'), 0) on conflict (functionality_level_id, impact_criterion_id) do nothing;
  insert into public.sri_functionality_level_impact_scores (functionality_level_id, impact_criterion_id, score)
  values ('9df208d5-5700-58df-a9bd-c34d2efd130d', (select id from public.sri_impact_criteria where methodology_version_id=v_mid and code='energy_flexibility_and_storage'), 0) on conflict (functionality_level_id, impact_criterion_id) do nothing;
  insert into public.sri_functionality_level_impact_scores (functionality_level_id, impact_criterion_id, score)
  values ('9df208d5-5700-58df-a9bd-c34d2efd130d', (select id from public.sri_impact_criteria where methodology_version_id=v_mid and code='comfort'), 0) on conflict (functionality_level_id, impact_criterion_id) do nothing;
  insert into public.sri_functionality_level_impact_scores (functionality_level_id, impact_criterion_id, score)
  values ('9df208d5-5700-58df-a9bd-c34d2efd130d', (select id from public.sri_impact_criteria where methodology_version_id=v_mid and code='convenience'), 0) on conflict (functionality_level_id, impact_criterion_id) do nothing;
  insert into public.sri_functionality_level_impact_scores (functionality_level_id, impact_criterion_id, score)
  values ('9df208d5-5700-58df-a9bd-c34d2efd130d', (select id from public.sri_impact_criteria where methodology_version_id=v_mid and code='health_wellbeing_accessibility'), 0) on conflict (functionality_level_id, impact_criterion_id) do nothing;
  insert into public.sri_functionality_level_impact_scores (functionality_level_id, impact_criterion_id, score)
  values ('9df208d5-5700-58df-a9bd-c34d2efd130d', (select id from public.sri_impact_criteria where methodology_version_id=v_mid and code='maintenance_and_fault_prediction'), 0) on conflict (functionality_level_id, impact_criterion_id) do nothing;
  insert into public.sri_functionality_level_impact_scores (functionality_level_id, impact_criterion_id, score)
  values ('9df208d5-5700-58df-a9bd-c34d2efd130d', (select id from public.sri_impact_criteria where methodology_version_id=v_mid and code='information_to_occupants'), 0) on conflict (functionality_level_id, impact_criterion_id) do nothing;
  insert into public.sri_functionality_level_impact_scores (functionality_level_id, impact_criterion_id, score)
  values ('e61521c5-9b98-5cce-8c01-ff66c640442f', (select id from public.sri_impact_criteria where methodology_version_id=v_mid and code='energy_efficiency'), 1) on conflict (functionality_level_id, impact_criterion_id) do nothing;
  insert into public.sri_functionality_level_impact_scores (functionality_level_id, impact_criterion_id, score)
  values ('e61521c5-9b98-5cce-8c01-ff66c640442f', (select id from public.sri_impact_criteria where methodology_version_id=v_mid and code='energy_flexibility_and_storage'), 0) on conflict (functionality_level_id, impact_criterion_id) do nothing;
  insert into public.sri_functionality_level_impact_scores (functionality_level_id, impact_criterion_id, score)
  values ('e61521c5-9b98-5cce-8c01-ff66c640442f', (select id from public.sri_impact_criteria where methodology_version_id=v_mid and code='comfort'), 1) on conflict (functionality_level_id, impact_criterion_id) do nothing;
  insert into public.sri_functionality_level_impact_scores (functionality_level_id, impact_criterion_id, score)
  values ('e61521c5-9b98-5cce-8c01-ff66c640442f', (select id from public.sri_impact_criteria where methodology_version_id=v_mid and code='convenience'), 1) on conflict (functionality_level_id, impact_criterion_id) do nothing;
  insert into public.sri_functionality_level_impact_scores (functionality_level_id, impact_criterion_id, score)
  values ('e61521c5-9b98-5cce-8c01-ff66c640442f', (select id from public.sri_impact_criteria where methodology_version_id=v_mid and code='health_wellbeing_accessibility'), 1) on conflict (functionality_level_id, impact_criterion_id) do nothing;
  insert into public.sri_functionality_level_impact_scores (functionality_level_id, impact_criterion_id, score)
  values ('e61521c5-9b98-5cce-8c01-ff66c640442f', (select id from public.sri_impact_criteria where methodology_version_id=v_mid and code='maintenance_and_fault_prediction'), 0) on conflict (functionality_level_id, impact_criterion_id) do nothing;
  insert into public.sri_functionality_level_impact_scores (functionality_level_id, impact_criterion_id, score)
  values ('e61521c5-9b98-5cce-8c01-ff66c640442f', (select id from public.sri_impact_criteria where methodology_version_id=v_mid and code='information_to_occupants'), 0) on conflict (functionality_level_id, impact_criterion_id) do nothing;
  insert into public.sri_functionality_level_impact_scores (functionality_level_id, impact_criterion_id, score)
  values ('68f33794-c736-5b49-adea-898fd9ec8dbf', (select id from public.sri_impact_criteria where methodology_version_id=v_mid and code='energy_efficiency'), 1) on conflict (functionality_level_id, impact_criterion_id) do nothing;
  insert into public.sri_functionality_level_impact_scores (functionality_level_id, impact_criterion_id, score)
  values ('68f33794-c736-5b49-adea-898fd9ec8dbf', (select id from public.sri_impact_criteria where methodology_version_id=v_mid and code='energy_flexibility_and_storage'), 0) on conflict (functionality_level_id, impact_criterion_id) do nothing;
  insert into public.sri_functionality_level_impact_scores (functionality_level_id, impact_criterion_id, score)
  values ('68f33794-c736-5b49-adea-898fd9ec8dbf', (select id from public.sri_impact_criteria where methodology_version_id=v_mid and code='comfort'), 1) on conflict (functionality_level_id, impact_criterion_id) do nothing;
  insert into public.sri_functionality_level_impact_scores (functionality_level_id, impact_criterion_id, score)
  values ('68f33794-c736-5b49-adea-898fd9ec8dbf', (select id from public.sri_impact_criteria where methodology_version_id=v_mid and code='convenience'), 2) on conflict (functionality_level_id, impact_criterion_id) do nothing;
  insert into public.sri_functionality_level_impact_scores (functionality_level_id, impact_criterion_id, score)
  values ('68f33794-c736-5b49-adea-898fd9ec8dbf', (select id from public.sri_impact_criteria where methodology_version_id=v_mid and code='health_wellbeing_accessibility'), 2) on conflict (functionality_level_id, impact_criterion_id) do nothing;
  insert into public.sri_functionality_level_impact_scores (functionality_level_id, impact_criterion_id, score)
  values ('68f33794-c736-5b49-adea-898fd9ec8dbf', (select id from public.sri_impact_criteria where methodology_version_id=v_mid and code='maintenance_and_fault_prediction'), 0) on conflict (functionality_level_id, impact_criterion_id) do nothing;
  insert into public.sri_functionality_level_impact_scores (functionality_level_id, impact_criterion_id, score)
  values ('68f33794-c736-5b49-adea-898fd9ec8dbf', (select id from public.sri_impact_criteria where methodology_version_id=v_mid and code='information_to_occupants'), 0) on conflict (functionality_level_id, impact_criterion_id) do nothing;
  insert into public.sri_functionality_level_impact_scores (functionality_level_id, impact_criterion_id, score)
  values ('124f1fcc-9f98-5ebd-8fa7-df19ce0e9a16', (select id from public.sri_impact_criteria where methodology_version_id=v_mid and code='energy_efficiency'), 2) on conflict (functionality_level_id, impact_criterion_id) do nothing;
  insert into public.sri_functionality_level_impact_scores (functionality_level_id, impact_criterion_id, score)
  values ('124f1fcc-9f98-5ebd-8fa7-df19ce0e9a16', (select id from public.sri_impact_criteria where methodology_version_id=v_mid and code='energy_flexibility_and_storage'), 0) on conflict (functionality_level_id, impact_criterion_id) do nothing;
  insert into public.sri_functionality_level_impact_scores (functionality_level_id, impact_criterion_id, score)
  values ('124f1fcc-9f98-5ebd-8fa7-df19ce0e9a16', (select id from public.sri_impact_criteria where methodology_version_id=v_mid and code='comfort'), 2) on conflict (functionality_level_id, impact_criterion_id) do nothing;
  insert into public.sri_functionality_level_impact_scores (functionality_level_id, impact_criterion_id, score)
  values ('124f1fcc-9f98-5ebd-8fa7-df19ce0e9a16', (select id from public.sri_impact_criteria where methodology_version_id=v_mid and code='convenience'), 3) on conflict (functionality_level_id, impact_criterion_id) do nothing;
  insert into public.sri_functionality_level_impact_scores (functionality_level_id, impact_criterion_id, score)
  values ('124f1fcc-9f98-5ebd-8fa7-df19ce0e9a16', (select id from public.sri_impact_criteria where methodology_version_id=v_mid and code='health_wellbeing_accessibility'), 2) on conflict (functionality_level_id, impact_criterion_id) do nothing;
  insert into public.sri_functionality_level_impact_scores (functionality_level_id, impact_criterion_id, score)
  values ('124f1fcc-9f98-5ebd-8fa7-df19ce0e9a16', (select id from public.sri_impact_criteria where methodology_version_id=v_mid and code='maintenance_and_fault_prediction'), 1) on conflict (functionality_level_id, impact_criterion_id) do nothing;
  insert into public.sri_functionality_level_impact_scores (functionality_level_id, impact_criterion_id, score)
  values ('124f1fcc-9f98-5ebd-8fa7-df19ce0e9a16', (select id from public.sri_impact_criteria where methodology_version_id=v_mid and code='information_to_occupants'), 0) on conflict (functionality_level_id, impact_criterion_id) do nothing;
  insert into public.sri_functionality_level_impact_scores (functionality_level_id, impact_criterion_id, score)
  values ('76606263-ec13-5fec-a6a2-bdb9a6493252', (select id from public.sri_impact_criteria where methodology_version_id=v_mid and code='energy_efficiency'), 3) on conflict (functionality_level_id, impact_criterion_id) do nothing;
  insert into public.sri_functionality_level_impact_scores (functionality_level_id, impact_criterion_id, score)
  values ('76606263-ec13-5fec-a6a2-bdb9a6493252', (select id from public.sri_impact_criteria where methodology_version_id=v_mid and code='energy_flexibility_and_storage'), 0) on conflict (functionality_level_id, impact_criterion_id) do nothing;
  insert into public.sri_functionality_level_impact_scores (functionality_level_id, impact_criterion_id, score)
  values ('76606263-ec13-5fec-a6a2-bdb9a6493252', (select id from public.sri_impact_criteria where methodology_version_id=v_mid and code='comfort'), 2) on conflict (functionality_level_id, impact_criterion_id) do nothing;
  insert into public.sri_functionality_level_impact_scores (functionality_level_id, impact_criterion_id, score)
  values ('76606263-ec13-5fec-a6a2-bdb9a6493252', (select id from public.sri_impact_criteria where methodology_version_id=v_mid and code='convenience'), 3) on conflict (functionality_level_id, impact_criterion_id) do nothing;
  insert into public.sri_functionality_level_impact_scores (functionality_level_id, impact_criterion_id, score)
  values ('76606263-ec13-5fec-a6a2-bdb9a6493252', (select id from public.sri_impact_criteria where methodology_version_id=v_mid and code='health_wellbeing_accessibility'), 2) on conflict (functionality_level_id, impact_criterion_id) do nothing;
  insert into public.sri_functionality_level_impact_scores (functionality_level_id, impact_criterion_id, score)
  values ('76606263-ec13-5fec-a6a2-bdb9a6493252', (select id from public.sri_impact_criteria where methodology_version_id=v_mid and code='maintenance_and_fault_prediction'), 1) on conflict (functionality_level_id, impact_criterion_id) do nothing;
  insert into public.sri_functionality_level_impact_scores (functionality_level_id, impact_criterion_id, score)
  values ('76606263-ec13-5fec-a6a2-bdb9a6493252', (select id from public.sri_impact_criteria where methodology_version_id=v_mid and code='information_to_occupants'), 0) on conflict (functionality_level_id, impact_criterion_id) do nothing;

  insert into public.sri_services (id, catalogue_id, domain_id, official_code, internal_code, sort_order, official_name, service_group, purpose, when_applicable, typical_devices, preconditions, fl_max, included_in_method_a, included_in_method_b, triage_affects_max, applicability_mode, mutual_exclusion_group, standards_basis, provenance)
  values ('ae54a9ab-d688-56bc-bdd0-6bed63327fe1', v_cat, (select id from public.sri_technical_domains where methodology_version_id=v_mid and code='cooling'), 'C-1b', 'C-02', 17, '{"en": "Emission control for TABS (cooling mode)", "pl": "Sterowanie emisją TABS (tryb chłodzenia)"}'::jsonb, 'Cooling control - demand side', '{"en": "Control TABS for cooling operation."}'::jsonb, '{"en": "When TABS used for cooling."}'::jsonb, '{"TABS cooling controllers"}', 'Only applicable in case mechanical cooling systems  based on TABS are present', 3, false, true, false, 'smart_ready', null, '{"EN ISO 52120-1"}', 'VERIFIED_ANNEX_D')
  on conflict (catalogue_id, official_code) do nothing;
  insert into public.sri_functionality_levels (id, service_id, level_number, official_description)
  values ('acefa7b6-c944-5b13-a333-8b019c44857b', 'ae54a9ab-d688-56bc-bdd0-6bed63327fe1', 0, '{"en": "No automatic control"}'::jsonb) on conflict (service_id, level_number) do nothing;
  insert into public.sri_functionality_levels (id, service_id, level_number, official_description)
  values ('cbd79bf8-9697-51b8-b1b2-0c48c67c09fd', 'ae54a9ab-d688-56bc-bdd0-6bed63327fe1', 1, '{"en": "Central automatic control"}'::jsonb) on conflict (service_id, level_number) do nothing;
  insert into public.sri_functionality_levels (id, service_id, level_number, official_description)
  values ('73e90b9d-2232-59d1-bb69-96287a153c39', 'ae54a9ab-d688-56bc-bdd0-6bed63327fe1', 2, '{"en": "Advanced central automatic control"}'::jsonb) on conflict (service_id, level_number) do nothing;
  insert into public.sri_functionality_levels (id, service_id, level_number, official_description)
  values ('3fdc0357-c3b1-5f8c-b871-4c06d65f2970', 'ae54a9ab-d688-56bc-bdd0-6bed63327fe1', 3, '{"en": "Advanced central automatic control with intermittent operation and/or room temperature feedback control"}'::jsonb) on conflict (service_id, level_number) do nothing;
  insert into public.sri_functionality_level_impact_scores (functionality_level_id, impact_criterion_id, score)
  values ('acefa7b6-c944-5b13-a333-8b019c44857b', (select id from public.sri_impact_criteria where methodology_version_id=v_mid and code='energy_efficiency'), 0) on conflict (functionality_level_id, impact_criterion_id) do nothing;
  insert into public.sri_functionality_level_impact_scores (functionality_level_id, impact_criterion_id, score)
  values ('acefa7b6-c944-5b13-a333-8b019c44857b', (select id from public.sri_impact_criteria where methodology_version_id=v_mid and code='energy_flexibility_and_storage'), 0) on conflict (functionality_level_id, impact_criterion_id) do nothing;
  insert into public.sri_functionality_level_impact_scores (functionality_level_id, impact_criterion_id, score)
  values ('acefa7b6-c944-5b13-a333-8b019c44857b', (select id from public.sri_impact_criteria where methodology_version_id=v_mid and code='comfort'), 0) on conflict (functionality_level_id, impact_criterion_id) do nothing;
  insert into public.sri_functionality_level_impact_scores (functionality_level_id, impact_criterion_id, score)
  values ('acefa7b6-c944-5b13-a333-8b019c44857b', (select id from public.sri_impact_criteria where methodology_version_id=v_mid and code='convenience'), 0) on conflict (functionality_level_id, impact_criterion_id) do nothing;
  insert into public.sri_functionality_level_impact_scores (functionality_level_id, impact_criterion_id, score)
  values ('acefa7b6-c944-5b13-a333-8b019c44857b', (select id from public.sri_impact_criteria where methodology_version_id=v_mid and code='health_wellbeing_accessibility'), 0) on conflict (functionality_level_id, impact_criterion_id) do nothing;
  insert into public.sri_functionality_level_impact_scores (functionality_level_id, impact_criterion_id, score)
  values ('acefa7b6-c944-5b13-a333-8b019c44857b', (select id from public.sri_impact_criteria where methodology_version_id=v_mid and code='maintenance_and_fault_prediction'), 0) on conflict (functionality_level_id, impact_criterion_id) do nothing;
  insert into public.sri_functionality_level_impact_scores (functionality_level_id, impact_criterion_id, score)
  values ('acefa7b6-c944-5b13-a333-8b019c44857b', (select id from public.sri_impact_criteria where methodology_version_id=v_mid and code='information_to_occupants'), 0) on conflict (functionality_level_id, impact_criterion_id) do nothing;
  insert into public.sri_functionality_level_impact_scores (functionality_level_id, impact_criterion_id, score)
  values ('cbd79bf8-9697-51b8-b1b2-0c48c67c09fd', (select id from public.sri_impact_criteria where methodology_version_id=v_mid and code='energy_efficiency'), 1) on conflict (functionality_level_id, impact_criterion_id) do nothing;
  insert into public.sri_functionality_level_impact_scores (functionality_level_id, impact_criterion_id, score)
  values ('cbd79bf8-9697-51b8-b1b2-0c48c67c09fd', (select id from public.sri_impact_criteria where methodology_version_id=v_mid and code='energy_flexibility_and_storage'), 0) on conflict (functionality_level_id, impact_criterion_id) do nothing;
  insert into public.sri_functionality_level_impact_scores (functionality_level_id, impact_criterion_id, score)
  values ('cbd79bf8-9697-51b8-b1b2-0c48c67c09fd', (select id from public.sri_impact_criteria where methodology_version_id=v_mid and code='comfort'), 1) on conflict (functionality_level_id, impact_criterion_id) do nothing;
  insert into public.sri_functionality_level_impact_scores (functionality_level_id, impact_criterion_id, score)
  values ('cbd79bf8-9697-51b8-b1b2-0c48c67c09fd', (select id from public.sri_impact_criteria where methodology_version_id=v_mid and code='convenience'), 1) on conflict (functionality_level_id, impact_criterion_id) do nothing;
  insert into public.sri_functionality_level_impact_scores (functionality_level_id, impact_criterion_id, score)
  values ('cbd79bf8-9697-51b8-b1b2-0c48c67c09fd', (select id from public.sri_impact_criteria where methodology_version_id=v_mid and code='health_wellbeing_accessibility'), 1) on conflict (functionality_level_id, impact_criterion_id) do nothing;
  insert into public.sri_functionality_level_impact_scores (functionality_level_id, impact_criterion_id, score)
  values ('cbd79bf8-9697-51b8-b1b2-0c48c67c09fd', (select id from public.sri_impact_criteria where methodology_version_id=v_mid and code='maintenance_and_fault_prediction'), 0) on conflict (functionality_level_id, impact_criterion_id) do nothing;
  insert into public.sri_functionality_level_impact_scores (functionality_level_id, impact_criterion_id, score)
  values ('cbd79bf8-9697-51b8-b1b2-0c48c67c09fd', (select id from public.sri_impact_criteria where methodology_version_id=v_mid and code='information_to_occupants'), 0) on conflict (functionality_level_id, impact_criterion_id) do nothing;
  insert into public.sri_functionality_level_impact_scores (functionality_level_id, impact_criterion_id, score)
  values ('73e90b9d-2232-59d1-bb69-96287a153c39', (select id from public.sri_impact_criteria where methodology_version_id=v_mid and code='energy_efficiency'), 1) on conflict (functionality_level_id, impact_criterion_id) do nothing;
  insert into public.sri_functionality_level_impact_scores (functionality_level_id, impact_criterion_id, score)
  values ('73e90b9d-2232-59d1-bb69-96287a153c39', (select id from public.sri_impact_criteria where methodology_version_id=v_mid and code='energy_flexibility_and_storage'), 0) on conflict (functionality_level_id, impact_criterion_id) do nothing;
  insert into public.sri_functionality_level_impact_scores (functionality_level_id, impact_criterion_id, score)
  values ('73e90b9d-2232-59d1-bb69-96287a153c39', (select id from public.sri_impact_criteria where methodology_version_id=v_mid and code='comfort'), 1) on conflict (functionality_level_id, impact_criterion_id) do nothing;
  insert into public.sri_functionality_level_impact_scores (functionality_level_id, impact_criterion_id, score)
  values ('73e90b9d-2232-59d1-bb69-96287a153c39', (select id from public.sri_impact_criteria where methodology_version_id=v_mid and code='convenience'), 1) on conflict (functionality_level_id, impact_criterion_id) do nothing;
  insert into public.sri_functionality_level_impact_scores (functionality_level_id, impact_criterion_id, score)
  values ('73e90b9d-2232-59d1-bb69-96287a153c39', (select id from public.sri_impact_criteria where methodology_version_id=v_mid and code='health_wellbeing_accessibility'), 2) on conflict (functionality_level_id, impact_criterion_id) do nothing;
  insert into public.sri_functionality_level_impact_scores (functionality_level_id, impact_criterion_id, score)
  values ('73e90b9d-2232-59d1-bb69-96287a153c39', (select id from public.sri_impact_criteria where methodology_version_id=v_mid and code='maintenance_and_fault_prediction'), 0) on conflict (functionality_level_id, impact_criterion_id) do nothing;
  insert into public.sri_functionality_level_impact_scores (functionality_level_id, impact_criterion_id, score)
  values ('73e90b9d-2232-59d1-bb69-96287a153c39', (select id from public.sri_impact_criteria where methodology_version_id=v_mid and code='information_to_occupants'), 0) on conflict (functionality_level_id, impact_criterion_id) do nothing;
  insert into public.sri_functionality_level_impact_scores (functionality_level_id, impact_criterion_id, score)
  values ('3fdc0357-c3b1-5f8c-b871-4c06d65f2970', (select id from public.sri_impact_criteria where methodology_version_id=v_mid and code='energy_efficiency'), 2) on conflict (functionality_level_id, impact_criterion_id) do nothing;
  insert into public.sri_functionality_level_impact_scores (functionality_level_id, impact_criterion_id, score)
  values ('3fdc0357-c3b1-5f8c-b871-4c06d65f2970', (select id from public.sri_impact_criteria where methodology_version_id=v_mid and code='energy_flexibility_and_storage'), 0) on conflict (functionality_level_id, impact_criterion_id) do nothing;
  insert into public.sri_functionality_level_impact_scores (functionality_level_id, impact_criterion_id, score)
  values ('3fdc0357-c3b1-5f8c-b871-4c06d65f2970', (select id from public.sri_impact_criteria where methodology_version_id=v_mid and code='comfort'), 2) on conflict (functionality_level_id, impact_criterion_id) do nothing;
  insert into public.sri_functionality_level_impact_scores (functionality_level_id, impact_criterion_id, score)
  values ('3fdc0357-c3b1-5f8c-b871-4c06d65f2970', (select id from public.sri_impact_criteria where methodology_version_id=v_mid and code='convenience'), 3) on conflict (functionality_level_id, impact_criterion_id) do nothing;
  insert into public.sri_functionality_level_impact_scores (functionality_level_id, impact_criterion_id, score)
  values ('3fdc0357-c3b1-5f8c-b871-4c06d65f2970', (select id from public.sri_impact_criteria where methodology_version_id=v_mid and code='health_wellbeing_accessibility'), 2) on conflict (functionality_level_id, impact_criterion_id) do nothing;
  insert into public.sri_functionality_level_impact_scores (functionality_level_id, impact_criterion_id, score)
  values ('3fdc0357-c3b1-5f8c-b871-4c06d65f2970', (select id from public.sri_impact_criteria where methodology_version_id=v_mid and code='maintenance_and_fault_prediction'), 1) on conflict (functionality_level_id, impact_criterion_id) do nothing;
  insert into public.sri_functionality_level_impact_scores (functionality_level_id, impact_criterion_id, score)
  values ('3fdc0357-c3b1-5f8c-b871-4c06d65f2970', (select id from public.sri_impact_criteria where methodology_version_id=v_mid and code='information_to_occupants'), 1) on conflict (functionality_level_id, impact_criterion_id) do nothing;

  insert into public.sri_services (id, catalogue_id, domain_id, official_code, internal_code, sort_order, official_name, service_group, purpose, when_applicable, typical_devices, preconditions, fl_max, included_in_method_a, included_in_method_b, triage_affects_max, applicability_mode, mutual_exclusion_group, standards_basis, provenance)
  values ('3e68969f-7656-5ba7-9cce-859ddc1adb4f', v_cat, (select id from public.sri_technical_domains where methodology_version_id=v_mid and code='cooling'), 'C-1c', 'C-03', 18, '{"en": "Control of distribution network chilled water temperature (supply or return)", "pl": "Sterowanie agregatem chłodu"}'::jsonb, 'Cooling control - demand side', '{"en": "Modulate chillers/ cooling plant to match load."}'::jsonb, '{"en": "When mechanical cooling plant exists."}'::jsonb, '{"Chiller controllers","VRF systems","Cooling towers"}', 'Only applicable in case mechanical cooling systems  with hydronic distribution system are present', 2, false, true, false, 'smart_ready', null, '{"EN ISO 52120-1"}', 'VERIFIED_ANNEX_D')
  on conflict (catalogue_id, official_code) do nothing;
  insert into public.sri_functionality_levels (id, service_id, level_number, official_description)
  values ('2d2abca1-e5e3-5308-9e12-9ab4e26b2676', '3e68969f-7656-5ba7-9cce-859ddc1adb4f', 0, '{"en": "Constant temperature control"}'::jsonb) on conflict (service_id, level_number) do nothing;
  insert into public.sri_functionality_levels (id, service_id, level_number, official_description)
  values ('583a1d2d-0356-50b6-a052-a13356dcc3ff', '3e68969f-7656-5ba7-9cce-859ddc1adb4f', 1, '{"en": "Outside temperature compensated control"}'::jsonb) on conflict (service_id, level_number) do nothing;
  insert into public.sri_functionality_levels (id, service_id, level_number, official_description)
  values ('6f43f9db-f3be-56d6-8397-13d0a3a8c61d', '3e68969f-7656-5ba7-9cce-859ddc1adb4f', 2, '{"en": "Demand based control"}'::jsonb) on conflict (service_id, level_number) do nothing;
  insert into public.sri_functionality_level_impact_scores (functionality_level_id, impact_criterion_id, score)
  values ('2d2abca1-e5e3-5308-9e12-9ab4e26b2676', (select id from public.sri_impact_criteria where methodology_version_id=v_mid and code='energy_efficiency'), 0) on conflict (functionality_level_id, impact_criterion_id) do nothing;
  insert into public.sri_functionality_level_impact_scores (functionality_level_id, impact_criterion_id, score)
  values ('2d2abca1-e5e3-5308-9e12-9ab4e26b2676', (select id from public.sri_impact_criteria where methodology_version_id=v_mid and code='energy_flexibility_and_storage'), 0) on conflict (functionality_level_id, impact_criterion_id) do nothing;
  insert into public.sri_functionality_level_impact_scores (functionality_level_id, impact_criterion_id, score)
  values ('2d2abca1-e5e3-5308-9e12-9ab4e26b2676', (select id from public.sri_impact_criteria where methodology_version_id=v_mid and code='comfort'), 0) on conflict (functionality_level_id, impact_criterion_id) do nothing;
  insert into public.sri_functionality_level_impact_scores (functionality_level_id, impact_criterion_id, score)
  values ('2d2abca1-e5e3-5308-9e12-9ab4e26b2676', (select id from public.sri_impact_criteria where methodology_version_id=v_mid and code='convenience'), 0) on conflict (functionality_level_id, impact_criterion_id) do nothing;
  insert into public.sri_functionality_level_impact_scores (functionality_level_id, impact_criterion_id, score)
  values ('2d2abca1-e5e3-5308-9e12-9ab4e26b2676', (select id from public.sri_impact_criteria where methodology_version_id=v_mid and code='health_wellbeing_accessibility'), 0) on conflict (functionality_level_id, impact_criterion_id) do nothing;
  insert into public.sri_functionality_level_impact_scores (functionality_level_id, impact_criterion_id, score)
  values ('2d2abca1-e5e3-5308-9e12-9ab4e26b2676', (select id from public.sri_impact_criteria where methodology_version_id=v_mid and code='maintenance_and_fault_prediction'), 0) on conflict (functionality_level_id, impact_criterion_id) do nothing;
  insert into public.sri_functionality_level_impact_scores (functionality_level_id, impact_criterion_id, score)
  values ('2d2abca1-e5e3-5308-9e12-9ab4e26b2676', (select id from public.sri_impact_criteria where methodology_version_id=v_mid and code='information_to_occupants'), 0) on conflict (functionality_level_id, impact_criterion_id) do nothing;
  insert into public.sri_functionality_level_impact_scores (functionality_level_id, impact_criterion_id, score)
  values ('583a1d2d-0356-50b6-a052-a13356dcc3ff', (select id from public.sri_impact_criteria where methodology_version_id=v_mid and code='energy_efficiency'), 1) on conflict (functionality_level_id, impact_criterion_id) do nothing;
  insert into public.sri_functionality_level_impact_scores (functionality_level_id, impact_criterion_id, score)
  values ('583a1d2d-0356-50b6-a052-a13356dcc3ff', (select id from public.sri_impact_criteria where methodology_version_id=v_mid and code='energy_flexibility_and_storage'), 0) on conflict (functionality_level_id, impact_criterion_id) do nothing;
  insert into public.sri_functionality_level_impact_scores (functionality_level_id, impact_criterion_id, score)
  values ('583a1d2d-0356-50b6-a052-a13356dcc3ff', (select id from public.sri_impact_criteria where methodology_version_id=v_mid and code='comfort'), 1) on conflict (functionality_level_id, impact_criterion_id) do nothing;
  insert into public.sri_functionality_level_impact_scores (functionality_level_id, impact_criterion_id, score)
  values ('583a1d2d-0356-50b6-a052-a13356dcc3ff', (select id from public.sri_impact_criteria where methodology_version_id=v_mid and code='convenience'), 1) on conflict (functionality_level_id, impact_criterion_id) do nothing;
  insert into public.sri_functionality_level_impact_scores (functionality_level_id, impact_criterion_id, score)
  values ('583a1d2d-0356-50b6-a052-a13356dcc3ff', (select id from public.sri_impact_criteria where methodology_version_id=v_mid and code='health_wellbeing_accessibility'), 0) on conflict (functionality_level_id, impact_criterion_id) do nothing;
  insert into public.sri_functionality_level_impact_scores (functionality_level_id, impact_criterion_id, score)
  values ('583a1d2d-0356-50b6-a052-a13356dcc3ff', (select id from public.sri_impact_criteria where methodology_version_id=v_mid and code='maintenance_and_fault_prediction'), 0) on conflict (functionality_level_id, impact_criterion_id) do nothing;
  insert into public.sri_functionality_level_impact_scores (functionality_level_id, impact_criterion_id, score)
  values ('583a1d2d-0356-50b6-a052-a13356dcc3ff', (select id from public.sri_impact_criteria where methodology_version_id=v_mid and code='information_to_occupants'), 0) on conflict (functionality_level_id, impact_criterion_id) do nothing;
  insert into public.sri_functionality_level_impact_scores (functionality_level_id, impact_criterion_id, score)
  values ('6f43f9db-f3be-56d6-8397-13d0a3a8c61d', (select id from public.sri_impact_criteria where methodology_version_id=v_mid and code='energy_efficiency'), 2) on conflict (functionality_level_id, impact_criterion_id) do nothing;
  insert into public.sri_functionality_level_impact_scores (functionality_level_id, impact_criterion_id, score)
  values ('6f43f9db-f3be-56d6-8397-13d0a3a8c61d', (select id from public.sri_impact_criteria where methodology_version_id=v_mid and code='energy_flexibility_and_storage'), 0) on conflict (functionality_level_id, impact_criterion_id) do nothing;
  insert into public.sri_functionality_level_impact_scores (functionality_level_id, impact_criterion_id, score)
  values ('6f43f9db-f3be-56d6-8397-13d0a3a8c61d', (select id from public.sri_impact_criteria where methodology_version_id=v_mid and code='comfort'), 1) on conflict (functionality_level_id, impact_criterion_id) do nothing;
  insert into public.sri_functionality_level_impact_scores (functionality_level_id, impact_criterion_id, score)
  values ('6f43f9db-f3be-56d6-8397-13d0a3a8c61d', (select id from public.sri_impact_criteria where methodology_version_id=v_mid and code='convenience'), 1) on conflict (functionality_level_id, impact_criterion_id) do nothing;
  insert into public.sri_functionality_level_impact_scores (functionality_level_id, impact_criterion_id, score)
  values ('6f43f9db-f3be-56d6-8397-13d0a3a8c61d', (select id from public.sri_impact_criteria where methodology_version_id=v_mid and code='health_wellbeing_accessibility'), 0) on conflict (functionality_level_id, impact_criterion_id) do nothing;
  insert into public.sri_functionality_level_impact_scores (functionality_level_id, impact_criterion_id, score)
  values ('6f43f9db-f3be-56d6-8397-13d0a3a8c61d', (select id from public.sri_impact_criteria where methodology_version_id=v_mid and code='maintenance_and_fault_prediction'), 0) on conflict (functionality_level_id, impact_criterion_id) do nothing;
  insert into public.sri_functionality_level_impact_scores (functionality_level_id, impact_criterion_id, score)
  values ('6f43f9db-f3be-56d6-8397-13d0a3a8c61d', (select id from public.sri_impact_criteria where methodology_version_id=v_mid and code='information_to_occupants'), 0) on conflict (functionality_level_id, impact_criterion_id) do nothing;

  insert into public.sri_services (id, catalogue_id, domain_id, official_code, internal_code, sort_order, official_name, service_group, purpose, when_applicable, typical_devices, preconditions, fl_max, included_in_method_a, included_in_method_b, triage_affects_max, applicability_mode, mutual_exclusion_group, standards_basis, provenance)
  values ('fc448332-a7f0-51b3-8e45-fe15fcde0bbb', v_cat, (select id from public.sri_technical_domains where methodology_version_id=v_mid and code='cooling'), 'C-1d', 'C-04', 19, '{"en": "Control of distribution pumps in networks", "pl": "Sterowanie temperaturą wody chłodniczej w sieci"}'::jsonb, 'Cooling control - demand side', '{"en": "Optimize supply/return chilled water temperature."}'::jsonb, '{"en": "When chilled water distribution exists."}'::jsonb, '{"Primary/secondary pump skids","Reset controllers"}', 'Only applicable in case mechanical cooling systems  with hydronic distribution system are present', 4, false, true, false, 'smart_ready', null, '{"EN ISO 52120-1"}', 'VERIFIED_ANNEX_D')
  on conflict (catalogue_id, official_code) do nothing;
  insert into public.sri_functionality_levels (id, service_id, level_number, official_description)
  values ('51200e46-ef23-5a3b-a362-a4f5f338de5c', 'fc448332-a7f0-51b3-8e45-fe15fcde0bbb', 0, '{"en": "No automatic control"}'::jsonb) on conflict (service_id, level_number) do nothing;
  insert into public.sri_functionality_levels (id, service_id, level_number, official_description)
  values ('d98ef2c2-c0af-586f-a5e6-12b0e406f563', 'fc448332-a7f0-51b3-8e45-fe15fcde0bbb', 1, '{"en": "On off control"}'::jsonb) on conflict (service_id, level_number) do nothing;
  insert into public.sri_functionality_levels (id, service_id, level_number, official_description)
  values ('0a45db4e-fbcd-57a6-a2fa-e28da5ccbbd8', 'fc448332-a7f0-51b3-8e45-fe15fcde0bbb', 2, '{"en": "Multi-Stage control"}'::jsonb) on conflict (service_id, level_number) do nothing;
  insert into public.sri_functionality_levels (id, service_id, level_number, official_description)
  values ('13e17c3c-cd79-54ec-b47e-18e708fbec8b', 'fc448332-a7f0-51b3-8e45-fe15fcde0bbb', 3, '{"en": "Variable speed pump control (pump unit (internal) estimations)"}'::jsonb) on conflict (service_id, level_number) do nothing;
  insert into public.sri_functionality_levels (id, service_id, level_number, official_description)
  values ('cd0b7261-1ee1-58f6-8460-04dcdc37cf7b', 'fc448332-a7f0-51b3-8e45-fe15fcde0bbb', 4, '{"en": "Variable speed pump control (external demand signal)"}'::jsonb) on conflict (service_id, level_number) do nothing;
  insert into public.sri_functionality_level_impact_scores (functionality_level_id, impact_criterion_id, score)
  values ('51200e46-ef23-5a3b-a362-a4f5f338de5c', (select id from public.sri_impact_criteria where methodology_version_id=v_mid and code='energy_efficiency'), 0) on conflict (functionality_level_id, impact_criterion_id) do nothing;
  insert into public.sri_functionality_level_impact_scores (functionality_level_id, impact_criterion_id, score)
  values ('51200e46-ef23-5a3b-a362-a4f5f338de5c', (select id from public.sri_impact_criteria where methodology_version_id=v_mid and code='energy_flexibility_and_storage'), 0) on conflict (functionality_level_id, impact_criterion_id) do nothing;
  insert into public.sri_functionality_level_impact_scores (functionality_level_id, impact_criterion_id, score)
  values ('51200e46-ef23-5a3b-a362-a4f5f338de5c', (select id from public.sri_impact_criteria where methodology_version_id=v_mid and code='comfort'), 0) on conflict (functionality_level_id, impact_criterion_id) do nothing;
  insert into public.sri_functionality_level_impact_scores (functionality_level_id, impact_criterion_id, score)
  values ('51200e46-ef23-5a3b-a362-a4f5f338de5c', (select id from public.sri_impact_criteria where methodology_version_id=v_mid and code='convenience'), 0) on conflict (functionality_level_id, impact_criterion_id) do nothing;
  insert into public.sri_functionality_level_impact_scores (functionality_level_id, impact_criterion_id, score)
  values ('51200e46-ef23-5a3b-a362-a4f5f338de5c', (select id from public.sri_impact_criteria where methodology_version_id=v_mid and code='health_wellbeing_accessibility'), 0) on conflict (functionality_level_id, impact_criterion_id) do nothing;
  insert into public.sri_functionality_level_impact_scores (functionality_level_id, impact_criterion_id, score)
  values ('51200e46-ef23-5a3b-a362-a4f5f338de5c', (select id from public.sri_impact_criteria where methodology_version_id=v_mid and code='maintenance_and_fault_prediction'), 0) on conflict (functionality_level_id, impact_criterion_id) do nothing;
  insert into public.sri_functionality_level_impact_scores (functionality_level_id, impact_criterion_id, score)
  values ('51200e46-ef23-5a3b-a362-a4f5f338de5c', (select id from public.sri_impact_criteria where methodology_version_id=v_mid and code='information_to_occupants'), 0) on conflict (functionality_level_id, impact_criterion_id) do nothing;
  insert into public.sri_functionality_level_impact_scores (functionality_level_id, impact_criterion_id, score)
  values ('d98ef2c2-c0af-586f-a5e6-12b0e406f563', (select id from public.sri_impact_criteria where methodology_version_id=v_mid and code='energy_efficiency'), 1) on conflict (functionality_level_id, impact_criterion_id) do nothing;
  insert into public.sri_functionality_level_impact_scores (functionality_level_id, impact_criterion_id, score)
  values ('d98ef2c2-c0af-586f-a5e6-12b0e406f563', (select id from public.sri_impact_criteria where methodology_version_id=v_mid and code='energy_flexibility_and_storage'), 0) on conflict (functionality_level_id, impact_criterion_id) do nothing;
  insert into public.sri_functionality_level_impact_scores (functionality_level_id, impact_criterion_id, score)
  values ('d98ef2c2-c0af-586f-a5e6-12b0e406f563', (select id from public.sri_impact_criteria where methodology_version_id=v_mid and code='comfort'), 0) on conflict (functionality_level_id, impact_criterion_id) do nothing;
  insert into public.sri_functionality_level_impact_scores (functionality_level_id, impact_criterion_id, score)
  values ('d98ef2c2-c0af-586f-a5e6-12b0e406f563', (select id from public.sri_impact_criteria where methodology_version_id=v_mid and code='convenience'), 0) on conflict (functionality_level_id, impact_criterion_id) do nothing;
  insert into public.sri_functionality_level_impact_scores (functionality_level_id, impact_criterion_id, score)
  values ('d98ef2c2-c0af-586f-a5e6-12b0e406f563', (select id from public.sri_impact_criteria where methodology_version_id=v_mid and code='health_wellbeing_accessibility'), 0) on conflict (functionality_level_id, impact_criterion_id) do nothing;
  insert into public.sri_functionality_level_impact_scores (functionality_level_id, impact_criterion_id, score)
  values ('d98ef2c2-c0af-586f-a5e6-12b0e406f563', (select id from public.sri_impact_criteria where methodology_version_id=v_mid and code='maintenance_and_fault_prediction'), 0) on conflict (functionality_level_id, impact_criterion_id) do nothing;
  insert into public.sri_functionality_level_impact_scores (functionality_level_id, impact_criterion_id, score)
  values ('d98ef2c2-c0af-586f-a5e6-12b0e406f563', (select id from public.sri_impact_criteria where methodology_version_id=v_mid and code='information_to_occupants'), 0) on conflict (functionality_level_id, impact_criterion_id) do nothing;
  insert into public.sri_functionality_level_impact_scores (functionality_level_id, impact_criterion_id, score)
  values ('0a45db4e-fbcd-57a6-a2fa-e28da5ccbbd8', (select id from public.sri_impact_criteria where methodology_version_id=v_mid and code='energy_efficiency'), 2) on conflict (functionality_level_id, impact_criterion_id) do nothing;
  insert into public.sri_functionality_level_impact_scores (functionality_level_id, impact_criterion_id, score)
  values ('0a45db4e-fbcd-57a6-a2fa-e28da5ccbbd8', (select id from public.sri_impact_criteria where methodology_version_id=v_mid and code='energy_flexibility_and_storage'), 0) on conflict (functionality_level_id, impact_criterion_id) do nothing;
  insert into public.sri_functionality_level_impact_scores (functionality_level_id, impact_criterion_id, score)
  values ('0a45db4e-fbcd-57a6-a2fa-e28da5ccbbd8', (select id from public.sri_impact_criteria where methodology_version_id=v_mid and code='comfort'), 0) on conflict (functionality_level_id, impact_criterion_id) do nothing;
  insert into public.sri_functionality_level_impact_scores (functionality_level_id, impact_criterion_id, score)
  values ('0a45db4e-fbcd-57a6-a2fa-e28da5ccbbd8', (select id from public.sri_impact_criteria where methodology_version_id=v_mid and code='convenience'), 0) on conflict (functionality_level_id, impact_criterion_id) do nothing;
  insert into public.sri_functionality_level_impact_scores (functionality_level_id, impact_criterion_id, score)
  values ('0a45db4e-fbcd-57a6-a2fa-e28da5ccbbd8', (select id from public.sri_impact_criteria where methodology_version_id=v_mid and code='health_wellbeing_accessibility'), 0) on conflict (functionality_level_id, impact_criterion_id) do nothing;
  insert into public.sri_functionality_level_impact_scores (functionality_level_id, impact_criterion_id, score)
  values ('0a45db4e-fbcd-57a6-a2fa-e28da5ccbbd8', (select id from public.sri_impact_criteria where methodology_version_id=v_mid and code='maintenance_and_fault_prediction'), 0) on conflict (functionality_level_id, impact_criterion_id) do nothing;
  insert into public.sri_functionality_level_impact_scores (functionality_level_id, impact_criterion_id, score)
  values ('0a45db4e-fbcd-57a6-a2fa-e28da5ccbbd8', (select id from public.sri_impact_criteria where methodology_version_id=v_mid and code='information_to_occupants'), 0) on conflict (functionality_level_id, impact_criterion_id) do nothing;
  insert into public.sri_functionality_level_impact_scores (functionality_level_id, impact_criterion_id, score)
  values ('13e17c3c-cd79-54ec-b47e-18e708fbec8b', (select id from public.sri_impact_criteria where methodology_version_id=v_mid and code='energy_efficiency'), 2) on conflict (functionality_level_id, impact_criterion_id) do nothing;
  insert into public.sri_functionality_level_impact_scores (functionality_level_id, impact_criterion_id, score)
  values ('13e17c3c-cd79-54ec-b47e-18e708fbec8b', (select id from public.sri_impact_criteria where methodology_version_id=v_mid and code='energy_flexibility_and_storage'), 0) on conflict (functionality_level_id, impact_criterion_id) do nothing;
  insert into public.sri_functionality_level_impact_scores (functionality_level_id, impact_criterion_id, score)
  values ('13e17c3c-cd79-54ec-b47e-18e708fbec8b', (select id from public.sri_impact_criteria where methodology_version_id=v_mid and code='comfort'), 0) on conflict (functionality_level_id, impact_criterion_id) do nothing;
  insert into public.sri_functionality_level_impact_scores (functionality_level_id, impact_criterion_id, score)
  values ('13e17c3c-cd79-54ec-b47e-18e708fbec8b', (select id from public.sri_impact_criteria where methodology_version_id=v_mid and code='convenience'), 0) on conflict (functionality_level_id, impact_criterion_id) do nothing;
  insert into public.sri_functionality_level_impact_scores (functionality_level_id, impact_criterion_id, score)
  values ('13e17c3c-cd79-54ec-b47e-18e708fbec8b', (select id from public.sri_impact_criteria where methodology_version_id=v_mid and code='health_wellbeing_accessibility'), 0) on conflict (functionality_level_id, impact_criterion_id) do nothing;
  insert into public.sri_functionality_level_impact_scores (functionality_level_id, impact_criterion_id, score)
  values ('13e17c3c-cd79-54ec-b47e-18e708fbec8b', (select id from public.sri_impact_criteria where methodology_version_id=v_mid and code='maintenance_and_fault_prediction'), 0) on conflict (functionality_level_id, impact_criterion_id) do nothing;
  insert into public.sri_functionality_level_impact_scores (functionality_level_id, impact_criterion_id, score)
  values ('13e17c3c-cd79-54ec-b47e-18e708fbec8b', (select id from public.sri_impact_criteria where methodology_version_id=v_mid and code='information_to_occupants'), 0) on conflict (functionality_level_id, impact_criterion_id) do nothing;
  insert into public.sri_functionality_level_impact_scores (functionality_level_id, impact_criterion_id, score)
  values ('cd0b7261-1ee1-58f6-8460-04dcdc37cf7b', (select id from public.sri_impact_criteria where methodology_version_id=v_mid and code='energy_efficiency'), 2) on conflict (functionality_level_id, impact_criterion_id) do nothing;
  insert into public.sri_functionality_level_impact_scores (functionality_level_id, impact_criterion_id, score)
  values ('cd0b7261-1ee1-58f6-8460-04dcdc37cf7b', (select id from public.sri_impact_criteria where methodology_version_id=v_mid and code='energy_flexibility_and_storage'), 0) on conflict (functionality_level_id, impact_criterion_id) do nothing;
  insert into public.sri_functionality_level_impact_scores (functionality_level_id, impact_criterion_id, score)
  values ('cd0b7261-1ee1-58f6-8460-04dcdc37cf7b', (select id from public.sri_impact_criteria where methodology_version_id=v_mid and code='comfort'), 0) on conflict (functionality_level_id, impact_criterion_id) do nothing;
  insert into public.sri_functionality_level_impact_scores (functionality_level_id, impact_criterion_id, score)
  values ('cd0b7261-1ee1-58f6-8460-04dcdc37cf7b', (select id from public.sri_impact_criteria where methodology_version_id=v_mid and code='convenience'), 0) on conflict (functionality_level_id, impact_criterion_id) do nothing;
  insert into public.sri_functionality_level_impact_scores (functionality_level_id, impact_criterion_id, score)
  values ('cd0b7261-1ee1-58f6-8460-04dcdc37cf7b', (select id from public.sri_impact_criteria where methodology_version_id=v_mid and code='health_wellbeing_accessibility'), 0) on conflict (functionality_level_id, impact_criterion_id) do nothing;
  insert into public.sri_functionality_level_impact_scores (functionality_level_id, impact_criterion_id, score)
  values ('cd0b7261-1ee1-58f6-8460-04dcdc37cf7b', (select id from public.sri_impact_criteria where methodology_version_id=v_mid and code='maintenance_and_fault_prediction'), 0) on conflict (functionality_level_id, impact_criterion_id) do nothing;
  insert into public.sri_functionality_level_impact_scores (functionality_level_id, impact_criterion_id, score)
  values ('cd0b7261-1ee1-58f6-8460-04dcdc37cf7b', (select id from public.sri_impact_criteria where methodology_version_id=v_mid and code='information_to_occupants'), 0) on conflict (functionality_level_id, impact_criterion_id) do nothing;

  insert into public.sri_services (id, catalogue_id, domain_id, official_code, internal_code, sort_order, official_name, service_group, purpose, when_applicable, typical_devices, preconditions, fl_max, included_in_method_a, included_in_method_b, triage_affects_max, applicability_mode, mutual_exclusion_group, standards_basis, provenance)
  values ('8d953356-5a9b-5ad2-bb3e-5d41e2fab286', v_cat, (select id from public.sri_technical_domains where methodology_version_id=v_mid and code='cooling'), 'C-1f', 'C-05', 20, '{"en": "Interlock: avoiding simultaneous heating and cooling in the same room", "pl": "Sterowanie pompami w sieci chłodu"}'::jsonb, 'Cooling control - demand side', '{"en": "Variable pumping aligned with cooling demand."}'::jsonb, '{"en": "When cooling circulation pumps exist."}'::jsonb, '{"VSD pumps","BMS"}', 'Only applicable in case mechanical cooling systems are present', 2, false, true, true, 'smart_ready', null, '{"EN ISO 52120-1"}', 'VERIFIED_ANNEX_D')
  on conflict (catalogue_id, official_code) do nothing;
  insert into public.sri_functionality_levels (id, service_id, level_number, official_description)
  values ('c2082bf9-c5c4-557d-8e83-c802c2082b2f', '8d953356-5a9b-5ad2-bb3e-5d41e2fab286', 0, '{"en": "No interlock"}'::jsonb) on conflict (service_id, level_number) do nothing;
  insert into public.sri_functionality_levels (id, service_id, level_number, official_description)
  values ('9b86e4a5-2649-5237-85b9-e88076c4584f', '8d953356-5a9b-5ad2-bb3e-5d41e2fab286', 1, '{"en": "Partial interlock (minimising risk of simultanieus heating and cooling e.g. by sliding setpoints)"}'::jsonb) on conflict (service_id, level_number) do nothing;
  insert into public.sri_functionality_levels (id, service_id, level_number, official_description)
  values ('db7281bc-b69a-5295-87e6-c3d93a8d0aa2', '8d953356-5a9b-5ad2-bb3e-5d41e2fab286', 2, '{"en": "Total interlock (control system ensures no  simultaneous heating and cooling can take place)"}'::jsonb) on conflict (service_id, level_number) do nothing;
  insert into public.sri_functionality_level_impact_scores (functionality_level_id, impact_criterion_id, score)
  values ('c2082bf9-c5c4-557d-8e83-c802c2082b2f', (select id from public.sri_impact_criteria where methodology_version_id=v_mid and code='energy_efficiency'), 0) on conflict (functionality_level_id, impact_criterion_id) do nothing;
  insert into public.sri_functionality_level_impact_scores (functionality_level_id, impact_criterion_id, score)
  values ('c2082bf9-c5c4-557d-8e83-c802c2082b2f', (select id from public.sri_impact_criteria where methodology_version_id=v_mid and code='energy_flexibility_and_storage'), 0) on conflict (functionality_level_id, impact_criterion_id) do nothing;
  insert into public.sri_functionality_level_impact_scores (functionality_level_id, impact_criterion_id, score)
  values ('c2082bf9-c5c4-557d-8e83-c802c2082b2f', (select id from public.sri_impact_criteria where methodology_version_id=v_mid and code='comfort'), 0) on conflict (functionality_level_id, impact_criterion_id) do nothing;
  insert into public.sri_functionality_level_impact_scores (functionality_level_id, impact_criterion_id, score)
  values ('c2082bf9-c5c4-557d-8e83-c802c2082b2f', (select id from public.sri_impact_criteria where methodology_version_id=v_mid and code='convenience'), 0) on conflict (functionality_level_id, impact_criterion_id) do nothing;
  insert into public.sri_functionality_level_impact_scores (functionality_level_id, impact_criterion_id, score)
  values ('c2082bf9-c5c4-557d-8e83-c802c2082b2f', (select id from public.sri_impact_criteria where methodology_version_id=v_mid and code='health_wellbeing_accessibility'), 0) on conflict (functionality_level_id, impact_criterion_id) do nothing;
  insert into public.sri_functionality_level_impact_scores (functionality_level_id, impact_criterion_id, score)
  values ('c2082bf9-c5c4-557d-8e83-c802c2082b2f', (select id from public.sri_impact_criteria where methodology_version_id=v_mid and code='maintenance_and_fault_prediction'), 0) on conflict (functionality_level_id, impact_criterion_id) do nothing;
  insert into public.sri_functionality_level_impact_scores (functionality_level_id, impact_criterion_id, score)
  values ('c2082bf9-c5c4-557d-8e83-c802c2082b2f', (select id from public.sri_impact_criteria where methodology_version_id=v_mid and code='information_to_occupants'), 0) on conflict (functionality_level_id, impact_criterion_id) do nothing;
  insert into public.sri_functionality_level_impact_scores (functionality_level_id, impact_criterion_id, score)
  values ('9b86e4a5-2649-5237-85b9-e88076c4584f', (select id from public.sri_impact_criteria where methodology_version_id=v_mid and code='energy_efficiency'), 2) on conflict (functionality_level_id, impact_criterion_id) do nothing;
  insert into public.sri_functionality_level_impact_scores (functionality_level_id, impact_criterion_id, score)
  values ('9b86e4a5-2649-5237-85b9-e88076c4584f', (select id from public.sri_impact_criteria where methodology_version_id=v_mid and code='energy_flexibility_and_storage'), 0) on conflict (functionality_level_id, impact_criterion_id) do nothing;
  insert into public.sri_functionality_level_impact_scores (functionality_level_id, impact_criterion_id, score)
  values ('9b86e4a5-2649-5237-85b9-e88076c4584f', (select id from public.sri_impact_criteria where methodology_version_id=v_mid and code='comfort'), 0) on conflict (functionality_level_id, impact_criterion_id) do nothing;
  insert into public.sri_functionality_level_impact_scores (functionality_level_id, impact_criterion_id, score)
  values ('9b86e4a5-2649-5237-85b9-e88076c4584f', (select id from public.sri_impact_criteria where methodology_version_id=v_mid and code='convenience'), 0) on conflict (functionality_level_id, impact_criterion_id) do nothing;
  insert into public.sri_functionality_level_impact_scores (functionality_level_id, impact_criterion_id, score)
  values ('9b86e4a5-2649-5237-85b9-e88076c4584f', (select id from public.sri_impact_criteria where methodology_version_id=v_mid and code='health_wellbeing_accessibility'), 0) on conflict (functionality_level_id, impact_criterion_id) do nothing;
  insert into public.sri_functionality_level_impact_scores (functionality_level_id, impact_criterion_id, score)
  values ('9b86e4a5-2649-5237-85b9-e88076c4584f', (select id from public.sri_impact_criteria where methodology_version_id=v_mid and code='maintenance_and_fault_prediction'), 0) on conflict (functionality_level_id, impact_criterion_id) do nothing;
  insert into public.sri_functionality_level_impact_scores (functionality_level_id, impact_criterion_id, score)
  values ('9b86e4a5-2649-5237-85b9-e88076c4584f', (select id from public.sri_impact_criteria where methodology_version_id=v_mid and code='information_to_occupants'), 0) on conflict (functionality_level_id, impact_criterion_id) do nothing;
  insert into public.sri_functionality_level_impact_scores (functionality_level_id, impact_criterion_id, score)
  values ('db7281bc-b69a-5295-87e6-c3d93a8d0aa2', (select id from public.sri_impact_criteria where methodology_version_id=v_mid and code='energy_efficiency'), 3) on conflict (functionality_level_id, impact_criterion_id) do nothing;
  insert into public.sri_functionality_level_impact_scores (functionality_level_id, impact_criterion_id, score)
  values ('db7281bc-b69a-5295-87e6-c3d93a8d0aa2', (select id from public.sri_impact_criteria where methodology_version_id=v_mid and code='energy_flexibility_and_storage'), 0) on conflict (functionality_level_id, impact_criterion_id) do nothing;
  insert into public.sri_functionality_level_impact_scores (functionality_level_id, impact_criterion_id, score)
  values ('db7281bc-b69a-5295-87e6-c3d93a8d0aa2', (select id from public.sri_impact_criteria where methodology_version_id=v_mid and code='comfort'), 0) on conflict (functionality_level_id, impact_criterion_id) do nothing;
  insert into public.sri_functionality_level_impact_scores (functionality_level_id, impact_criterion_id, score)
  values ('db7281bc-b69a-5295-87e6-c3d93a8d0aa2', (select id from public.sri_impact_criteria where methodology_version_id=v_mid and code='convenience'), 0) on conflict (functionality_level_id, impact_criterion_id) do nothing;
  insert into public.sri_functionality_level_impact_scores (functionality_level_id, impact_criterion_id, score)
  values ('db7281bc-b69a-5295-87e6-c3d93a8d0aa2', (select id from public.sri_impact_criteria where methodology_version_id=v_mid and code='health_wellbeing_accessibility'), 0) on conflict (functionality_level_id, impact_criterion_id) do nothing;
  insert into public.sri_functionality_level_impact_scores (functionality_level_id, impact_criterion_id, score)
  values ('db7281bc-b69a-5295-87e6-c3d93a8d0aa2', (select id from public.sri_impact_criteria where methodology_version_id=v_mid and code='maintenance_and_fault_prediction'), 0) on conflict (functionality_level_id, impact_criterion_id) do nothing;
  insert into public.sri_functionality_level_impact_scores (functionality_level_id, impact_criterion_id, score)
  values ('db7281bc-b69a-5295-87e6-c3d93a8d0aa2', (select id from public.sri_impact_criteria where methodology_version_id=v_mid and code='information_to_occupants'), 0) on conflict (functionality_level_id, impact_criterion_id) do nothing;

  insert into public.sri_services (id, catalogue_id, domain_id, official_code, internal_code, sort_order, official_name, service_group, purpose, when_applicable, typical_devices, preconditions, fl_max, included_in_method_a, included_in_method_b, triage_affects_max, applicability_mode, mutual_exclusion_group, standards_basis, provenance)
  values ('9ddbec87-4b80-57a5-96a4-c7995474a414', v_cat, (select id from public.sri_technical_domains where methodology_version_id=v_mid and code='cooling'), 'C-1g', 'C-06', 21, '{"en": "Control of Thermal Energy Storage (TES) operation", "pl": "Sterowanie magazynem energii cieplnej (chłodzenie)"}'::jsonb, 'Cooling control - demand side', '{"en": "Ice/water TES charging for load shifting."}'::jsonb, '{"en": "When cooling thermal storage is installed."}'::jsonb, '{"Ice storage controllers","TES tanks"}', 'Only applicable in case mechanical cooling systems are present ánd include TES systems', 3, false, true, false, 'smart_ready', null, '{"EN ISO 52120-1"}', 'VERIFIED_ANNEX_D')
  on conflict (catalogue_id, official_code) do nothing;
  insert into public.sri_functionality_levels (id, service_id, level_number, official_description)
  values ('23b0e0cb-cfd9-5302-bd8b-4a174eb161d2', '9ddbec87-4b80-57a5-96a4-c7995474a414', 0, '{"en": "Continuous storage operation"}'::jsonb) on conflict (service_id, level_number) do nothing;
  insert into public.sri_functionality_levels (id, service_id, level_number, official_description)
  values ('3d7add58-8d47-5045-86a4-999147a61665', '9ddbec87-4b80-57a5-96a4-c7995474a414', 1, '{"en": "Time-scheduled storage operation"}'::jsonb) on conflict (service_id, level_number) do nothing;
  insert into public.sri_functionality_levels (id, service_id, level_number, official_description)
  values ('aa0fe068-d70c-5909-a882-9bff76a392a2', '9ddbec87-4b80-57a5-96a4-c7995474a414', 2, '{"en": "Load prediction based storage operation"}'::jsonb) on conflict (service_id, level_number) do nothing;
  insert into public.sri_functionality_levels (id, service_id, level_number, official_description)
  values ('0570ec0f-877b-5262-8aa7-21588d7e3ebe', '9ddbec87-4b80-57a5-96a4-c7995474a414', 3, '{"en": "Cold storage capable of flexible control through grid signals (e.g. DSM)"}'::jsonb) on conflict (service_id, level_number) do nothing;
  insert into public.sri_functionality_level_impact_scores (functionality_level_id, impact_criterion_id, score)
  values ('23b0e0cb-cfd9-5302-bd8b-4a174eb161d2', (select id from public.sri_impact_criteria where methodology_version_id=v_mid and code='energy_efficiency'), 0) on conflict (functionality_level_id, impact_criterion_id) do nothing;
  insert into public.sri_functionality_level_impact_scores (functionality_level_id, impact_criterion_id, score)
  values ('23b0e0cb-cfd9-5302-bd8b-4a174eb161d2', (select id from public.sri_impact_criteria where methodology_version_id=v_mid and code='energy_flexibility_and_storage'), 0) on conflict (functionality_level_id, impact_criterion_id) do nothing;
  insert into public.sri_functionality_level_impact_scores (functionality_level_id, impact_criterion_id, score)
  values ('23b0e0cb-cfd9-5302-bd8b-4a174eb161d2', (select id from public.sri_impact_criteria where methodology_version_id=v_mid and code='comfort'), 0) on conflict (functionality_level_id, impact_criterion_id) do nothing;
  insert into public.sri_functionality_level_impact_scores (functionality_level_id, impact_criterion_id, score)
  values ('23b0e0cb-cfd9-5302-bd8b-4a174eb161d2', (select id from public.sri_impact_criteria where methodology_version_id=v_mid and code='convenience'), 0) on conflict (functionality_level_id, impact_criterion_id) do nothing;
  insert into public.sri_functionality_level_impact_scores (functionality_level_id, impact_criterion_id, score)
  values ('23b0e0cb-cfd9-5302-bd8b-4a174eb161d2', (select id from public.sri_impact_criteria where methodology_version_id=v_mid and code='health_wellbeing_accessibility'), 0) on conflict (functionality_level_id, impact_criterion_id) do nothing;
  insert into public.sri_functionality_level_impact_scores (functionality_level_id, impact_criterion_id, score)
  values ('23b0e0cb-cfd9-5302-bd8b-4a174eb161d2', (select id from public.sri_impact_criteria where methodology_version_id=v_mid and code='maintenance_and_fault_prediction'), 0) on conflict (functionality_level_id, impact_criterion_id) do nothing;
  insert into public.sri_functionality_level_impact_scores (functionality_level_id, impact_criterion_id, score)
  values ('23b0e0cb-cfd9-5302-bd8b-4a174eb161d2', (select id from public.sri_impact_criteria where methodology_version_id=v_mid and code='information_to_occupants'), 0) on conflict (functionality_level_id, impact_criterion_id) do nothing;
  insert into public.sri_functionality_level_impact_scores (functionality_level_id, impact_criterion_id, score)
  values ('3d7add58-8d47-5045-86a4-999147a61665', (select id from public.sri_impact_criteria where methodology_version_id=v_mid and code='energy_efficiency'), 1) on conflict (functionality_level_id, impact_criterion_id) do nothing;
  insert into public.sri_functionality_level_impact_scores (functionality_level_id, impact_criterion_id, score)
  values ('3d7add58-8d47-5045-86a4-999147a61665', (select id from public.sri_impact_criteria where methodology_version_id=v_mid and code='energy_flexibility_and_storage'), 0) on conflict (functionality_level_id, impact_criterion_id) do nothing;
  insert into public.sri_functionality_level_impact_scores (functionality_level_id, impact_criterion_id, score)
  values ('3d7add58-8d47-5045-86a4-999147a61665', (select id from public.sri_impact_criteria where methodology_version_id=v_mid and code='comfort'), 0) on conflict (functionality_level_id, impact_criterion_id) do nothing;
  insert into public.sri_functionality_level_impact_scores (functionality_level_id, impact_criterion_id, score)
  values ('3d7add58-8d47-5045-86a4-999147a61665', (select id from public.sri_impact_criteria where methodology_version_id=v_mid and code='convenience'), 0) on conflict (functionality_level_id, impact_criterion_id) do nothing;
  insert into public.sri_functionality_level_impact_scores (functionality_level_id, impact_criterion_id, score)
  values ('3d7add58-8d47-5045-86a4-999147a61665', (select id from public.sri_impact_criteria where methodology_version_id=v_mid and code='health_wellbeing_accessibility'), 0) on conflict (functionality_level_id, impact_criterion_id) do nothing;
  insert into public.sri_functionality_level_impact_scores (functionality_level_id, impact_criterion_id, score)
  values ('3d7add58-8d47-5045-86a4-999147a61665', (select id from public.sri_impact_criteria where methodology_version_id=v_mid and code='maintenance_and_fault_prediction'), 0) on conflict (functionality_level_id, impact_criterion_id) do nothing;
  insert into public.sri_functionality_level_impact_scores (functionality_level_id, impact_criterion_id, score)
  values ('3d7add58-8d47-5045-86a4-999147a61665', (select id from public.sri_impact_criteria where methodology_version_id=v_mid and code='information_to_occupants'), 0) on conflict (functionality_level_id, impact_criterion_id) do nothing;
  insert into public.sri_functionality_level_impact_scores (functionality_level_id, impact_criterion_id, score)
  values ('aa0fe068-d70c-5909-a882-9bff76a392a2', (select id from public.sri_impact_criteria where methodology_version_id=v_mid and code='energy_efficiency'), 2) on conflict (functionality_level_id, impact_criterion_id) do nothing;
  insert into public.sri_functionality_level_impact_scores (functionality_level_id, impact_criterion_id, score)
  values ('aa0fe068-d70c-5909-a882-9bff76a392a2', (select id from public.sri_impact_criteria where methodology_version_id=v_mid and code='energy_flexibility_and_storage'), 1) on conflict (functionality_level_id, impact_criterion_id) do nothing;
  insert into public.sri_functionality_level_impact_scores (functionality_level_id, impact_criterion_id, score)
  values ('aa0fe068-d70c-5909-a882-9bff76a392a2', (select id from public.sri_impact_criteria where methodology_version_id=v_mid and code='comfort'), 0) on conflict (functionality_level_id, impact_criterion_id) do nothing;
  insert into public.sri_functionality_level_impact_scores (functionality_level_id, impact_criterion_id, score)
  values ('aa0fe068-d70c-5909-a882-9bff76a392a2', (select id from public.sri_impact_criteria where methodology_version_id=v_mid and code='convenience'), 0) on conflict (functionality_level_id, impact_criterion_id) do nothing;
  insert into public.sri_functionality_level_impact_scores (functionality_level_id, impact_criterion_id, score)
  values ('aa0fe068-d70c-5909-a882-9bff76a392a2', (select id from public.sri_impact_criteria where methodology_version_id=v_mid and code='health_wellbeing_accessibility'), 0) on conflict (functionality_level_id, impact_criterion_id) do nothing;
  insert into public.sri_functionality_level_impact_scores (functionality_level_id, impact_criterion_id, score)
  values ('aa0fe068-d70c-5909-a882-9bff76a392a2', (select id from public.sri_impact_criteria where methodology_version_id=v_mid and code='maintenance_and_fault_prediction'), 0) on conflict (functionality_level_id, impact_criterion_id) do nothing;
  insert into public.sri_functionality_level_impact_scores (functionality_level_id, impact_criterion_id, score)
  values ('aa0fe068-d70c-5909-a882-9bff76a392a2', (select id from public.sri_impact_criteria where methodology_version_id=v_mid and code='information_to_occupants'), 0) on conflict (functionality_level_id, impact_criterion_id) do nothing;
  insert into public.sri_functionality_level_impact_scores (functionality_level_id, impact_criterion_id, score)
  values ('0570ec0f-877b-5262-8aa7-21588d7e3ebe', (select id from public.sri_impact_criteria where methodology_version_id=v_mid and code='energy_efficiency'), 2) on conflict (functionality_level_id, impact_criterion_id) do nothing;
  insert into public.sri_functionality_level_impact_scores (functionality_level_id, impact_criterion_id, score)
  values ('0570ec0f-877b-5262-8aa7-21588d7e3ebe', (select id from public.sri_impact_criteria where methodology_version_id=v_mid and code='energy_flexibility_and_storage'), 2) on conflict (functionality_level_id, impact_criterion_id) do nothing;
  insert into public.sri_functionality_level_impact_scores (functionality_level_id, impact_criterion_id, score)
  values ('0570ec0f-877b-5262-8aa7-21588d7e3ebe', (select id from public.sri_impact_criteria where methodology_version_id=v_mid and code='comfort'), 0) on conflict (functionality_level_id, impact_criterion_id) do nothing;
  insert into public.sri_functionality_level_impact_scores (functionality_level_id, impact_criterion_id, score)
  values ('0570ec0f-877b-5262-8aa7-21588d7e3ebe', (select id from public.sri_impact_criteria where methodology_version_id=v_mid and code='convenience'), 0) on conflict (functionality_level_id, impact_criterion_id) do nothing;
  insert into public.sri_functionality_level_impact_scores (functionality_level_id, impact_criterion_id, score)
  values ('0570ec0f-877b-5262-8aa7-21588d7e3ebe', (select id from public.sri_impact_criteria where methodology_version_id=v_mid and code='health_wellbeing_accessibility'), 0) on conflict (functionality_level_id, impact_criterion_id) do nothing;
  insert into public.sri_functionality_level_impact_scores (functionality_level_id, impact_criterion_id, score)
  values ('0570ec0f-877b-5262-8aa7-21588d7e3ebe', (select id from public.sri_impact_criteria where methodology_version_id=v_mid and code='maintenance_and_fault_prediction'), 0) on conflict (functionality_level_id, impact_criterion_id) do nothing;
  insert into public.sri_functionality_level_impact_scores (functionality_level_id, impact_criterion_id, score)
  values ('0570ec0f-877b-5262-8aa7-21588d7e3ebe', (select id from public.sri_impact_criteria where methodology_version_id=v_mid and code='information_to_occupants'), 0) on conflict (functionality_level_id, impact_criterion_id) do nothing;

  insert into public.sri_services (id, catalogue_id, domain_id, official_code, internal_code, sort_order, official_name, service_group, purpose, when_applicable, typical_devices, preconditions, fl_max, included_in_method_a, included_in_method_b, triage_affects_max, applicability_mode, mutual_exclusion_group, standards_basis, provenance)
  values ('6947f556-7cd3-5ffa-ac6d-52e158cc77a3', v_cat, (select id from public.sri_technical_domains where methodology_version_id=v_mid and code='cooling'), 'C-2a', 'C-07', 22, '{"en": "Generator control for cooling", "pl": "Blokada jednoczesnego ogrzewania i chłodzenia w strefach"}'::jsonb, 'Control cooling production facilities', '{"en": "Avoid energy waste from concurrent heating/cooling."}'::jsonb, '{"en": "When both heating and cooling can serve same zones."}'::jsonb, '{"BMS interlocks","Four-pipe system logic"}', 'Only applicable in case mechanical cooling systems are present', 3, true, true, true, 'smart_ready', null, '{"EN ISO 52120-1"}', 'VERIFIED_ANNEX_D')
  on conflict (catalogue_id, official_code) do nothing;
  insert into public.sri_functionality_levels (id, service_id, level_number, official_description)
  values ('6dd2e6e4-a74a-57f7-8e58-cefbff468525', '6947f556-7cd3-5ffa-ac6d-52e158cc77a3', 0, '{"en": "On/Off-control of cooling production"}'::jsonb) on conflict (service_id, level_number) do nothing;
  insert into public.sri_functionality_levels (id, service_id, level_number, official_description)
  values ('6a431219-53c1-5dda-b9d0-a7281ca3d471', '6947f556-7cd3-5ffa-ac6d-52e158cc77a3', 1, '{"en": "Multi-stage control of  cooling production capacity depending on the load or demand (e.g. on/off of several compressors)"}'::jsonb) on conflict (service_id, level_number) do nothing;
  insert into public.sri_functionality_levels (id, service_id, level_number, official_description)
  values ('00a5b401-7ba4-5c1c-a32a-1aca0511c0c6', '6947f556-7cd3-5ffa-ac6d-52e158cc77a3', 2, '{"en": "Variable control of  cooling production capacity depending on the load or demand (e.g. hot gas bypass, inverter frequency control)"}'::jsonb) on conflict (service_id, level_number) do nothing;
  insert into public.sri_functionality_levels (id, service_id, level_number, official_description)
  values ('6496e73f-3a26-5d97-8e5e-ba44bfb634e6', '6947f556-7cd3-5ffa-ac6d-52e158cc77a3', 3, '{"en": "Variable control of  cooling production capacity depending on the load AND external signals from grid"}'::jsonb) on conflict (service_id, level_number) do nothing;
  insert into public.sri_functionality_level_impact_scores (functionality_level_id, impact_criterion_id, score)
  values ('6dd2e6e4-a74a-57f7-8e58-cefbff468525', (select id from public.sri_impact_criteria where methodology_version_id=v_mid and code='energy_efficiency'), 0) on conflict (functionality_level_id, impact_criterion_id) do nothing;
  insert into public.sri_functionality_level_impact_scores (functionality_level_id, impact_criterion_id, score)
  values ('6dd2e6e4-a74a-57f7-8e58-cefbff468525', (select id from public.sri_impact_criteria where methodology_version_id=v_mid and code='energy_flexibility_and_storage'), 0) on conflict (functionality_level_id, impact_criterion_id) do nothing;
  insert into public.sri_functionality_level_impact_scores (functionality_level_id, impact_criterion_id, score)
  values ('6dd2e6e4-a74a-57f7-8e58-cefbff468525', (select id from public.sri_impact_criteria where methodology_version_id=v_mid and code='comfort'), 0) on conflict (functionality_level_id, impact_criterion_id) do nothing;
  insert into public.sri_functionality_level_impact_scores (functionality_level_id, impact_criterion_id, score)
  values ('6dd2e6e4-a74a-57f7-8e58-cefbff468525', (select id from public.sri_impact_criteria where methodology_version_id=v_mid and code='convenience'), 0) on conflict (functionality_level_id, impact_criterion_id) do nothing;
  insert into public.sri_functionality_level_impact_scores (functionality_level_id, impact_criterion_id, score)
  values ('6dd2e6e4-a74a-57f7-8e58-cefbff468525', (select id from public.sri_impact_criteria where methodology_version_id=v_mid and code='health_wellbeing_accessibility'), 0) on conflict (functionality_level_id, impact_criterion_id) do nothing;
  insert into public.sri_functionality_level_impact_scores (functionality_level_id, impact_criterion_id, score)
  values ('6dd2e6e4-a74a-57f7-8e58-cefbff468525', (select id from public.sri_impact_criteria where methodology_version_id=v_mid and code='maintenance_and_fault_prediction'), 0) on conflict (functionality_level_id, impact_criterion_id) do nothing;
  insert into public.sri_functionality_level_impact_scores (functionality_level_id, impact_criterion_id, score)
  values ('6dd2e6e4-a74a-57f7-8e58-cefbff468525', (select id from public.sri_impact_criteria where methodology_version_id=v_mid and code='information_to_occupants'), 0) on conflict (functionality_level_id, impact_criterion_id) do nothing;
  insert into public.sri_functionality_level_impact_scores (functionality_level_id, impact_criterion_id, score)
  values ('6a431219-53c1-5dda-b9d0-a7281ca3d471', (select id from public.sri_impact_criteria where methodology_version_id=v_mid and code='energy_efficiency'), 1) on conflict (functionality_level_id, impact_criterion_id) do nothing;
  insert into public.sri_functionality_level_impact_scores (functionality_level_id, impact_criterion_id, score)
  values ('6a431219-53c1-5dda-b9d0-a7281ca3d471', (select id from public.sri_impact_criteria where methodology_version_id=v_mid and code='energy_flexibility_and_storage'), 1) on conflict (functionality_level_id, impact_criterion_id) do nothing;
  insert into public.sri_functionality_level_impact_scores (functionality_level_id, impact_criterion_id, score)
  values ('6a431219-53c1-5dda-b9d0-a7281ca3d471', (select id from public.sri_impact_criteria where methodology_version_id=v_mid and code='comfort'), 1) on conflict (functionality_level_id, impact_criterion_id) do nothing;
  insert into public.sri_functionality_level_impact_scores (functionality_level_id, impact_criterion_id, score)
  values ('6a431219-53c1-5dda-b9d0-a7281ca3d471', (select id from public.sri_impact_criteria where methodology_version_id=v_mid and code='convenience'), 0) on conflict (functionality_level_id, impact_criterion_id) do nothing;
  insert into public.sri_functionality_level_impact_scores (functionality_level_id, impact_criterion_id, score)
  values ('6a431219-53c1-5dda-b9d0-a7281ca3d471', (select id from public.sri_impact_criteria where methodology_version_id=v_mid and code='health_wellbeing_accessibility'), 0) on conflict (functionality_level_id, impact_criterion_id) do nothing;
  insert into public.sri_functionality_level_impact_scores (functionality_level_id, impact_criterion_id, score)
  values ('6a431219-53c1-5dda-b9d0-a7281ca3d471', (select id from public.sri_impact_criteria where methodology_version_id=v_mid and code='maintenance_and_fault_prediction'), 0) on conflict (functionality_level_id, impact_criterion_id) do nothing;
  insert into public.sri_functionality_level_impact_scores (functionality_level_id, impact_criterion_id, score)
  values ('6a431219-53c1-5dda-b9d0-a7281ca3d471', (select id from public.sri_impact_criteria where methodology_version_id=v_mid and code='information_to_occupants'), 0) on conflict (functionality_level_id, impact_criterion_id) do nothing;
  insert into public.sri_functionality_level_impact_scores (functionality_level_id, impact_criterion_id, score)
  values ('00a5b401-7ba4-5c1c-a32a-1aca0511c0c6', (select id from public.sri_impact_criteria where methodology_version_id=v_mid and code='energy_efficiency'), 2) on conflict (functionality_level_id, impact_criterion_id) do nothing;
  insert into public.sri_functionality_level_impact_scores (functionality_level_id, impact_criterion_id, score)
  values ('00a5b401-7ba4-5c1c-a32a-1aca0511c0c6', (select id from public.sri_impact_criteria where methodology_version_id=v_mid and code='energy_flexibility_and_storage'), 1) on conflict (functionality_level_id, impact_criterion_id) do nothing;
  insert into public.sri_functionality_level_impact_scores (functionality_level_id, impact_criterion_id, score)
  values ('00a5b401-7ba4-5c1c-a32a-1aca0511c0c6', (select id from public.sri_impact_criteria where methodology_version_id=v_mid and code='comfort'), 2) on conflict (functionality_level_id, impact_criterion_id) do nothing;
  insert into public.sri_functionality_level_impact_scores (functionality_level_id, impact_criterion_id, score)
  values ('00a5b401-7ba4-5c1c-a32a-1aca0511c0c6', (select id from public.sri_impact_criteria where methodology_version_id=v_mid and code='convenience'), 0) on conflict (functionality_level_id, impact_criterion_id) do nothing;
  insert into public.sri_functionality_level_impact_scores (functionality_level_id, impact_criterion_id, score)
  values ('00a5b401-7ba4-5c1c-a32a-1aca0511c0c6', (select id from public.sri_impact_criteria where methodology_version_id=v_mid and code='health_wellbeing_accessibility'), 0) on conflict (functionality_level_id, impact_criterion_id) do nothing;
  insert into public.sri_functionality_level_impact_scores (functionality_level_id, impact_criterion_id, score)
  values ('00a5b401-7ba4-5c1c-a32a-1aca0511c0c6', (select id from public.sri_impact_criteria where methodology_version_id=v_mid and code='maintenance_and_fault_prediction'), 0) on conflict (functionality_level_id, impact_criterion_id) do nothing;
  insert into public.sri_functionality_level_impact_scores (functionality_level_id, impact_criterion_id, score)
  values ('00a5b401-7ba4-5c1c-a32a-1aca0511c0c6', (select id from public.sri_impact_criteria where methodology_version_id=v_mid and code='information_to_occupants'), 0) on conflict (functionality_level_id, impact_criterion_id) do nothing;
  insert into public.sri_functionality_level_impact_scores (functionality_level_id, impact_criterion_id, score)
  values ('6496e73f-3a26-5d97-8e5e-ba44bfb634e6', (select id from public.sri_impact_criteria where methodology_version_id=v_mid and code='energy_efficiency'), 2) on conflict (functionality_level_id, impact_criterion_id) do nothing;
  insert into public.sri_functionality_level_impact_scores (functionality_level_id, impact_criterion_id, score)
  values ('6496e73f-3a26-5d97-8e5e-ba44bfb634e6', (select id from public.sri_impact_criteria where methodology_version_id=v_mid and code='energy_flexibility_and_storage'), 3) on conflict (functionality_level_id, impact_criterion_id) do nothing;
  insert into public.sri_functionality_level_impact_scores (functionality_level_id, impact_criterion_id, score)
  values ('6496e73f-3a26-5d97-8e5e-ba44bfb634e6', (select id from public.sri_impact_criteria where methodology_version_id=v_mid and code='comfort'), 2) on conflict (functionality_level_id, impact_criterion_id) do nothing;
  insert into public.sri_functionality_level_impact_scores (functionality_level_id, impact_criterion_id, score)
  values ('6496e73f-3a26-5d97-8e5e-ba44bfb634e6', (select id from public.sri_impact_criteria where methodology_version_id=v_mid and code='convenience'), 0) on conflict (functionality_level_id, impact_criterion_id) do nothing;
  insert into public.sri_functionality_level_impact_scores (functionality_level_id, impact_criterion_id, score)
  values ('6496e73f-3a26-5d97-8e5e-ba44bfb634e6', (select id from public.sri_impact_criteria where methodology_version_id=v_mid and code='health_wellbeing_accessibility'), 0) on conflict (functionality_level_id, impact_criterion_id) do nothing;
  insert into public.sri_functionality_level_impact_scores (functionality_level_id, impact_criterion_id, score)
  values ('6496e73f-3a26-5d97-8e5e-ba44bfb634e6', (select id from public.sri_impact_criteria where methodology_version_id=v_mid and code='maintenance_and_fault_prediction'), 0) on conflict (functionality_level_id, impact_criterion_id) do nothing;
  insert into public.sri_functionality_level_impact_scores (functionality_level_id, impact_criterion_id, score)
  values ('6496e73f-3a26-5d97-8e5e-ba44bfb634e6', (select id from public.sri_impact_criteria where methodology_version_id=v_mid and code='information_to_occupants'), 0) on conflict (functionality_level_id, impact_criterion_id) do nothing;

  insert into public.sri_services (id, catalogue_id, domain_id, official_code, internal_code, sort_order, official_name, service_group, purpose, when_applicable, typical_devices, preconditions, fl_max, included_in_method_a, included_in_method_b, triage_affects_max, applicability_mode, mutual_exclusion_group, standards_basis, provenance)
  values ('d0b5b62d-4e44-588b-b1e3-1fd5808eb952', v_cat, (select id from public.sri_technical_domains where methodology_version_id=v_mid and code='cooling'), 'C-2b', 'C-08', 23, '{"en": "Sequencing of different cooling generators", "pl": "Sekwencjonowanie wielu źródeł chłodu"}'::jsonb, 'Control cooling production facilities', '{"en": "Switch between chillers, free cooling, etc."}'::jsonb, '{"en": "When multiple cooling sources exist."}'::jsonb, '{"Chiller sequencing controllers"}', 'Only applicable in case multiple mechanical cooling systems are present', 4, false, true, false, 'smart_ready', null, '{"EN ISO 52120-1"}', 'VERIFIED_ANNEX_D')
  on conflict (catalogue_id, official_code) do nothing;
  insert into public.sri_functionality_levels (id, service_id, level_number, official_description)
  values ('97f66ab1-05cb-5287-a7bf-bed917e54d16', 'd0b5b62d-4e44-588b-b1e3-1fd5808eb952', 0, '{"en": "Priorities only based on running times"}'::jsonb) on conflict (service_id, level_number) do nothing;
  insert into public.sri_functionality_levels (id, service_id, level_number, official_description)
  values ('5b1be0d6-735f-513e-b2db-aecaeed98671', 'd0b5b62d-4e44-588b-b1e3-1fd5808eb952', 1, '{"en": "Fixed sequencing based on loads only: e.g. depending on the generators characteristics such as absorption chiller vs. centrifugal chiller"}'::jsonb) on conflict (service_id, level_number) do nothing;
  insert into public.sri_functionality_levels (id, service_id, level_number, official_description)
  values ('e824fdeb-ff53-5345-ab20-360691d1f23d', 'd0b5b62d-4e44-588b-b1e3-1fd5808eb952', 2, '{"en": "Dynamic priorities based on generator efficiency and characteristics (e.g. availability of free cooling)"}'::jsonb) on conflict (service_id, level_number) do nothing;
  insert into public.sri_functionality_levels (id, service_id, level_number, official_description)
  values ('e88af631-7bc2-5262-8248-4002fe2322fc', 'd0b5b62d-4e44-588b-b1e3-1fd5808eb952', 3, '{"en": "Load prediction based sequencing: the sequence is based on e.g. COP and available power of a device and the predicted required power"}'::jsonb) on conflict (service_id, level_number) do nothing;
  insert into public.sri_functionality_levels (id, service_id, level_number, official_description)
  values ('0d7068fc-a1a6-514d-b7bc-af5936085ee2', 'd0b5b62d-4e44-588b-b1e3-1fd5808eb952', 4, '{"en": "Sequencing based on dynamic priority list, including external signals from grid"}'::jsonb) on conflict (service_id, level_number) do nothing;
  insert into public.sri_functionality_level_impact_scores (functionality_level_id, impact_criterion_id, score)
  values ('97f66ab1-05cb-5287-a7bf-bed917e54d16', (select id from public.sri_impact_criteria where methodology_version_id=v_mid and code='energy_efficiency'), 0) on conflict (functionality_level_id, impact_criterion_id) do nothing;
  insert into public.sri_functionality_level_impact_scores (functionality_level_id, impact_criterion_id, score)
  values ('97f66ab1-05cb-5287-a7bf-bed917e54d16', (select id from public.sri_impact_criteria where methodology_version_id=v_mid and code='energy_flexibility_and_storage'), 0) on conflict (functionality_level_id, impact_criterion_id) do nothing;
  insert into public.sri_functionality_level_impact_scores (functionality_level_id, impact_criterion_id, score)
  values ('97f66ab1-05cb-5287-a7bf-bed917e54d16', (select id from public.sri_impact_criteria where methodology_version_id=v_mid and code='comfort'), 0) on conflict (functionality_level_id, impact_criterion_id) do nothing;
  insert into public.sri_functionality_level_impact_scores (functionality_level_id, impact_criterion_id, score)
  values ('97f66ab1-05cb-5287-a7bf-bed917e54d16', (select id from public.sri_impact_criteria where methodology_version_id=v_mid and code='convenience'), 0) on conflict (functionality_level_id, impact_criterion_id) do nothing;
  insert into public.sri_functionality_level_impact_scores (functionality_level_id, impact_criterion_id, score)
  values ('97f66ab1-05cb-5287-a7bf-bed917e54d16', (select id from public.sri_impact_criteria where methodology_version_id=v_mid and code='health_wellbeing_accessibility'), 0) on conflict (functionality_level_id, impact_criterion_id) do nothing;
  insert into public.sri_functionality_level_impact_scores (functionality_level_id, impact_criterion_id, score)
  values ('97f66ab1-05cb-5287-a7bf-bed917e54d16', (select id from public.sri_impact_criteria where methodology_version_id=v_mid and code='maintenance_and_fault_prediction'), 0) on conflict (functionality_level_id, impact_criterion_id) do nothing;
  insert into public.sri_functionality_level_impact_scores (functionality_level_id, impact_criterion_id, score)
  values ('97f66ab1-05cb-5287-a7bf-bed917e54d16', (select id from public.sri_impact_criteria where methodology_version_id=v_mid and code='information_to_occupants'), 0) on conflict (functionality_level_id, impact_criterion_id) do nothing;
  insert into public.sri_functionality_level_impact_scores (functionality_level_id, impact_criterion_id, score)
  values ('5b1be0d6-735f-513e-b2db-aecaeed98671', (select id from public.sri_impact_criteria where methodology_version_id=v_mid and code='energy_efficiency'), 1) on conflict (functionality_level_id, impact_criterion_id) do nothing;
  insert into public.sri_functionality_level_impact_scores (functionality_level_id, impact_criterion_id, score)
  values ('5b1be0d6-735f-513e-b2db-aecaeed98671', (select id from public.sri_impact_criteria where methodology_version_id=v_mid and code='energy_flexibility_and_storage'), 0) on conflict (functionality_level_id, impact_criterion_id) do nothing;
  insert into public.sri_functionality_level_impact_scores (functionality_level_id, impact_criterion_id, score)
  values ('5b1be0d6-735f-513e-b2db-aecaeed98671', (select id from public.sri_impact_criteria where methodology_version_id=v_mid and code='comfort'), 0) on conflict (functionality_level_id, impact_criterion_id) do nothing;
  insert into public.sri_functionality_level_impact_scores (functionality_level_id, impact_criterion_id, score)
  values ('5b1be0d6-735f-513e-b2db-aecaeed98671', (select id from public.sri_impact_criteria where methodology_version_id=v_mid and code='convenience'), 0) on conflict (functionality_level_id, impact_criterion_id) do nothing;
  insert into public.sri_functionality_level_impact_scores (functionality_level_id, impact_criterion_id, score)
  values ('5b1be0d6-735f-513e-b2db-aecaeed98671', (select id from public.sri_impact_criteria where methodology_version_id=v_mid and code='health_wellbeing_accessibility'), 0) on conflict (functionality_level_id, impact_criterion_id) do nothing;
  insert into public.sri_functionality_level_impact_scores (functionality_level_id, impact_criterion_id, score)
  values ('5b1be0d6-735f-513e-b2db-aecaeed98671', (select id from public.sri_impact_criteria where methodology_version_id=v_mid and code='maintenance_and_fault_prediction'), 0) on conflict (functionality_level_id, impact_criterion_id) do nothing;
  insert into public.sri_functionality_level_impact_scores (functionality_level_id, impact_criterion_id, score)
  values ('5b1be0d6-735f-513e-b2db-aecaeed98671', (select id from public.sri_impact_criteria where methodology_version_id=v_mid and code='information_to_occupants'), 0) on conflict (functionality_level_id, impact_criterion_id) do nothing;
  insert into public.sri_functionality_level_impact_scores (functionality_level_id, impact_criterion_id, score)
  values ('e824fdeb-ff53-5345-ab20-360691d1f23d', (select id from public.sri_impact_criteria where methodology_version_id=v_mid and code='energy_efficiency'), 2) on conflict (functionality_level_id, impact_criterion_id) do nothing;
  insert into public.sri_functionality_level_impact_scores (functionality_level_id, impact_criterion_id, score)
  values ('e824fdeb-ff53-5345-ab20-360691d1f23d', (select id from public.sri_impact_criteria where methodology_version_id=v_mid and code='energy_flexibility_and_storage'), 1) on conflict (functionality_level_id, impact_criterion_id) do nothing;
  insert into public.sri_functionality_level_impact_scores (functionality_level_id, impact_criterion_id, score)
  values ('e824fdeb-ff53-5345-ab20-360691d1f23d', (select id from public.sri_impact_criteria where methodology_version_id=v_mid and code='comfort'), 0) on conflict (functionality_level_id, impact_criterion_id) do nothing;
  insert into public.sri_functionality_level_impact_scores (functionality_level_id, impact_criterion_id, score)
  values ('e824fdeb-ff53-5345-ab20-360691d1f23d', (select id from public.sri_impact_criteria where methodology_version_id=v_mid and code='convenience'), 0) on conflict (functionality_level_id, impact_criterion_id) do nothing;
  insert into public.sri_functionality_level_impact_scores (functionality_level_id, impact_criterion_id, score)
  values ('e824fdeb-ff53-5345-ab20-360691d1f23d', (select id from public.sri_impact_criteria where methodology_version_id=v_mid and code='health_wellbeing_accessibility'), 0) on conflict (functionality_level_id, impact_criterion_id) do nothing;
  insert into public.sri_functionality_level_impact_scores (functionality_level_id, impact_criterion_id, score)
  values ('e824fdeb-ff53-5345-ab20-360691d1f23d', (select id from public.sri_impact_criteria where methodology_version_id=v_mid and code='maintenance_and_fault_prediction'), 0) on conflict (functionality_level_id, impact_criterion_id) do nothing;
  insert into public.sri_functionality_level_impact_scores (functionality_level_id, impact_criterion_id, score)
  values ('e824fdeb-ff53-5345-ab20-360691d1f23d', (select id from public.sri_impact_criteria where methodology_version_id=v_mid and code='information_to_occupants'), 0) on conflict (functionality_level_id, impact_criterion_id) do nothing;
  insert into public.sri_functionality_level_impact_scores (functionality_level_id, impact_criterion_id, score)
  values ('e88af631-7bc2-5262-8248-4002fe2322fc', (select id from public.sri_impact_criteria where methodology_version_id=v_mid and code='energy_efficiency'), 3) on conflict (functionality_level_id, impact_criterion_id) do nothing;
  insert into public.sri_functionality_level_impact_scores (functionality_level_id, impact_criterion_id, score)
  values ('e88af631-7bc2-5262-8248-4002fe2322fc', (select id from public.sri_impact_criteria where methodology_version_id=v_mid and code='energy_flexibility_and_storage'), 2) on conflict (functionality_level_id, impact_criterion_id) do nothing;
  insert into public.sri_functionality_level_impact_scores (functionality_level_id, impact_criterion_id, score)
  values ('e88af631-7bc2-5262-8248-4002fe2322fc', (select id from public.sri_impact_criteria where methodology_version_id=v_mid and code='comfort'), 0) on conflict (functionality_level_id, impact_criterion_id) do nothing;
  insert into public.sri_functionality_level_impact_scores (functionality_level_id, impact_criterion_id, score)
  values ('e88af631-7bc2-5262-8248-4002fe2322fc', (select id from public.sri_impact_criteria where methodology_version_id=v_mid and code='convenience'), 0) on conflict (functionality_level_id, impact_criterion_id) do nothing;
  insert into public.sri_functionality_level_impact_scores (functionality_level_id, impact_criterion_id, score)
  values ('e88af631-7bc2-5262-8248-4002fe2322fc', (select id from public.sri_impact_criteria where methodology_version_id=v_mid and code='health_wellbeing_accessibility'), 0) on conflict (functionality_level_id, impact_criterion_id) do nothing;
  insert into public.sri_functionality_level_impact_scores (functionality_level_id, impact_criterion_id, score)
  values ('e88af631-7bc2-5262-8248-4002fe2322fc', (select id from public.sri_impact_criteria where methodology_version_id=v_mid and code='maintenance_and_fault_prediction'), 0) on conflict (functionality_level_id, impact_criterion_id) do nothing;
  insert into public.sri_functionality_level_impact_scores (functionality_level_id, impact_criterion_id, score)
  values ('e88af631-7bc2-5262-8248-4002fe2322fc', (select id from public.sri_impact_criteria where methodology_version_id=v_mid and code='information_to_occupants'), 0) on conflict (functionality_level_id, impact_criterion_id) do nothing;
  insert into public.sri_functionality_level_impact_scores (functionality_level_id, impact_criterion_id, score)
  values ('0d7068fc-a1a6-514d-b7bc-af5936085ee2', (select id from public.sri_impact_criteria where methodology_version_id=v_mid and code='energy_efficiency'), 3) on conflict (functionality_level_id, impact_criterion_id) do nothing;
  insert into public.sri_functionality_level_impact_scores (functionality_level_id, impact_criterion_id, score)
  values ('0d7068fc-a1a6-514d-b7bc-af5936085ee2', (select id from public.sri_impact_criteria where methodology_version_id=v_mid and code='energy_flexibility_and_storage'), 3) on conflict (functionality_level_id, impact_criterion_id) do nothing;
  insert into public.sri_functionality_level_impact_scores (functionality_level_id, impact_criterion_id, score)
  values ('0d7068fc-a1a6-514d-b7bc-af5936085ee2', (select id from public.sri_impact_criteria where methodology_version_id=v_mid and code='comfort'), 0) on conflict (functionality_level_id, impact_criterion_id) do nothing;
  insert into public.sri_functionality_level_impact_scores (functionality_level_id, impact_criterion_id, score)
  values ('0d7068fc-a1a6-514d-b7bc-af5936085ee2', (select id from public.sri_impact_criteria where methodology_version_id=v_mid and code='convenience'), 0) on conflict (functionality_level_id, impact_criterion_id) do nothing;
  insert into public.sri_functionality_level_impact_scores (functionality_level_id, impact_criterion_id, score)
  values ('0d7068fc-a1a6-514d-b7bc-af5936085ee2', (select id from public.sri_impact_criteria where methodology_version_id=v_mid and code='health_wellbeing_accessibility'), 0) on conflict (functionality_level_id, impact_criterion_id) do nothing;
  insert into public.sri_functionality_level_impact_scores (functionality_level_id, impact_criterion_id, score)
  values ('0d7068fc-a1a6-514d-b7bc-af5936085ee2', (select id from public.sri_impact_criteria where methodology_version_id=v_mid and code='maintenance_and_fault_prediction'), 0) on conflict (functionality_level_id, impact_criterion_id) do nothing;
  insert into public.sri_functionality_level_impact_scores (functionality_level_id, impact_criterion_id, score)
  values ('0d7068fc-a1a6-514d-b7bc-af5936085ee2', (select id from public.sri_impact_criteria where methodology_version_id=v_mid and code='information_to_occupants'), 0) on conflict (functionality_level_id, impact_criterion_id) do nothing;

  insert into public.sri_services (id, catalogue_id, domain_id, official_code, internal_code, sort_order, official_name, service_group, purpose, when_applicable, typical_devices, preconditions, fl_max, included_in_method_a, included_in_method_b, triage_affects_max, applicability_mode, mutual_exclusion_group, standards_basis, provenance)
  values ('1e62e261-9aea-5cb9-8c08-bce34de4e008', v_cat, (select id from public.sri_technical_domains where methodology_version_id=v_mid and code='cooling'), 'C-3', 'C-09', 24, '{"en": "Report information regarding cooling system performance", "pl": "Elastyczność sterowania chłodzeniem"}'::jsonb, 'Information to occupants and facility managers', '{"en": "Time-shift or remote cooling for DSM/grid signals."}'::jsonb, '{"en": "When cooling participates in demand response."}'::jsonb, '{"BMS DSM","Smart AC interfaces"}', 'Only applicable in case mechanical cooling systems are present', 4, true, true, true, 'smart_ready', null, '{"DG ENER Technical Study 2020"}', 'VERIFIED_ANNEX_D')
  on conflict (catalogue_id, official_code) do nothing;
  insert into public.sri_functionality_levels (id, service_id, level_number, official_description)
  values ('a90644fd-cff0-53a9-9eef-c15cdf4adf76', '1e62e261-9aea-5cb9-8c08-bce34de4e008', 0, '{"en": "None"}'::jsonb) on conflict (service_id, level_number) do nothing;
  insert into public.sri_functionality_levels (id, service_id, level_number, official_description)
  values ('d97a0d65-0cc4-525d-bddc-e4636bc7b40a', '1e62e261-9aea-5cb9-8c08-bce34de4e008', 1, '{"en": "Central or remote reporting of current performance KPIs (e.g. temperatures, submetering energy usage)"}'::jsonb) on conflict (service_id, level_number) do nothing;
  insert into public.sri_functionality_levels (id, service_id, level_number, official_description)
  values ('c6f66193-6bf8-5e74-a818-50757edab360', '1e62e261-9aea-5cb9-8c08-bce34de4e008', 2, '{"en": "Central or remote reporting of current performance KPIs and historical data"}'::jsonb) on conflict (service_id, level_number) do nothing;
  insert into public.sri_functionality_levels (id, service_id, level_number, official_description)
  values ('541d7817-23e9-5c9d-a075-a58039e4fd1d', '1e62e261-9aea-5cb9-8c08-bce34de4e008', 3, '{"en": "Central or remote reporting of performance evaluation including forecasting and/or benchmarking"}'::jsonb) on conflict (service_id, level_number) do nothing;
  insert into public.sri_functionality_levels (id, service_id, level_number, official_description)
  values ('2038441a-7714-57da-bd55-1e414e783a2a', '1e62e261-9aea-5cb9-8c08-bce34de4e008', 4, '{"en": "Central or remote reporting of performance evaluation including forecasting and/or benchmarking; also including predictive management and fault detection"}'::jsonb) on conflict (service_id, level_number) do nothing;
  insert into public.sri_functionality_level_impact_scores (functionality_level_id, impact_criterion_id, score)
  values ('a90644fd-cff0-53a9-9eef-c15cdf4adf76', (select id from public.sri_impact_criteria where methodology_version_id=v_mid and code='energy_efficiency'), 0) on conflict (functionality_level_id, impact_criterion_id) do nothing;
  insert into public.sri_functionality_level_impact_scores (functionality_level_id, impact_criterion_id, score)
  values ('a90644fd-cff0-53a9-9eef-c15cdf4adf76', (select id from public.sri_impact_criteria where methodology_version_id=v_mid and code='energy_flexibility_and_storage'), 0) on conflict (functionality_level_id, impact_criterion_id) do nothing;
  insert into public.sri_functionality_level_impact_scores (functionality_level_id, impact_criterion_id, score)
  values ('a90644fd-cff0-53a9-9eef-c15cdf4adf76', (select id from public.sri_impact_criteria where methodology_version_id=v_mid and code='comfort'), 0) on conflict (functionality_level_id, impact_criterion_id) do nothing;
  insert into public.sri_functionality_level_impact_scores (functionality_level_id, impact_criterion_id, score)
  values ('a90644fd-cff0-53a9-9eef-c15cdf4adf76', (select id from public.sri_impact_criteria where methodology_version_id=v_mid and code='convenience'), 0) on conflict (functionality_level_id, impact_criterion_id) do nothing;
  insert into public.sri_functionality_level_impact_scores (functionality_level_id, impact_criterion_id, score)
  values ('a90644fd-cff0-53a9-9eef-c15cdf4adf76', (select id from public.sri_impact_criteria where methodology_version_id=v_mid and code='health_wellbeing_accessibility'), 0) on conflict (functionality_level_id, impact_criterion_id) do nothing;
  insert into public.sri_functionality_level_impact_scores (functionality_level_id, impact_criterion_id, score)
  values ('a90644fd-cff0-53a9-9eef-c15cdf4adf76', (select id from public.sri_impact_criteria where methodology_version_id=v_mid and code='maintenance_and_fault_prediction'), 0) on conflict (functionality_level_id, impact_criterion_id) do nothing;
  insert into public.sri_functionality_level_impact_scores (functionality_level_id, impact_criterion_id, score)
  values ('a90644fd-cff0-53a9-9eef-c15cdf4adf76', (select id from public.sri_impact_criteria where methodology_version_id=v_mid and code='information_to_occupants'), 0) on conflict (functionality_level_id, impact_criterion_id) do nothing;
  insert into public.sri_functionality_level_impact_scores (functionality_level_id, impact_criterion_id, score)
  values ('d97a0d65-0cc4-525d-bddc-e4636bc7b40a', (select id from public.sri_impact_criteria where methodology_version_id=v_mid and code='energy_efficiency'), 1) on conflict (functionality_level_id, impact_criterion_id) do nothing;
  insert into public.sri_functionality_level_impact_scores (functionality_level_id, impact_criterion_id, score)
  values ('d97a0d65-0cc4-525d-bddc-e4636bc7b40a', (select id from public.sri_impact_criteria where methodology_version_id=v_mid and code='energy_flexibility_and_storage'), 0) on conflict (functionality_level_id, impact_criterion_id) do nothing;
  insert into public.sri_functionality_level_impact_scores (functionality_level_id, impact_criterion_id, score)
  values ('d97a0d65-0cc4-525d-bddc-e4636bc7b40a', (select id from public.sri_impact_criteria where methodology_version_id=v_mid and code='comfort'), 0) on conflict (functionality_level_id, impact_criterion_id) do nothing;
  insert into public.sri_functionality_level_impact_scores (functionality_level_id, impact_criterion_id, score)
  values ('d97a0d65-0cc4-525d-bddc-e4636bc7b40a', (select id from public.sri_impact_criteria where methodology_version_id=v_mid and code='convenience'), 0) on conflict (functionality_level_id, impact_criterion_id) do nothing;
  insert into public.sri_functionality_level_impact_scores (functionality_level_id, impact_criterion_id, score)
  values ('d97a0d65-0cc4-525d-bddc-e4636bc7b40a', (select id from public.sri_impact_criteria where methodology_version_id=v_mid and code='health_wellbeing_accessibility'), 0) on conflict (functionality_level_id, impact_criterion_id) do nothing;
  insert into public.sri_functionality_level_impact_scores (functionality_level_id, impact_criterion_id, score)
  values ('d97a0d65-0cc4-525d-bddc-e4636bc7b40a', (select id from public.sri_impact_criteria where methodology_version_id=v_mid and code='maintenance_and_fault_prediction'), 1) on conflict (functionality_level_id, impact_criterion_id) do nothing;
  insert into public.sri_functionality_level_impact_scores (functionality_level_id, impact_criterion_id, score)
  values ('d97a0d65-0cc4-525d-bddc-e4636bc7b40a', (select id from public.sri_impact_criteria where methodology_version_id=v_mid and code='information_to_occupants'), 1) on conflict (functionality_level_id, impact_criterion_id) do nothing;
  insert into public.sri_functionality_level_impact_scores (functionality_level_id, impact_criterion_id, score)
  values ('c6f66193-6bf8-5e74-a818-50757edab360', (select id from public.sri_impact_criteria where methodology_version_id=v_mid and code='energy_efficiency'), 1) on conflict (functionality_level_id, impact_criterion_id) do nothing;
  insert into public.sri_functionality_level_impact_scores (functionality_level_id, impact_criterion_id, score)
  values ('c6f66193-6bf8-5e74-a818-50757edab360', (select id from public.sri_impact_criteria where methodology_version_id=v_mid and code='energy_flexibility_and_storage'), 0) on conflict (functionality_level_id, impact_criterion_id) do nothing;
  insert into public.sri_functionality_level_impact_scores (functionality_level_id, impact_criterion_id, score)
  values ('c6f66193-6bf8-5e74-a818-50757edab360', (select id from public.sri_impact_criteria where methodology_version_id=v_mid and code='comfort'), 0) on conflict (functionality_level_id, impact_criterion_id) do nothing;
  insert into public.sri_functionality_level_impact_scores (functionality_level_id, impact_criterion_id, score)
  values ('c6f66193-6bf8-5e74-a818-50757edab360', (select id from public.sri_impact_criteria where methodology_version_id=v_mid and code='convenience'), 0) on conflict (functionality_level_id, impact_criterion_id) do nothing;
  insert into public.sri_functionality_level_impact_scores (functionality_level_id, impact_criterion_id, score)
  values ('c6f66193-6bf8-5e74-a818-50757edab360', (select id from public.sri_impact_criteria where methodology_version_id=v_mid and code='health_wellbeing_accessibility'), 0) on conflict (functionality_level_id, impact_criterion_id) do nothing;
  insert into public.sri_functionality_level_impact_scores (functionality_level_id, impact_criterion_id, score)
  values ('c6f66193-6bf8-5e74-a818-50757edab360', (select id from public.sri_impact_criteria where methodology_version_id=v_mid and code='maintenance_and_fault_prediction'), 1) on conflict (functionality_level_id, impact_criterion_id) do nothing;
  insert into public.sri_functionality_level_impact_scores (functionality_level_id, impact_criterion_id, score)
  values ('c6f66193-6bf8-5e74-a818-50757edab360', (select id from public.sri_impact_criteria where methodology_version_id=v_mid and code='information_to_occupants'), 2) on conflict (functionality_level_id, impact_criterion_id) do nothing;
  insert into public.sri_functionality_level_impact_scores (functionality_level_id, impact_criterion_id, score)
  values ('541d7817-23e9-5c9d-a075-a58039e4fd1d', (select id from public.sri_impact_criteria where methodology_version_id=v_mid and code='energy_efficiency'), 1) on conflict (functionality_level_id, impact_criterion_id) do nothing;
  insert into public.sri_functionality_level_impact_scores (functionality_level_id, impact_criterion_id, score)
  values ('541d7817-23e9-5c9d-a075-a58039e4fd1d', (select id from public.sri_impact_criteria where methodology_version_id=v_mid and code='energy_flexibility_and_storage'), 0) on conflict (functionality_level_id, impact_criterion_id) do nothing;
  insert into public.sri_functionality_level_impact_scores (functionality_level_id, impact_criterion_id, score)
  values ('541d7817-23e9-5c9d-a075-a58039e4fd1d', (select id from public.sri_impact_criteria where methodology_version_id=v_mid and code='comfort'), 0) on conflict (functionality_level_id, impact_criterion_id) do nothing;
  insert into public.sri_functionality_level_impact_scores (functionality_level_id, impact_criterion_id, score)
  values ('541d7817-23e9-5c9d-a075-a58039e4fd1d', (select id from public.sri_impact_criteria where methodology_version_id=v_mid and code='convenience'), 0) on conflict (functionality_level_id, impact_criterion_id) do nothing;
  insert into public.sri_functionality_level_impact_scores (functionality_level_id, impact_criterion_id, score)
  values ('541d7817-23e9-5c9d-a075-a58039e4fd1d', (select id from public.sri_impact_criteria where methodology_version_id=v_mid and code='health_wellbeing_accessibility'), 0) on conflict (functionality_level_id, impact_criterion_id) do nothing;
  insert into public.sri_functionality_level_impact_scores (functionality_level_id, impact_criterion_id, score)
  values ('541d7817-23e9-5c9d-a075-a58039e4fd1d', (select id from public.sri_impact_criteria where methodology_version_id=v_mid and code='maintenance_and_fault_prediction'), 1) on conflict (functionality_level_id, impact_criterion_id) do nothing;
  insert into public.sri_functionality_level_impact_scores (functionality_level_id, impact_criterion_id, score)
  values ('541d7817-23e9-5c9d-a075-a58039e4fd1d', (select id from public.sri_impact_criteria where methodology_version_id=v_mid and code='information_to_occupants'), 3) on conflict (functionality_level_id, impact_criterion_id) do nothing;
  insert into public.sri_functionality_level_impact_scores (functionality_level_id, impact_criterion_id, score)
  values ('2038441a-7714-57da-bd55-1e414e783a2a', (select id from public.sri_impact_criteria where methodology_version_id=v_mid and code='energy_efficiency'), 1) on conflict (functionality_level_id, impact_criterion_id) do nothing;
  insert into public.sri_functionality_level_impact_scores (functionality_level_id, impact_criterion_id, score)
  values ('2038441a-7714-57da-bd55-1e414e783a2a', (select id from public.sri_impact_criteria where methodology_version_id=v_mid and code='energy_flexibility_and_storage'), 0) on conflict (functionality_level_id, impact_criterion_id) do nothing;
  insert into public.sri_functionality_level_impact_scores (functionality_level_id, impact_criterion_id, score)
  values ('2038441a-7714-57da-bd55-1e414e783a2a', (select id from public.sri_impact_criteria where methodology_version_id=v_mid and code='comfort'), 0) on conflict (functionality_level_id, impact_criterion_id) do nothing;
  insert into public.sri_functionality_level_impact_scores (functionality_level_id, impact_criterion_id, score)
  values ('2038441a-7714-57da-bd55-1e414e783a2a', (select id from public.sri_impact_criteria where methodology_version_id=v_mid and code='convenience'), 1) on conflict (functionality_level_id, impact_criterion_id) do nothing;
  insert into public.sri_functionality_level_impact_scores (functionality_level_id, impact_criterion_id, score)
  values ('2038441a-7714-57da-bd55-1e414e783a2a', (select id from public.sri_impact_criteria where methodology_version_id=v_mid and code='health_wellbeing_accessibility'), 0) on conflict (functionality_level_id, impact_criterion_id) do nothing;
  insert into public.sri_functionality_level_impact_scores (functionality_level_id, impact_criterion_id, score)
  values ('2038441a-7714-57da-bd55-1e414e783a2a', (select id from public.sri_impact_criteria where methodology_version_id=v_mid and code='maintenance_and_fault_prediction'), 3) on conflict (functionality_level_id, impact_criterion_id) do nothing;
  insert into public.sri_functionality_level_impact_scores (functionality_level_id, impact_criterion_id, score)
  values ('2038441a-7714-57da-bd55-1e414e783a2a', (select id from public.sri_impact_criteria where methodology_version_id=v_mid and code='information_to_occupants'), 3) on conflict (functionality_level_id, impact_criterion_id) do nothing;

  insert into public.sri_services (id, catalogue_id, domain_id, official_code, internal_code, sort_order, official_name, service_group, purpose, when_applicable, typical_devices, preconditions, fl_max, included_in_method_a, included_in_method_b, triage_affects_max, applicability_mode, mutual_exclusion_group, standards_basis, provenance)
  values ('8da88e3e-b340-53b9-aea5-69a155d87a3e', v_cat, (select id from public.sri_technical_domains where methodology_version_id=v_mid and code='cooling'), 'C-4', 'C-10', 25, '{"en": "Flexibility and grid interaction", "pl": "Raportowanie informacji o pracy chłodzenia"}'::jsonb, 'Flexibility and grid interaction', '{"en": "Inform users about cooling operation and efficiency."}'::jsonb, '{"en": "When cooling systems exist."}'::jsonb, '{"BMS dashboards","Monitoring portals"}', 'The inspectability of the nature of the control algorithm would need to be facilitated', 4, true, true, true, 'smart_ready', null, '{"DG ENER Technical Study 2020"}', 'VERIFIED_ANNEX_D')
  on conflict (catalogue_id, official_code) do nothing;
  insert into public.sri_functionality_levels (id, service_id, level_number, official_description)
  values ('f6132f7f-ad5d-5b3d-a4ba-fe403e75c045', '8da88e3e-b340-53b9-aea5-69a155d87a3e', 0, '{"en": "No automatic control"}'::jsonb) on conflict (service_id, level_number) do nothing;
  insert into public.sri_functionality_levels (id, service_id, level_number, official_description)
  values ('6f57a3bb-d35f-5e0e-a59a-3285b38cffda', '8da88e3e-b340-53b9-aea5-69a155d87a3e', 1, '{"en": "Scheduled operation of cooling system"}'::jsonb) on conflict (service_id, level_number) do nothing;
  insert into public.sri_functionality_levels (id, service_id, level_number, official_description)
  values ('2f45682f-9903-526a-be13-eeff51b4430c', '8da88e3e-b340-53b9-aea5-69a155d87a3e', 2, '{"en": "Self-learning optimal control of cooling system"}'::jsonb) on conflict (service_id, level_number) do nothing;
  insert into public.sri_functionality_levels (id, service_id, level_number, official_description)
  values ('6a9e9523-4d98-5824-b407-5acd6b056c36', '8da88e3e-b340-53b9-aea5-69a155d87a3e', 3, '{"en": "Cooling system capable of flexible control through grid signals (e.g. DSM)"}'::jsonb) on conflict (service_id, level_number) do nothing;
  insert into public.sri_functionality_levels (id, service_id, level_number, official_description)
  values ('9428dc73-eddb-5783-9b26-5034cca38e0c', '8da88e3e-b340-53b9-aea5-69a155d87a3e', 4, '{"en": "Optimized control of  cooling system based on local predictions and grid signals (e.g. through model predictive control)"}'::jsonb) on conflict (service_id, level_number) do nothing;
  insert into public.sri_functionality_level_impact_scores (functionality_level_id, impact_criterion_id, score)
  values ('f6132f7f-ad5d-5b3d-a4ba-fe403e75c045', (select id from public.sri_impact_criteria where methodology_version_id=v_mid and code='energy_efficiency'), 0) on conflict (functionality_level_id, impact_criterion_id) do nothing;
  insert into public.sri_functionality_level_impact_scores (functionality_level_id, impact_criterion_id, score)
  values ('f6132f7f-ad5d-5b3d-a4ba-fe403e75c045', (select id from public.sri_impact_criteria where methodology_version_id=v_mid and code='energy_flexibility_and_storage'), 0) on conflict (functionality_level_id, impact_criterion_id) do nothing;
  insert into public.sri_functionality_level_impact_scores (functionality_level_id, impact_criterion_id, score)
  values ('f6132f7f-ad5d-5b3d-a4ba-fe403e75c045', (select id from public.sri_impact_criteria where methodology_version_id=v_mid and code='comfort'), 0) on conflict (functionality_level_id, impact_criterion_id) do nothing;
  insert into public.sri_functionality_level_impact_scores (functionality_level_id, impact_criterion_id, score)
  values ('f6132f7f-ad5d-5b3d-a4ba-fe403e75c045', (select id from public.sri_impact_criteria where methodology_version_id=v_mid and code='convenience'), 0) on conflict (functionality_level_id, impact_criterion_id) do nothing;
  insert into public.sri_functionality_level_impact_scores (functionality_level_id, impact_criterion_id, score)
  values ('f6132f7f-ad5d-5b3d-a4ba-fe403e75c045', (select id from public.sri_impact_criteria where methodology_version_id=v_mid and code='health_wellbeing_accessibility'), 0) on conflict (functionality_level_id, impact_criterion_id) do nothing;
  insert into public.sri_functionality_level_impact_scores (functionality_level_id, impact_criterion_id, score)
  values ('f6132f7f-ad5d-5b3d-a4ba-fe403e75c045', (select id from public.sri_impact_criteria where methodology_version_id=v_mid and code='maintenance_and_fault_prediction'), 0) on conflict (functionality_level_id, impact_criterion_id) do nothing;
  insert into public.sri_functionality_level_impact_scores (functionality_level_id, impact_criterion_id, score)
  values ('f6132f7f-ad5d-5b3d-a4ba-fe403e75c045', (select id from public.sri_impact_criteria where methodology_version_id=v_mid and code='information_to_occupants'), 0) on conflict (functionality_level_id, impact_criterion_id) do nothing;
  insert into public.sri_functionality_level_impact_scores (functionality_level_id, impact_criterion_id, score)
  values ('6f57a3bb-d35f-5e0e-a59a-3285b38cffda', (select id from public.sri_impact_criteria where methodology_version_id=v_mid and code='energy_efficiency'), 1) on conflict (functionality_level_id, impact_criterion_id) do nothing;
  insert into public.sri_functionality_level_impact_scores (functionality_level_id, impact_criterion_id, score)
  values ('6f57a3bb-d35f-5e0e-a59a-3285b38cffda', (select id from public.sri_impact_criteria where methodology_version_id=v_mid and code='energy_flexibility_and_storage'), 0) on conflict (functionality_level_id, impact_criterion_id) do nothing;
  insert into public.sri_functionality_level_impact_scores (functionality_level_id, impact_criterion_id, score)
  values ('6f57a3bb-d35f-5e0e-a59a-3285b38cffda', (select id from public.sri_impact_criteria where methodology_version_id=v_mid and code='comfort'), 1) on conflict (functionality_level_id, impact_criterion_id) do nothing;
  insert into public.sri_functionality_level_impact_scores (functionality_level_id, impact_criterion_id, score)
  values ('6f57a3bb-d35f-5e0e-a59a-3285b38cffda', (select id from public.sri_impact_criteria where methodology_version_id=v_mid and code='convenience'), 1) on conflict (functionality_level_id, impact_criterion_id) do nothing;
  insert into public.sri_functionality_level_impact_scores (functionality_level_id, impact_criterion_id, score)
  values ('6f57a3bb-d35f-5e0e-a59a-3285b38cffda', (select id from public.sri_impact_criteria where methodology_version_id=v_mid and code='health_wellbeing_accessibility'), 0) on conflict (functionality_level_id, impact_criterion_id) do nothing;
  insert into public.sri_functionality_level_impact_scores (functionality_level_id, impact_criterion_id, score)
  values ('6f57a3bb-d35f-5e0e-a59a-3285b38cffda', (select id from public.sri_impact_criteria where methodology_version_id=v_mid and code='maintenance_and_fault_prediction'), 0) on conflict (functionality_level_id, impact_criterion_id) do nothing;
  insert into public.sri_functionality_level_impact_scores (functionality_level_id, impact_criterion_id, score)
  values ('6f57a3bb-d35f-5e0e-a59a-3285b38cffda', (select id from public.sri_impact_criteria where methodology_version_id=v_mid and code='information_to_occupants'), 0) on conflict (functionality_level_id, impact_criterion_id) do nothing;
  insert into public.sri_functionality_level_impact_scores (functionality_level_id, impact_criterion_id, score)
  values ('2f45682f-9903-526a-be13-eeff51b4430c', (select id from public.sri_impact_criteria where methodology_version_id=v_mid and code='energy_efficiency'), 2) on conflict (functionality_level_id, impact_criterion_id) do nothing;
  insert into public.sri_functionality_level_impact_scores (functionality_level_id, impact_criterion_id, score)
  values ('2f45682f-9903-526a-be13-eeff51b4430c', (select id from public.sri_impact_criteria where methodology_version_id=v_mid and code='energy_flexibility_and_storage'), 1) on conflict (functionality_level_id, impact_criterion_id) do nothing;
  insert into public.sri_functionality_level_impact_scores (functionality_level_id, impact_criterion_id, score)
  values ('2f45682f-9903-526a-be13-eeff51b4430c', (select id from public.sri_impact_criteria where methodology_version_id=v_mid and code='comfort'), 2) on conflict (functionality_level_id, impact_criterion_id) do nothing;
  insert into public.sri_functionality_level_impact_scores (functionality_level_id, impact_criterion_id, score)
  values ('2f45682f-9903-526a-be13-eeff51b4430c', (select id from public.sri_impact_criteria where methodology_version_id=v_mid and code='convenience'), 2) on conflict (functionality_level_id, impact_criterion_id) do nothing;
  insert into public.sri_functionality_level_impact_scores (functionality_level_id, impact_criterion_id, score)
  values ('2f45682f-9903-526a-be13-eeff51b4430c', (select id from public.sri_impact_criteria where methodology_version_id=v_mid and code='health_wellbeing_accessibility'), 0) on conflict (functionality_level_id, impact_criterion_id) do nothing;
  insert into public.sri_functionality_level_impact_scores (functionality_level_id, impact_criterion_id, score)
  values ('2f45682f-9903-526a-be13-eeff51b4430c', (select id from public.sri_impact_criteria where methodology_version_id=v_mid and code='maintenance_and_fault_prediction'), 0) on conflict (functionality_level_id, impact_criterion_id) do nothing;
  insert into public.sri_functionality_level_impact_scores (functionality_level_id, impact_criterion_id, score)
  values ('2f45682f-9903-526a-be13-eeff51b4430c', (select id from public.sri_impact_criteria where methodology_version_id=v_mid and code='information_to_occupants'), 0) on conflict (functionality_level_id, impact_criterion_id) do nothing;
  insert into public.sri_functionality_level_impact_scores (functionality_level_id, impact_criterion_id, score)
  values ('6a9e9523-4d98-5824-b407-5acd6b056c36', (select id from public.sri_impact_criteria where methodology_version_id=v_mid and code='energy_efficiency'), 2) on conflict (functionality_level_id, impact_criterion_id) do nothing;
  insert into public.sri_functionality_level_impact_scores (functionality_level_id, impact_criterion_id, score)
  values ('6a9e9523-4d98-5824-b407-5acd6b056c36', (select id from public.sri_impact_criteria where methodology_version_id=v_mid and code='energy_flexibility_and_storage'), 3) on conflict (functionality_level_id, impact_criterion_id) do nothing;
  insert into public.sri_functionality_level_impact_scores (functionality_level_id, impact_criterion_id, score)
  values ('6a9e9523-4d98-5824-b407-5acd6b056c36', (select id from public.sri_impact_criteria where methodology_version_id=v_mid and code='comfort'), 2) on conflict (functionality_level_id, impact_criterion_id) do nothing;
  insert into public.sri_functionality_level_impact_scores (functionality_level_id, impact_criterion_id, score)
  values ('6a9e9523-4d98-5824-b407-5acd6b056c36', (select id from public.sri_impact_criteria where methodology_version_id=v_mid and code='convenience'), 3) on conflict (functionality_level_id, impact_criterion_id) do nothing;
  insert into public.sri_functionality_level_impact_scores (functionality_level_id, impact_criterion_id, score)
  values ('6a9e9523-4d98-5824-b407-5acd6b056c36', (select id from public.sri_impact_criteria where methodology_version_id=v_mid and code='health_wellbeing_accessibility'), 0) on conflict (functionality_level_id, impact_criterion_id) do nothing;
  insert into public.sri_functionality_level_impact_scores (functionality_level_id, impact_criterion_id, score)
  values ('6a9e9523-4d98-5824-b407-5acd6b056c36', (select id from public.sri_impact_criteria where methodology_version_id=v_mid and code='maintenance_and_fault_prediction'), 0) on conflict (functionality_level_id, impact_criterion_id) do nothing;
  insert into public.sri_functionality_level_impact_scores (functionality_level_id, impact_criterion_id, score)
  values ('6a9e9523-4d98-5824-b407-5acd6b056c36', (select id from public.sri_impact_criteria where methodology_version_id=v_mid and code='information_to_occupants'), 0) on conflict (functionality_level_id, impact_criterion_id) do nothing;
  insert into public.sri_functionality_level_impact_scores (functionality_level_id, impact_criterion_id, score)
  values ('9428dc73-eddb-5783-9b26-5034cca38e0c', (select id from public.sri_impact_criteria where methodology_version_id=v_mid and code='energy_efficiency'), 2) on conflict (functionality_level_id, impact_criterion_id) do nothing;
  insert into public.sri_functionality_level_impact_scores (functionality_level_id, impact_criterion_id, score)
  values ('9428dc73-eddb-5783-9b26-5034cca38e0c', (select id from public.sri_impact_criteria where methodology_version_id=v_mid and code='energy_flexibility_and_storage'), 3) on conflict (functionality_level_id, impact_criterion_id) do nothing;
  insert into public.sri_functionality_level_impact_scores (functionality_level_id, impact_criterion_id, score)
  values ('9428dc73-eddb-5783-9b26-5034cca38e0c', (select id from public.sri_impact_criteria where methodology_version_id=v_mid and code='comfort'), 3) on conflict (functionality_level_id, impact_criterion_id) do nothing;
  insert into public.sri_functionality_level_impact_scores (functionality_level_id, impact_criterion_id, score)
  values ('9428dc73-eddb-5783-9b26-5034cca38e0c', (select id from public.sri_impact_criteria where methodology_version_id=v_mid and code='convenience'), 3) on conflict (functionality_level_id, impact_criterion_id) do nothing;
  insert into public.sri_functionality_level_impact_scores (functionality_level_id, impact_criterion_id, score)
  values ('9428dc73-eddb-5783-9b26-5034cca38e0c', (select id from public.sri_impact_criteria where methodology_version_id=v_mid and code='health_wellbeing_accessibility'), 1) on conflict (functionality_level_id, impact_criterion_id) do nothing;
  insert into public.sri_functionality_level_impact_scores (functionality_level_id, impact_criterion_id, score)
  values ('9428dc73-eddb-5783-9b26-5034cca38e0c', (select id from public.sri_impact_criteria where methodology_version_id=v_mid and code='maintenance_and_fault_prediction'), 0) on conflict (functionality_level_id, impact_criterion_id) do nothing;
  insert into public.sri_functionality_level_impact_scores (functionality_level_id, impact_criterion_id, score)
  values ('9428dc73-eddb-5783-9b26-5034cca38e0c', (select id from public.sri_impact_criteria where methodology_version_id=v_mid and code='information_to_occupants'), 0) on conflict (functionality_level_id, impact_criterion_id) do nothing;

  insert into public.sri_services (id, catalogue_id, domain_id, official_code, internal_code, sort_order, official_name, service_group, purpose, when_applicable, typical_devices, preconditions, fl_max, included_in_method_a, included_in_method_b, triage_affects_max, applicability_mode, mutual_exclusion_group, standards_basis, provenance)
  values ('fd57b421-035a-5e12-94db-abcbbcbef610', v_cat, (select id from public.sri_technical_domains where methodology_version_id=v_mid and code='ventilation'), 'V-1a', 'V-01', 26, '{"en": "Supply air flow control at the room level", "pl": "Sterowanie przepływem powietrza nawiewanego w pomieszczeniu"}'::jsonb, 'Air flow control', '{"en": "Adjust ventilation flow per room based on need."}'::jsonb, '{"en": "When room-level VAV or similar exists."}'::jsonb, '{"VAV boxes","Room dampers","DCV valves"}', 'Always to be assessed', 4, true, true, true, 'smart_ready', null, '{"EN ISO 52120-1"}', 'VERIFIED_ANNEX_D')
  on conflict (catalogue_id, official_code) do nothing;
  insert into public.sri_functionality_levels (id, service_id, level_number, official_description)
  values ('7648de36-f6a6-56bd-802d-304a47ece065', 'fd57b421-035a-5e12-94db-abcbbcbef610', 0, '{"en": "No ventilation system or manual control"}'::jsonb) on conflict (service_id, level_number) do nothing;
  insert into public.sri_functionality_levels (id, service_id, level_number, official_description)
  values ('f7ffa5d7-ddb7-5e5b-824f-666233025cca', 'fd57b421-035a-5e12-94db-abcbbcbef610', 1, '{"en": "Clock control"}'::jsonb) on conflict (service_id, level_number) do nothing;
  insert into public.sri_functionality_levels (id, service_id, level_number, official_description)
  values ('e77f911f-4764-5d4d-a799-c1e4702bc969', 'fd57b421-035a-5e12-94db-abcbbcbef610', 2, '{"en": "Occupancy detection control"}'::jsonb) on conflict (service_id, level_number) do nothing;
  insert into public.sri_functionality_levels (id, service_id, level_number, official_description)
  values ('84871889-c5f5-5750-9694-4e9ea6356878', 'fd57b421-035a-5e12-94db-abcbbcbef610', 3, '{"en": "Central Demand Control based on air quality sensors (CO2, VOC, humidity, ...)"}'::jsonb) on conflict (service_id, level_number) do nothing;
  insert into public.sri_functionality_levels (id, service_id, level_number, official_description)
  values ('86b29343-4f83-5dd4-909f-72ac976d02e9', 'fd57b421-035a-5e12-94db-abcbbcbef610', 4, '{"en": "Local Demand Control based on air quality sensors (CO2, VOC,...) with local flow from/to the zone regulated by dampers"}'::jsonb) on conflict (service_id, level_number) do nothing;
  insert into public.sri_functionality_level_impact_scores (functionality_level_id, impact_criterion_id, score)
  values ('7648de36-f6a6-56bd-802d-304a47ece065', (select id from public.sri_impact_criteria where methodology_version_id=v_mid and code='energy_efficiency'), 0) on conflict (functionality_level_id, impact_criterion_id) do nothing;
  insert into public.sri_functionality_level_impact_scores (functionality_level_id, impact_criterion_id, score)
  values ('7648de36-f6a6-56bd-802d-304a47ece065', (select id from public.sri_impact_criteria where methodology_version_id=v_mid and code='energy_flexibility_and_storage'), 0) on conflict (functionality_level_id, impact_criterion_id) do nothing;
  insert into public.sri_functionality_level_impact_scores (functionality_level_id, impact_criterion_id, score)
  values ('7648de36-f6a6-56bd-802d-304a47ece065', (select id from public.sri_impact_criteria where methodology_version_id=v_mid and code='comfort'), 0) on conflict (functionality_level_id, impact_criterion_id) do nothing;
  insert into public.sri_functionality_level_impact_scores (functionality_level_id, impact_criterion_id, score)
  values ('7648de36-f6a6-56bd-802d-304a47ece065', (select id from public.sri_impact_criteria where methodology_version_id=v_mid and code='convenience'), 0) on conflict (functionality_level_id, impact_criterion_id) do nothing;
  insert into public.sri_functionality_level_impact_scores (functionality_level_id, impact_criterion_id, score)
  values ('7648de36-f6a6-56bd-802d-304a47ece065', (select id from public.sri_impact_criteria where methodology_version_id=v_mid and code='health_wellbeing_accessibility'), 0) on conflict (functionality_level_id, impact_criterion_id) do nothing;
  insert into public.sri_functionality_level_impact_scores (functionality_level_id, impact_criterion_id, score)
  values ('7648de36-f6a6-56bd-802d-304a47ece065', (select id from public.sri_impact_criteria where methodology_version_id=v_mid and code='maintenance_and_fault_prediction'), 0) on conflict (functionality_level_id, impact_criterion_id) do nothing;
  insert into public.sri_functionality_level_impact_scores (functionality_level_id, impact_criterion_id, score)
  values ('7648de36-f6a6-56bd-802d-304a47ece065', (select id from public.sri_impact_criteria where methodology_version_id=v_mid and code='information_to_occupants'), 0) on conflict (functionality_level_id, impact_criterion_id) do nothing;
  insert into public.sri_functionality_level_impact_scores (functionality_level_id, impact_criterion_id, score)
  values ('f7ffa5d7-ddb7-5e5b-824f-666233025cca', (select id from public.sri_impact_criteria where methodology_version_id=v_mid and code='energy_efficiency'), 1) on conflict (functionality_level_id, impact_criterion_id) do nothing;
  insert into public.sri_functionality_level_impact_scores (functionality_level_id, impact_criterion_id, score)
  values ('f7ffa5d7-ddb7-5e5b-824f-666233025cca', (select id from public.sri_impact_criteria where methodology_version_id=v_mid and code='energy_flexibility_and_storage'), 0) on conflict (functionality_level_id, impact_criterion_id) do nothing;
  insert into public.sri_functionality_level_impact_scores (functionality_level_id, impact_criterion_id, score)
  values ('f7ffa5d7-ddb7-5e5b-824f-666233025cca', (select id from public.sri_impact_criteria where methodology_version_id=v_mid and code='comfort'), 1) on conflict (functionality_level_id, impact_criterion_id) do nothing;
  insert into public.sri_functionality_level_impact_scores (functionality_level_id, impact_criterion_id, score)
  values ('f7ffa5d7-ddb7-5e5b-824f-666233025cca', (select id from public.sri_impact_criteria where methodology_version_id=v_mid and code='convenience'), 1) on conflict (functionality_level_id, impact_criterion_id) do nothing;
  insert into public.sri_functionality_level_impact_scores (functionality_level_id, impact_criterion_id, score)
  values ('f7ffa5d7-ddb7-5e5b-824f-666233025cca', (select id from public.sri_impact_criteria where methodology_version_id=v_mid and code='health_wellbeing_accessibility'), 1) on conflict (functionality_level_id, impact_criterion_id) do nothing;
  insert into public.sri_functionality_level_impact_scores (functionality_level_id, impact_criterion_id, score)
  values ('f7ffa5d7-ddb7-5e5b-824f-666233025cca', (select id from public.sri_impact_criteria where methodology_version_id=v_mid and code='maintenance_and_fault_prediction'), 0) on conflict (functionality_level_id, impact_criterion_id) do nothing;
  insert into public.sri_functionality_level_impact_scores (functionality_level_id, impact_criterion_id, score)
  values ('f7ffa5d7-ddb7-5e5b-824f-666233025cca', (select id from public.sri_impact_criteria where methodology_version_id=v_mid and code='information_to_occupants'), 0) on conflict (functionality_level_id, impact_criterion_id) do nothing;
  insert into public.sri_functionality_level_impact_scores (functionality_level_id, impact_criterion_id, score)
  values ('e77f911f-4764-5d4d-a799-c1e4702bc969', (select id from public.sri_impact_criteria where methodology_version_id=v_mid and code='energy_efficiency'), 1) on conflict (functionality_level_id, impact_criterion_id) do nothing;
  insert into public.sri_functionality_level_impact_scores (functionality_level_id, impact_criterion_id, score)
  values ('e77f911f-4764-5d4d-a799-c1e4702bc969', (select id from public.sri_impact_criteria where methodology_version_id=v_mid and code='energy_flexibility_and_storage'), 0) on conflict (functionality_level_id, impact_criterion_id) do nothing;
  insert into public.sri_functionality_level_impact_scores (functionality_level_id, impact_criterion_id, score)
  values ('e77f911f-4764-5d4d-a799-c1e4702bc969', (select id from public.sri_impact_criteria where methodology_version_id=v_mid and code='comfort'), 2) on conflict (functionality_level_id, impact_criterion_id) do nothing;
  insert into public.sri_functionality_level_impact_scores (functionality_level_id, impact_criterion_id, score)
  values ('e77f911f-4764-5d4d-a799-c1e4702bc969', (select id from public.sri_impact_criteria where methodology_version_id=v_mid and code='convenience'), 2) on conflict (functionality_level_id, impact_criterion_id) do nothing;
  insert into public.sri_functionality_level_impact_scores (functionality_level_id, impact_criterion_id, score)
  values ('e77f911f-4764-5d4d-a799-c1e4702bc969', (select id from public.sri_impact_criteria where methodology_version_id=v_mid and code='health_wellbeing_accessibility'), 2) on conflict (functionality_level_id, impact_criterion_id) do nothing;
  insert into public.sri_functionality_level_impact_scores (functionality_level_id, impact_criterion_id, score)
  values ('e77f911f-4764-5d4d-a799-c1e4702bc969', (select id from public.sri_impact_criteria where methodology_version_id=v_mid and code='maintenance_and_fault_prediction'), 0) on conflict (functionality_level_id, impact_criterion_id) do nothing;
  insert into public.sri_functionality_level_impact_scores (functionality_level_id, impact_criterion_id, score)
  values ('e77f911f-4764-5d4d-a799-c1e4702bc969', (select id from public.sri_impact_criteria where methodology_version_id=v_mid and code='information_to_occupants'), 0) on conflict (functionality_level_id, impact_criterion_id) do nothing;
  insert into public.sri_functionality_level_impact_scores (functionality_level_id, impact_criterion_id, score)
  values ('84871889-c5f5-5750-9694-4e9ea6356878', (select id from public.sri_impact_criteria where methodology_version_id=v_mid and code='energy_efficiency'), 2) on conflict (functionality_level_id, impact_criterion_id) do nothing;
  insert into public.sri_functionality_level_impact_scores (functionality_level_id, impact_criterion_id, score)
  values ('84871889-c5f5-5750-9694-4e9ea6356878', (select id from public.sri_impact_criteria where methodology_version_id=v_mid and code='energy_flexibility_and_storage'), 0) on conflict (functionality_level_id, impact_criterion_id) do nothing;
  insert into public.sri_functionality_level_impact_scores (functionality_level_id, impact_criterion_id, score)
  values ('84871889-c5f5-5750-9694-4e9ea6356878', (select id from public.sri_impact_criteria where methodology_version_id=v_mid and code='comfort'), 3) on conflict (functionality_level_id, impact_criterion_id) do nothing;
  insert into public.sri_functionality_level_impact_scores (functionality_level_id, impact_criterion_id, score)
  values ('84871889-c5f5-5750-9694-4e9ea6356878', (select id from public.sri_impact_criteria where methodology_version_id=v_mid and code='convenience'), 3) on conflict (functionality_level_id, impact_criterion_id) do nothing;
  insert into public.sri_functionality_level_impact_scores (functionality_level_id, impact_criterion_id, score)
  values ('84871889-c5f5-5750-9694-4e9ea6356878', (select id from public.sri_impact_criteria where methodology_version_id=v_mid and code='health_wellbeing_accessibility'), 3) on conflict (functionality_level_id, impact_criterion_id) do nothing;
  insert into public.sri_functionality_level_impact_scores (functionality_level_id, impact_criterion_id, score)
  values ('84871889-c5f5-5750-9694-4e9ea6356878', (select id from public.sri_impact_criteria where methodology_version_id=v_mid and code='maintenance_and_fault_prediction'), 0) on conflict (functionality_level_id, impact_criterion_id) do nothing;
  insert into public.sri_functionality_level_impact_scores (functionality_level_id, impact_criterion_id, score)
  values ('84871889-c5f5-5750-9694-4e9ea6356878', (select id from public.sri_impact_criteria where methodology_version_id=v_mid and code='information_to_occupants'), 0) on conflict (functionality_level_id, impact_criterion_id) do nothing;
  insert into public.sri_functionality_level_impact_scores (functionality_level_id, impact_criterion_id, score)
  values ('86b29343-4f83-5dd4-909f-72ac976d02e9', (select id from public.sri_impact_criteria where methodology_version_id=v_mid and code='energy_efficiency'), 3) on conflict (functionality_level_id, impact_criterion_id) do nothing;
  insert into public.sri_functionality_level_impact_scores (functionality_level_id, impact_criterion_id, score)
  values ('86b29343-4f83-5dd4-909f-72ac976d02e9', (select id from public.sri_impact_criteria where methodology_version_id=v_mid and code='energy_flexibility_and_storage'), 0) on conflict (functionality_level_id, impact_criterion_id) do nothing;
  insert into public.sri_functionality_level_impact_scores (functionality_level_id, impact_criterion_id, score)
  values ('86b29343-4f83-5dd4-909f-72ac976d02e9', (select id from public.sri_impact_criteria where methodology_version_id=v_mid and code='comfort'), 3) on conflict (functionality_level_id, impact_criterion_id) do nothing;
  insert into public.sri_functionality_level_impact_scores (functionality_level_id, impact_criterion_id, score)
  values ('86b29343-4f83-5dd4-909f-72ac976d02e9', (select id from public.sri_impact_criteria where methodology_version_id=v_mid and code='convenience'), 3) on conflict (functionality_level_id, impact_criterion_id) do nothing;
  insert into public.sri_functionality_level_impact_scores (functionality_level_id, impact_criterion_id, score)
  values ('86b29343-4f83-5dd4-909f-72ac976d02e9', (select id from public.sri_impact_criteria where methodology_version_id=v_mid and code='health_wellbeing_accessibility'), 3) on conflict (functionality_level_id, impact_criterion_id) do nothing;
  insert into public.sri_functionality_level_impact_scores (functionality_level_id, impact_criterion_id, score)
  values ('86b29343-4f83-5dd4-909f-72ac976d02e9', (select id from public.sri_impact_criteria where methodology_version_id=v_mid and code='maintenance_and_fault_prediction'), 0) on conflict (functionality_level_id, impact_criterion_id) do nothing;
  insert into public.sri_functionality_level_impact_scores (functionality_level_id, impact_criterion_id, score)
  values ('86b29343-4f83-5dd4-909f-72ac976d02e9', (select id from public.sri_impact_criteria where methodology_version_id=v_mid and code='information_to_occupants'), 0) on conflict (functionality_level_id, impact_criterion_id) do nothing;

  insert into public.sri_services (id, catalogue_id, domain_id, official_code, internal_code, sort_order, official_name, service_group, purpose, when_applicable, typical_devices, preconditions, fl_max, included_in_method_a, included_in_method_b, triage_affects_max, applicability_mode, mutual_exclusion_group, standards_basis, provenance)
  values ('bfa84167-b470-549b-a3df-05b9cc88ef3a', v_cat, (select id from public.sri_technical_domains where methodology_version_id=v_mid and code='ventilation'), 'V-1c', 'V-02', 27, '{"en": "Air flow or pressure control at the air handler level", "pl": "Sterowanie przepływem/ciśnieniem na poziomie centrali wentylacyjnej"}'::jsonb, 'Air flow control', '{"en": "Optimize AHU fan and duct pressure."}'::jsonb, '{"en": "When central AHU serves building."}'::jsonb, '{"AHU controllers","VSD fans","Pressure sensors"}', 'Only in case of mechanical ventilation', 4, false, true, false, 'smart_ready', null, '{"EN ISO 52120-1"}', 'VERIFIED_ANNEX_D')
  on conflict (catalogue_id, official_code) do nothing;
  insert into public.sri_functionality_levels (id, service_id, level_number, official_description)
  values ('17f0fa0f-2f8f-533d-a67b-7329668cdcc2', 'bfa84167-b470-549b-a3df-05b9cc88ef3a', 0, '{"en": "No automatic control: Continuously supplies of air flow for a maximum load of all rooms"}'::jsonb) on conflict (service_id, level_number) do nothing;
  insert into public.sri_functionality_levels (id, service_id, level_number, official_description)
  values ('cc15b489-e476-586e-82ae-70a407036ead', 'bfa84167-b470-549b-a3df-05b9cc88ef3a', 1, '{"en": "On off time control: Continuously supplies of air flow for a maximum load of all rooms during nominal occupancy time"}'::jsonb) on conflict (service_id, level_number) do nothing;
  insert into public.sri_functionality_levels (id, service_id, level_number, official_description)
  values ('84318220-e09d-5505-a80b-fd98f5e547f0', 'bfa84167-b470-549b-a3df-05b9cc88ef3a', 2, '{"en": "Multi-stage control: To reduce the auxiliary energy demand of the fan"}'::jsonb) on conflict (service_id, level_number) do nothing;
  insert into public.sri_functionality_levels (id, service_id, level_number, official_description)
  values ('47debe9e-023d-573c-b86d-bc2bf1645ad2', 'bfa84167-b470-549b-a3df-05b9cc88ef3a', 3, '{"en": "Automatic flow or pressure control without pressure reset: Load dependent supplies of air flow for the demand of all connected rooms."}'::jsonb) on conflict (service_id, level_number) do nothing;
  insert into public.sri_functionality_levels (id, service_id, level_number, official_description)
  values ('e06aeb69-7191-5ca4-8b12-6829e98a11c3', 'bfa84167-b470-549b-a3df-05b9cc88ef3a', 4, '{"en": "Automatic flow or pressure control with pressure reset: Load dependent supplies of air flow for the demand of all connected rooms (for variable air volume systems with VFD)."}'::jsonb) on conflict (service_id, level_number) do nothing;
  insert into public.sri_functionality_level_impact_scores (functionality_level_id, impact_criterion_id, score)
  values ('17f0fa0f-2f8f-533d-a67b-7329668cdcc2', (select id from public.sri_impact_criteria where methodology_version_id=v_mid and code='energy_efficiency'), 0) on conflict (functionality_level_id, impact_criterion_id) do nothing;
  insert into public.sri_functionality_level_impact_scores (functionality_level_id, impact_criterion_id, score)
  values ('17f0fa0f-2f8f-533d-a67b-7329668cdcc2', (select id from public.sri_impact_criteria where methodology_version_id=v_mid and code='energy_flexibility_and_storage'), 0) on conflict (functionality_level_id, impact_criterion_id) do nothing;
  insert into public.sri_functionality_level_impact_scores (functionality_level_id, impact_criterion_id, score)
  values ('17f0fa0f-2f8f-533d-a67b-7329668cdcc2', (select id from public.sri_impact_criteria where methodology_version_id=v_mid and code='comfort'), 0) on conflict (functionality_level_id, impact_criterion_id) do nothing;
  insert into public.sri_functionality_level_impact_scores (functionality_level_id, impact_criterion_id, score)
  values ('17f0fa0f-2f8f-533d-a67b-7329668cdcc2', (select id from public.sri_impact_criteria where methodology_version_id=v_mid and code='convenience'), 0) on conflict (functionality_level_id, impact_criterion_id) do nothing;
  insert into public.sri_functionality_level_impact_scores (functionality_level_id, impact_criterion_id, score)
  values ('17f0fa0f-2f8f-533d-a67b-7329668cdcc2', (select id from public.sri_impact_criteria where methodology_version_id=v_mid and code='health_wellbeing_accessibility'), 0) on conflict (functionality_level_id, impact_criterion_id) do nothing;
  insert into public.sri_functionality_level_impact_scores (functionality_level_id, impact_criterion_id, score)
  values ('17f0fa0f-2f8f-533d-a67b-7329668cdcc2', (select id from public.sri_impact_criteria where methodology_version_id=v_mid and code='maintenance_and_fault_prediction'), 0) on conflict (functionality_level_id, impact_criterion_id) do nothing;
  insert into public.sri_functionality_level_impact_scores (functionality_level_id, impact_criterion_id, score)
  values ('17f0fa0f-2f8f-533d-a67b-7329668cdcc2', (select id from public.sri_impact_criteria where methodology_version_id=v_mid and code='information_to_occupants'), 0) on conflict (functionality_level_id, impact_criterion_id) do nothing;
  insert into public.sri_functionality_level_impact_scores (functionality_level_id, impact_criterion_id, score)
  values ('cc15b489-e476-586e-82ae-70a407036ead', (select id from public.sri_impact_criteria where methodology_version_id=v_mid and code='energy_efficiency'), 1) on conflict (functionality_level_id, impact_criterion_id) do nothing;
  insert into public.sri_functionality_level_impact_scores (functionality_level_id, impact_criterion_id, score)
  values ('cc15b489-e476-586e-82ae-70a407036ead', (select id from public.sri_impact_criteria where methodology_version_id=v_mid and code='energy_flexibility_and_storage'), 0) on conflict (functionality_level_id, impact_criterion_id) do nothing;
  insert into public.sri_functionality_level_impact_scores (functionality_level_id, impact_criterion_id, score)
  values ('cc15b489-e476-586e-82ae-70a407036ead', (select id from public.sri_impact_criteria where methodology_version_id=v_mid and code='comfort'), 0) on conflict (functionality_level_id, impact_criterion_id) do nothing;
  insert into public.sri_functionality_level_impact_scores (functionality_level_id, impact_criterion_id, score)
  values ('cc15b489-e476-586e-82ae-70a407036ead', (select id from public.sri_impact_criteria where methodology_version_id=v_mid and code='convenience'), 0) on conflict (functionality_level_id, impact_criterion_id) do nothing;
  insert into public.sri_functionality_level_impact_scores (functionality_level_id, impact_criterion_id, score)
  values ('cc15b489-e476-586e-82ae-70a407036ead', (select id from public.sri_impact_criteria where methodology_version_id=v_mid and code='health_wellbeing_accessibility'), 0) on conflict (functionality_level_id, impact_criterion_id) do nothing;
  insert into public.sri_functionality_level_impact_scores (functionality_level_id, impact_criterion_id, score)
  values ('cc15b489-e476-586e-82ae-70a407036ead', (select id from public.sri_impact_criteria where methodology_version_id=v_mid and code='maintenance_and_fault_prediction'), 0) on conflict (functionality_level_id, impact_criterion_id) do nothing;
  insert into public.sri_functionality_level_impact_scores (functionality_level_id, impact_criterion_id, score)
  values ('cc15b489-e476-586e-82ae-70a407036ead', (select id from public.sri_impact_criteria where methodology_version_id=v_mid and code='information_to_occupants'), 0) on conflict (functionality_level_id, impact_criterion_id) do nothing;
  insert into public.sri_functionality_level_impact_scores (functionality_level_id, impact_criterion_id, score)
  values ('84318220-e09d-5505-a80b-fd98f5e547f0', (select id from public.sri_impact_criteria where methodology_version_id=v_mid and code='energy_efficiency'), 2) on conflict (functionality_level_id, impact_criterion_id) do nothing;
  insert into public.sri_functionality_level_impact_scores (functionality_level_id, impact_criterion_id, score)
  values ('84318220-e09d-5505-a80b-fd98f5e547f0', (select id from public.sri_impact_criteria where methodology_version_id=v_mid and code='energy_flexibility_and_storage'), 0) on conflict (functionality_level_id, impact_criterion_id) do nothing;
  insert into public.sri_functionality_level_impact_scores (functionality_level_id, impact_criterion_id, score)
  values ('84318220-e09d-5505-a80b-fd98f5e547f0', (select id from public.sri_impact_criteria where methodology_version_id=v_mid and code='comfort'), 0) on conflict (functionality_level_id, impact_criterion_id) do nothing;
  insert into public.sri_functionality_level_impact_scores (functionality_level_id, impact_criterion_id, score)
  values ('84318220-e09d-5505-a80b-fd98f5e547f0', (select id from public.sri_impact_criteria where methodology_version_id=v_mid and code='convenience'), 0) on conflict (functionality_level_id, impact_criterion_id) do nothing;
  insert into public.sri_functionality_level_impact_scores (functionality_level_id, impact_criterion_id, score)
  values ('84318220-e09d-5505-a80b-fd98f5e547f0', (select id from public.sri_impact_criteria where methodology_version_id=v_mid and code='health_wellbeing_accessibility'), 0) on conflict (functionality_level_id, impact_criterion_id) do nothing;
  insert into public.sri_functionality_level_impact_scores (functionality_level_id, impact_criterion_id, score)
  values ('84318220-e09d-5505-a80b-fd98f5e547f0', (select id from public.sri_impact_criteria where methodology_version_id=v_mid and code='maintenance_and_fault_prediction'), 0) on conflict (functionality_level_id, impact_criterion_id) do nothing;
  insert into public.sri_functionality_level_impact_scores (functionality_level_id, impact_criterion_id, score)
  values ('84318220-e09d-5505-a80b-fd98f5e547f0', (select id from public.sri_impact_criteria where methodology_version_id=v_mid and code='information_to_occupants'), 0) on conflict (functionality_level_id, impact_criterion_id) do nothing;
  insert into public.sri_functionality_level_impact_scores (functionality_level_id, impact_criterion_id, score)
  values ('47debe9e-023d-573c-b86d-bc2bf1645ad2', (select id from public.sri_impact_criteria where methodology_version_id=v_mid and code='energy_efficiency'), 3) on conflict (functionality_level_id, impact_criterion_id) do nothing;
  insert into public.sri_functionality_level_impact_scores (functionality_level_id, impact_criterion_id, score)
  values ('47debe9e-023d-573c-b86d-bc2bf1645ad2', (select id from public.sri_impact_criteria where methodology_version_id=v_mid and code='energy_flexibility_and_storage'), 0) on conflict (functionality_level_id, impact_criterion_id) do nothing;
  insert into public.sri_functionality_level_impact_scores (functionality_level_id, impact_criterion_id, score)
  values ('47debe9e-023d-573c-b86d-bc2bf1645ad2', (select id from public.sri_impact_criteria where methodology_version_id=v_mid and code='comfort'), 0) on conflict (functionality_level_id, impact_criterion_id) do nothing;
  insert into public.sri_functionality_level_impact_scores (functionality_level_id, impact_criterion_id, score)
  values ('47debe9e-023d-573c-b86d-bc2bf1645ad2', (select id from public.sri_impact_criteria where methodology_version_id=v_mid and code='convenience'), 0) on conflict (functionality_level_id, impact_criterion_id) do nothing;
  insert into public.sri_functionality_level_impact_scores (functionality_level_id, impact_criterion_id, score)
  values ('47debe9e-023d-573c-b86d-bc2bf1645ad2', (select id from public.sri_impact_criteria where methodology_version_id=v_mid and code='health_wellbeing_accessibility'), 0) on conflict (functionality_level_id, impact_criterion_id) do nothing;
  insert into public.sri_functionality_level_impact_scores (functionality_level_id, impact_criterion_id, score)
  values ('47debe9e-023d-573c-b86d-bc2bf1645ad2', (select id from public.sri_impact_criteria where methodology_version_id=v_mid and code='maintenance_and_fault_prediction'), 0) on conflict (functionality_level_id, impact_criterion_id) do nothing;
  insert into public.sri_functionality_level_impact_scores (functionality_level_id, impact_criterion_id, score)
  values ('47debe9e-023d-573c-b86d-bc2bf1645ad2', (select id from public.sri_impact_criteria where methodology_version_id=v_mid and code='information_to_occupants'), 0) on conflict (functionality_level_id, impact_criterion_id) do nothing;
  insert into public.sri_functionality_level_impact_scores (functionality_level_id, impact_criterion_id, score)
  values ('e06aeb69-7191-5ca4-8b12-6829e98a11c3', (select id from public.sri_impact_criteria where methodology_version_id=v_mid and code='energy_efficiency'), 3) on conflict (functionality_level_id, impact_criterion_id) do nothing;
  insert into public.sri_functionality_level_impact_scores (functionality_level_id, impact_criterion_id, score)
  values ('e06aeb69-7191-5ca4-8b12-6829e98a11c3', (select id from public.sri_impact_criteria where methodology_version_id=v_mid and code='energy_flexibility_and_storage'), 0) on conflict (functionality_level_id, impact_criterion_id) do nothing;
  insert into public.sri_functionality_level_impact_scores (functionality_level_id, impact_criterion_id, score)
  values ('e06aeb69-7191-5ca4-8b12-6829e98a11c3', (select id from public.sri_impact_criteria where methodology_version_id=v_mid and code='comfort'), 0) on conflict (functionality_level_id, impact_criterion_id) do nothing;
  insert into public.sri_functionality_level_impact_scores (functionality_level_id, impact_criterion_id, score)
  values ('e06aeb69-7191-5ca4-8b12-6829e98a11c3', (select id from public.sri_impact_criteria where methodology_version_id=v_mid and code='convenience'), 0) on conflict (functionality_level_id, impact_criterion_id) do nothing;
  insert into public.sri_functionality_level_impact_scores (functionality_level_id, impact_criterion_id, score)
  values ('e06aeb69-7191-5ca4-8b12-6829e98a11c3', (select id from public.sri_impact_criteria where methodology_version_id=v_mid and code='health_wellbeing_accessibility'), 0) on conflict (functionality_level_id, impact_criterion_id) do nothing;
  insert into public.sri_functionality_level_impact_scores (functionality_level_id, impact_criterion_id, score)
  values ('e06aeb69-7191-5ca4-8b12-6829e98a11c3', (select id from public.sri_impact_criteria where methodology_version_id=v_mid and code='maintenance_and_fault_prediction'), 0) on conflict (functionality_level_id, impact_criterion_id) do nothing;
  insert into public.sri_functionality_level_impact_scores (functionality_level_id, impact_criterion_id, score)
  values ('e06aeb69-7191-5ca4-8b12-6829e98a11c3', (select id from public.sri_impact_criteria where methodology_version_id=v_mid and code='information_to_occupants'), 0) on conflict (functionality_level_id, impact_criterion_id) do nothing;

  insert into public.sri_services (id, catalogue_id, domain_id, official_code, internal_code, sort_order, official_name, service_group, purpose, when_applicable, typical_devices, preconditions, fl_max, included_in_method_a, included_in_method_b, triage_affects_max, applicability_mode, mutual_exclusion_group, standards_basis, provenance)
  values ('da1eee93-634e-59b1-8ad7-319e8f3e1b69', v_cat, (select id from public.sri_technical_domains where methodology_version_id=v_mid and code='ventilation'), 'V-2c', 'V-03', 28, '{"en": "Heat recovery control:\nprevention of overheating", "pl": "Sterowanie odzyskiem ciepła: zapobieganie przegrzewaniu"}'::jsonb, 'Air temperature control', '{"en": "Protect heat recovery from summer overheating bypass."}'::jsonb, '{"en": "When HRU is installed."}'::jsonb, '{"Rotary/plate HRU controllers","Bypass dampers"}', 'Only in case of mechanical ventilation with heat recovery', 2, false, true, false, 'smart_ready', null, '{"EN ISO 52120-1"}', 'VERIFIED_ANNEX_D')
  on conflict (catalogue_id, official_code) do nothing;
  insert into public.sri_functionality_levels (id, service_id, level_number, official_description)
  values ('2b0f1794-f3c0-5671-b22c-af773183e9af', 'da1eee93-634e-59b1-8ad7-319e8f3e1b69', 0, '{"en": "Without overheating control"}'::jsonb) on conflict (service_id, level_number) do nothing;
  insert into public.sri_functionality_levels (id, service_id, level_number, official_description)
  values ('1d7f7919-a68a-5585-9369-2415a916f4a4', 'da1eee93-634e-59b1-8ad7-319e8f3e1b69', 1, '{"en": "Modulate or bypass heat recovery based on sensors in air exhaust"}'::jsonb) on conflict (service_id, level_number) do nothing;
  insert into public.sri_functionality_levels (id, service_id, level_number, official_description)
  values ('84be3e9a-a5ce-57ae-966f-982a0444fc5b', 'da1eee93-634e-59b1-8ad7-319e8f3e1b69', 2, '{"en": "Modulate or bypass heat recovery based on multiple room temperature sensors or predictive control"}'::jsonb) on conflict (service_id, level_number) do nothing;
  insert into public.sri_functionality_level_impact_scores (functionality_level_id, impact_criterion_id, score)
  values ('2b0f1794-f3c0-5671-b22c-af773183e9af', (select id from public.sri_impact_criteria where methodology_version_id=v_mid and code='energy_efficiency'), 0) on conflict (functionality_level_id, impact_criterion_id) do nothing;
  insert into public.sri_functionality_level_impact_scores (functionality_level_id, impact_criterion_id, score)
  values ('2b0f1794-f3c0-5671-b22c-af773183e9af', (select id from public.sri_impact_criteria where methodology_version_id=v_mid and code='energy_flexibility_and_storage'), 0) on conflict (functionality_level_id, impact_criterion_id) do nothing;
  insert into public.sri_functionality_level_impact_scores (functionality_level_id, impact_criterion_id, score)
  values ('2b0f1794-f3c0-5671-b22c-af773183e9af', (select id from public.sri_impact_criteria where methodology_version_id=v_mid and code='comfort'), 0) on conflict (functionality_level_id, impact_criterion_id) do nothing;
  insert into public.sri_functionality_level_impact_scores (functionality_level_id, impact_criterion_id, score)
  values ('2b0f1794-f3c0-5671-b22c-af773183e9af', (select id from public.sri_impact_criteria where methodology_version_id=v_mid and code='convenience'), 0) on conflict (functionality_level_id, impact_criterion_id) do nothing;
  insert into public.sri_functionality_level_impact_scores (functionality_level_id, impact_criterion_id, score)
  values ('2b0f1794-f3c0-5671-b22c-af773183e9af', (select id from public.sri_impact_criteria where methodology_version_id=v_mid and code='health_wellbeing_accessibility'), 0) on conflict (functionality_level_id, impact_criterion_id) do nothing;
  insert into public.sri_functionality_level_impact_scores (functionality_level_id, impact_criterion_id, score)
  values ('2b0f1794-f3c0-5671-b22c-af773183e9af', (select id from public.sri_impact_criteria where methodology_version_id=v_mid and code='maintenance_and_fault_prediction'), 0) on conflict (functionality_level_id, impact_criterion_id) do nothing;
  insert into public.sri_functionality_level_impact_scores (functionality_level_id, impact_criterion_id, score)
  values ('2b0f1794-f3c0-5671-b22c-af773183e9af', (select id from public.sri_impact_criteria where methodology_version_id=v_mid and code='information_to_occupants'), 0) on conflict (functionality_level_id, impact_criterion_id) do nothing;
  insert into public.sri_functionality_level_impact_scores (functionality_level_id, impact_criterion_id, score)
  values ('1d7f7919-a68a-5585-9369-2415a916f4a4', (select id from public.sri_impact_criteria where methodology_version_id=v_mid and code='energy_efficiency'), 1) on conflict (functionality_level_id, impact_criterion_id) do nothing;
  insert into public.sri_functionality_level_impact_scores (functionality_level_id, impact_criterion_id, score)
  values ('1d7f7919-a68a-5585-9369-2415a916f4a4', (select id from public.sri_impact_criteria where methodology_version_id=v_mid and code='energy_flexibility_and_storage'), 0) on conflict (functionality_level_id, impact_criterion_id) do nothing;
  insert into public.sri_functionality_level_impact_scores (functionality_level_id, impact_criterion_id, score)
  values ('1d7f7919-a68a-5585-9369-2415a916f4a4', (select id from public.sri_impact_criteria where methodology_version_id=v_mid and code='comfort'), 1) on conflict (functionality_level_id, impact_criterion_id) do nothing;
  insert into public.sri_functionality_level_impact_scores (functionality_level_id, impact_criterion_id, score)
  values ('1d7f7919-a68a-5585-9369-2415a916f4a4', (select id from public.sri_impact_criteria where methodology_version_id=v_mid and code='convenience'), 1) on conflict (functionality_level_id, impact_criterion_id) do nothing;
  insert into public.sri_functionality_level_impact_scores (functionality_level_id, impact_criterion_id, score)
  values ('1d7f7919-a68a-5585-9369-2415a916f4a4', (select id from public.sri_impact_criteria where methodology_version_id=v_mid and code='health_wellbeing_accessibility'), 1) on conflict (functionality_level_id, impact_criterion_id) do nothing;
  insert into public.sri_functionality_level_impact_scores (functionality_level_id, impact_criterion_id, score)
  values ('1d7f7919-a68a-5585-9369-2415a916f4a4', (select id from public.sri_impact_criteria where methodology_version_id=v_mid and code='maintenance_and_fault_prediction'), 0) on conflict (functionality_level_id, impact_criterion_id) do nothing;
  insert into public.sri_functionality_level_impact_scores (functionality_level_id, impact_criterion_id, score)
  values ('1d7f7919-a68a-5585-9369-2415a916f4a4', (select id from public.sri_impact_criteria where methodology_version_id=v_mid and code='information_to_occupants'), 0) on conflict (functionality_level_id, impact_criterion_id) do nothing;
  insert into public.sri_functionality_level_impact_scores (functionality_level_id, impact_criterion_id, score)
  values ('84be3e9a-a5ce-57ae-966f-982a0444fc5b', (select id from public.sri_impact_criteria where methodology_version_id=v_mid and code='energy_efficiency'), 2) on conflict (functionality_level_id, impact_criterion_id) do nothing;
  insert into public.sri_functionality_level_impact_scores (functionality_level_id, impact_criterion_id, score)
  values ('84be3e9a-a5ce-57ae-966f-982a0444fc5b', (select id from public.sri_impact_criteria where methodology_version_id=v_mid and code='energy_flexibility_and_storage'), 0) on conflict (functionality_level_id, impact_criterion_id) do nothing;
  insert into public.sri_functionality_level_impact_scores (functionality_level_id, impact_criterion_id, score)
  values ('84be3e9a-a5ce-57ae-966f-982a0444fc5b', (select id from public.sri_impact_criteria where methodology_version_id=v_mid and code='comfort'), 2) on conflict (functionality_level_id, impact_criterion_id) do nothing;
  insert into public.sri_functionality_level_impact_scores (functionality_level_id, impact_criterion_id, score)
  values ('84be3e9a-a5ce-57ae-966f-982a0444fc5b', (select id from public.sri_impact_criteria where methodology_version_id=v_mid and code='convenience'), 2) on conflict (functionality_level_id, impact_criterion_id) do nothing;
  insert into public.sri_functionality_level_impact_scores (functionality_level_id, impact_criterion_id, score)
  values ('84be3e9a-a5ce-57ae-966f-982a0444fc5b', (select id from public.sri_impact_criteria where methodology_version_id=v_mid and code='health_wellbeing_accessibility'), 2) on conflict (functionality_level_id, impact_criterion_id) do nothing;
  insert into public.sri_functionality_level_impact_scores (functionality_level_id, impact_criterion_id, score)
  values ('84be3e9a-a5ce-57ae-966f-982a0444fc5b', (select id from public.sri_impact_criteria where methodology_version_id=v_mid and code='maintenance_and_fault_prediction'), 0) on conflict (functionality_level_id, impact_criterion_id) do nothing;
  insert into public.sri_functionality_level_impact_scores (functionality_level_id, impact_criterion_id, score)
  values ('84be3e9a-a5ce-57ae-966f-982a0444fc5b', (select id from public.sri_impact_criteria where methodology_version_id=v_mid and code='information_to_occupants'), 0) on conflict (functionality_level_id, impact_criterion_id) do nothing;

  insert into public.sri_services (id, catalogue_id, domain_id, official_code, internal_code, sort_order, official_name, service_group, purpose, when_applicable, typical_devices, preconditions, fl_max, included_in_method_a, included_in_method_b, triage_affects_max, applicability_mode, mutual_exclusion_group, standards_basis, provenance)
  values ('1bbe3e52-4f90-5291-ab95-b57215dbc40d', v_cat, (select id from public.sri_technical_domains where methodology_version_id=v_mid and code='ventilation'), 'V-2d', 'V-04', 29, '{"en": "Supply air temperature control at the air handling unit level", "pl": "Sterowanie temperaturą powietrza nawiewanego w centrali"}'::jsonb, 'Air temperature control', '{"en": "Condition supply air temperature efficiently."}'::jsonb, '{"en": "When AHU includes heating/cooling coils."}'::jsonb, '{"AHU coil controllers","Mixing dampers"}', 'Only in case of mechanical ventilation which supplies heating', 3, false, true, false, 'smart_ready', null, '{"EN ISO 52120-1"}', 'VERIFIED_ANNEX_D')
  on conflict (catalogue_id, official_code) do nothing;
  insert into public.sri_functionality_levels (id, service_id, level_number, official_description)
  values ('d17d9090-f754-5ac9-a6cc-3b389795da40', '1bbe3e52-4f90-5291-ab95-b57215dbc40d', 0, '{"en": "No automatic control"}'::jsonb) on conflict (service_id, level_number) do nothing;
  insert into public.sri_functionality_levels (id, service_id, level_number, official_description)
  values ('a5e642df-aeba-52d1-a4aa-7cbdc12456fc', '1bbe3e52-4f90-5291-ab95-b57215dbc40d', 1, '{"en": "Constant setpoint: A control loop enables to control the supply air_x000D_\ntemperature, the setpoint is constant and can only be modified by a manual_x000D_\naction"}'::jsonb) on conflict (service_id, level_number) do nothing;
  insert into public.sri_functionality_levels (id, service_id, level_number, official_description)
  values ('f4da8799-49b7-5c8e-b094-fcf1e48a00db', '1bbe3e52-4f90-5291-ab95-b57215dbc40d', 2, '{"en": "Variable set point with outdoor temperature compensation"}'::jsonb) on conflict (service_id, level_number) do nothing;
  insert into public.sri_functionality_levels (id, service_id, level_number, official_description)
  values ('083c3830-54a2-5f04-88c0-af392c618697', '1bbe3e52-4f90-5291-ab95-b57215dbc40d', 3, '{"en": "Variable set point with load dependant compensation. A control loop enables to control the supply air temperature. The setpoint is defined as a function of the loads in the room"}'::jsonb) on conflict (service_id, level_number) do nothing;
  insert into public.sri_functionality_level_impact_scores (functionality_level_id, impact_criterion_id, score)
  values ('d17d9090-f754-5ac9-a6cc-3b389795da40', (select id from public.sri_impact_criteria where methodology_version_id=v_mid and code='energy_efficiency'), 0) on conflict (functionality_level_id, impact_criterion_id) do nothing;
  insert into public.sri_functionality_level_impact_scores (functionality_level_id, impact_criterion_id, score)
  values ('d17d9090-f754-5ac9-a6cc-3b389795da40', (select id from public.sri_impact_criteria where methodology_version_id=v_mid and code='energy_flexibility_and_storage'), 0) on conflict (functionality_level_id, impact_criterion_id) do nothing;
  insert into public.sri_functionality_level_impact_scores (functionality_level_id, impact_criterion_id, score)
  values ('d17d9090-f754-5ac9-a6cc-3b389795da40', (select id from public.sri_impact_criteria where methodology_version_id=v_mid and code='comfort'), 0) on conflict (functionality_level_id, impact_criterion_id) do nothing;
  insert into public.sri_functionality_level_impact_scores (functionality_level_id, impact_criterion_id, score)
  values ('d17d9090-f754-5ac9-a6cc-3b389795da40', (select id from public.sri_impact_criteria where methodology_version_id=v_mid and code='convenience'), 0) on conflict (functionality_level_id, impact_criterion_id) do nothing;
  insert into public.sri_functionality_level_impact_scores (functionality_level_id, impact_criterion_id, score)
  values ('d17d9090-f754-5ac9-a6cc-3b389795da40', (select id from public.sri_impact_criteria where methodology_version_id=v_mid and code='health_wellbeing_accessibility'), 0) on conflict (functionality_level_id, impact_criterion_id) do nothing;
  insert into public.sri_functionality_level_impact_scores (functionality_level_id, impact_criterion_id, score)
  values ('d17d9090-f754-5ac9-a6cc-3b389795da40', (select id from public.sri_impact_criteria where methodology_version_id=v_mid and code='maintenance_and_fault_prediction'), 0) on conflict (functionality_level_id, impact_criterion_id) do nothing;
  insert into public.sri_functionality_level_impact_scores (functionality_level_id, impact_criterion_id, score)
  values ('d17d9090-f754-5ac9-a6cc-3b389795da40', (select id from public.sri_impact_criteria where methodology_version_id=v_mid and code='information_to_occupants'), 0) on conflict (functionality_level_id, impact_criterion_id) do nothing;
  insert into public.sri_functionality_level_impact_scores (functionality_level_id, impact_criterion_id, score)
  values ('a5e642df-aeba-52d1-a4aa-7cbdc12456fc', (select id from public.sri_impact_criteria where methodology_version_id=v_mid and code='energy_efficiency'), 1) on conflict (functionality_level_id, impact_criterion_id) do nothing;
  insert into public.sri_functionality_level_impact_scores (functionality_level_id, impact_criterion_id, score)
  values ('a5e642df-aeba-52d1-a4aa-7cbdc12456fc', (select id from public.sri_impact_criteria where methodology_version_id=v_mid and code='energy_flexibility_and_storage'), 0) on conflict (functionality_level_id, impact_criterion_id) do nothing;
  insert into public.sri_functionality_level_impact_scores (functionality_level_id, impact_criterion_id, score)
  values ('a5e642df-aeba-52d1-a4aa-7cbdc12456fc', (select id from public.sri_impact_criteria where methodology_version_id=v_mid and code='comfort'), 1) on conflict (functionality_level_id, impact_criterion_id) do nothing;
  insert into public.sri_functionality_level_impact_scores (functionality_level_id, impact_criterion_id, score)
  values ('a5e642df-aeba-52d1-a4aa-7cbdc12456fc', (select id from public.sri_impact_criteria where methodology_version_id=v_mid and code='convenience'), 1) on conflict (functionality_level_id, impact_criterion_id) do nothing;
  insert into public.sri_functionality_level_impact_scores (functionality_level_id, impact_criterion_id, score)
  values ('a5e642df-aeba-52d1-a4aa-7cbdc12456fc', (select id from public.sri_impact_criteria where methodology_version_id=v_mid and code='health_wellbeing_accessibility'), 0) on conflict (functionality_level_id, impact_criterion_id) do nothing;
  insert into public.sri_functionality_level_impact_scores (functionality_level_id, impact_criterion_id, score)
  values ('a5e642df-aeba-52d1-a4aa-7cbdc12456fc', (select id from public.sri_impact_criteria where methodology_version_id=v_mid and code='maintenance_and_fault_prediction'), 0) on conflict (functionality_level_id, impact_criterion_id) do nothing;
  insert into public.sri_functionality_level_impact_scores (functionality_level_id, impact_criterion_id, score)
  values ('a5e642df-aeba-52d1-a4aa-7cbdc12456fc', (select id from public.sri_impact_criteria where methodology_version_id=v_mid and code='information_to_occupants'), 0) on conflict (functionality_level_id, impact_criterion_id) do nothing;
  insert into public.sri_functionality_level_impact_scores (functionality_level_id, impact_criterion_id, score)
  values ('f4da8799-49b7-5c8e-b094-fcf1e48a00db', (select id from public.sri_impact_criteria where methodology_version_id=v_mid and code='energy_efficiency'), 2) on conflict (functionality_level_id, impact_criterion_id) do nothing;
  insert into public.sri_functionality_level_impact_scores (functionality_level_id, impact_criterion_id, score)
  values ('f4da8799-49b7-5c8e-b094-fcf1e48a00db', (select id from public.sri_impact_criteria where methodology_version_id=v_mid and code='energy_flexibility_and_storage'), 0) on conflict (functionality_level_id, impact_criterion_id) do nothing;
  insert into public.sri_functionality_level_impact_scores (functionality_level_id, impact_criterion_id, score)
  values ('f4da8799-49b7-5c8e-b094-fcf1e48a00db', (select id from public.sri_impact_criteria where methodology_version_id=v_mid and code='comfort'), 2) on conflict (functionality_level_id, impact_criterion_id) do nothing;
  insert into public.sri_functionality_level_impact_scores (functionality_level_id, impact_criterion_id, score)
  values ('f4da8799-49b7-5c8e-b094-fcf1e48a00db', (select id from public.sri_impact_criteria where methodology_version_id=v_mid and code='convenience'), 1) on conflict (functionality_level_id, impact_criterion_id) do nothing;
  insert into public.sri_functionality_level_impact_scores (functionality_level_id, impact_criterion_id, score)
  values ('f4da8799-49b7-5c8e-b094-fcf1e48a00db', (select id from public.sri_impact_criteria where methodology_version_id=v_mid and code='health_wellbeing_accessibility'), 0) on conflict (functionality_level_id, impact_criterion_id) do nothing;
  insert into public.sri_functionality_level_impact_scores (functionality_level_id, impact_criterion_id, score)
  values ('f4da8799-49b7-5c8e-b094-fcf1e48a00db', (select id from public.sri_impact_criteria where methodology_version_id=v_mid and code='maintenance_and_fault_prediction'), 0) on conflict (functionality_level_id, impact_criterion_id) do nothing;
  insert into public.sri_functionality_level_impact_scores (functionality_level_id, impact_criterion_id, score)
  values ('f4da8799-49b7-5c8e-b094-fcf1e48a00db', (select id from public.sri_impact_criteria where methodology_version_id=v_mid and code='information_to_occupants'), 0) on conflict (functionality_level_id, impact_criterion_id) do nothing;
  insert into public.sri_functionality_level_impact_scores (functionality_level_id, impact_criterion_id, score)
  values ('083c3830-54a2-5f04-88c0-af392c618697', (select id from public.sri_impact_criteria where methodology_version_id=v_mid and code='energy_efficiency'), 3) on conflict (functionality_level_id, impact_criterion_id) do nothing;
  insert into public.sri_functionality_level_impact_scores (functionality_level_id, impact_criterion_id, score)
  values ('083c3830-54a2-5f04-88c0-af392c618697', (select id from public.sri_impact_criteria where methodology_version_id=v_mid and code='energy_flexibility_and_storage'), 0) on conflict (functionality_level_id, impact_criterion_id) do nothing;
  insert into public.sri_functionality_level_impact_scores (functionality_level_id, impact_criterion_id, score)
  values ('083c3830-54a2-5f04-88c0-af392c618697', (select id from public.sri_impact_criteria where methodology_version_id=v_mid and code='comfort'), 2) on conflict (functionality_level_id, impact_criterion_id) do nothing;
  insert into public.sri_functionality_level_impact_scores (functionality_level_id, impact_criterion_id, score)
  values ('083c3830-54a2-5f04-88c0-af392c618697', (select id from public.sri_impact_criteria where methodology_version_id=v_mid and code='convenience'), 1) on conflict (functionality_level_id, impact_criterion_id) do nothing;
  insert into public.sri_functionality_level_impact_scores (functionality_level_id, impact_criterion_id, score)
  values ('083c3830-54a2-5f04-88c0-af392c618697', (select id from public.sri_impact_criteria where methodology_version_id=v_mid and code='health_wellbeing_accessibility'), 0) on conflict (functionality_level_id, impact_criterion_id) do nothing;
  insert into public.sri_functionality_level_impact_scores (functionality_level_id, impact_criterion_id, score)
  values ('083c3830-54a2-5f04-88c0-af392c618697', (select id from public.sri_impact_criteria where methodology_version_id=v_mid and code='maintenance_and_fault_prediction'), 0) on conflict (functionality_level_id, impact_criterion_id) do nothing;
  insert into public.sri_functionality_level_impact_scores (functionality_level_id, impact_criterion_id, score)
  values ('083c3830-54a2-5f04-88c0-af392c618697', (select id from public.sri_impact_criteria where methodology_version_id=v_mid and code='information_to_occupants'), 0) on conflict (functionality_level_id, impact_criterion_id) do nothing;

  insert into public.sri_services (id, catalogue_id, domain_id, official_code, internal_code, sort_order, official_name, service_group, purpose, when_applicable, typical_devices, preconditions, fl_max, included_in_method_a, included_in_method_b, triage_affects_max, applicability_mode, mutual_exclusion_group, standards_basis, provenance)
  values ('976ac096-29ac-552e-95dc-645fad2c0cae', v_cat, (select id from public.sri_technical_domains where methodology_version_id=v_mid and code='ventilation'), 'V-3', 'V-05', 30, '{"en": "Free cooling with mechanical ventilation system", "pl": "Free cooling z wykorzystaniem mechanicznej wentylacji"}'::jsonb, 'Free cooling', '{"en": "Use outdoor air for cooling when conditions allow."}'::jsonb, '{"en": "When AHU supports economizer/free cooling."}'::jsonb, '{"Economizer controls","Mixed-air dampers"}', 'Only in case of mechanical or hybrid ventilation', 3, false, true, false, 'smart_ready', null, '{"EN ISO 52120-1"}', 'VERIFIED_ANNEX_D')
  on conflict (catalogue_id, official_code) do nothing;
  insert into public.sri_functionality_levels (id, service_id, level_number, official_description)
  values ('e136e14a-ed13-5658-9428-eec482fa58ba', '976ac096-29ac-552e-95dc-645fad2c0cae', 0, '{"en": "No automatic control"}'::jsonb) on conflict (service_id, level_number) do nothing;
  insert into public.sri_functionality_levels (id, service_id, level_number, official_description)
  values ('e8465c82-c12d-5c47-999b-a8d3744d12de', '976ac096-29ac-552e-95dc-645fad2c0cae', 1, '{"en": "Night cooling"}'::jsonb) on conflict (service_id, level_number) do nothing;
  insert into public.sri_functionality_levels (id, service_id, level_number, official_description)
  values ('e709ad5e-0188-5df6-99ed-ed666f5e09e7', '976ac096-29ac-552e-95dc-645fad2c0cae', 2, '{"en": "Free cooling: air flows modulated during all periods of time to minimize the amount of mechanical_x000D_\ncooling"}'::jsonb) on conflict (service_id, level_number) do nothing;
  insert into public.sri_functionality_levels (id, service_id, level_number, official_description)
  values ('512aa856-252e-598d-96c7-b76c72d8ea8b', '976ac096-29ac-552e-95dc-645fad2c0cae', 3, '{"en": "H,x- directed control: The amount of outside air and recirculation air are modulated during all periods of time to minimize the amount of mechanical cooling. Calculation is performed on the basis of temperatures and humidity\n(enthalpy)."}'::jsonb) on conflict (service_id, level_number) do nothing;
  insert into public.sri_functionality_level_impact_scores (functionality_level_id, impact_criterion_id, score)
  values ('e136e14a-ed13-5658-9428-eec482fa58ba', (select id from public.sri_impact_criteria where methodology_version_id=v_mid and code='energy_efficiency'), 0) on conflict (functionality_level_id, impact_criterion_id) do nothing;
  insert into public.sri_functionality_level_impact_scores (functionality_level_id, impact_criterion_id, score)
  values ('e136e14a-ed13-5658-9428-eec482fa58ba', (select id from public.sri_impact_criteria where methodology_version_id=v_mid and code='energy_flexibility_and_storage'), 0) on conflict (functionality_level_id, impact_criterion_id) do nothing;
  insert into public.sri_functionality_level_impact_scores (functionality_level_id, impact_criterion_id, score)
  values ('e136e14a-ed13-5658-9428-eec482fa58ba', (select id from public.sri_impact_criteria where methodology_version_id=v_mid and code='comfort'), 0) on conflict (functionality_level_id, impact_criterion_id) do nothing;
  insert into public.sri_functionality_level_impact_scores (functionality_level_id, impact_criterion_id, score)
  values ('e136e14a-ed13-5658-9428-eec482fa58ba', (select id from public.sri_impact_criteria where methodology_version_id=v_mid and code='convenience'), 0) on conflict (functionality_level_id, impact_criterion_id) do nothing;
  insert into public.sri_functionality_level_impact_scores (functionality_level_id, impact_criterion_id, score)
  values ('e136e14a-ed13-5658-9428-eec482fa58ba', (select id from public.sri_impact_criteria where methodology_version_id=v_mid and code='health_wellbeing_accessibility'), 0) on conflict (functionality_level_id, impact_criterion_id) do nothing;
  insert into public.sri_functionality_level_impact_scores (functionality_level_id, impact_criterion_id, score)
  values ('e136e14a-ed13-5658-9428-eec482fa58ba', (select id from public.sri_impact_criteria where methodology_version_id=v_mid and code='maintenance_and_fault_prediction'), 0) on conflict (functionality_level_id, impact_criterion_id) do nothing;
  insert into public.sri_functionality_level_impact_scores (functionality_level_id, impact_criterion_id, score)
  values ('e136e14a-ed13-5658-9428-eec482fa58ba', (select id from public.sri_impact_criteria where methodology_version_id=v_mid and code='information_to_occupants'), 0) on conflict (functionality_level_id, impact_criterion_id) do nothing;
  insert into public.sri_functionality_level_impact_scores (functionality_level_id, impact_criterion_id, score)
  values ('e8465c82-c12d-5c47-999b-a8d3744d12de', (select id from public.sri_impact_criteria where methodology_version_id=v_mid and code='energy_efficiency'), 1) on conflict (functionality_level_id, impact_criterion_id) do nothing;
  insert into public.sri_functionality_level_impact_scores (functionality_level_id, impact_criterion_id, score)
  values ('e8465c82-c12d-5c47-999b-a8d3744d12de', (select id from public.sri_impact_criteria where methodology_version_id=v_mid and code='energy_flexibility_and_storage'), 0) on conflict (functionality_level_id, impact_criterion_id) do nothing;
  insert into public.sri_functionality_level_impact_scores (functionality_level_id, impact_criterion_id, score)
  values ('e8465c82-c12d-5c47-999b-a8d3744d12de', (select id from public.sri_impact_criteria where methodology_version_id=v_mid and code='comfort'), 3) on conflict (functionality_level_id, impact_criterion_id) do nothing;
  insert into public.sri_functionality_level_impact_scores (functionality_level_id, impact_criterion_id, score)
  values ('e8465c82-c12d-5c47-999b-a8d3744d12de', (select id from public.sri_impact_criteria where methodology_version_id=v_mid and code='convenience'), 2) on conflict (functionality_level_id, impact_criterion_id) do nothing;
  insert into public.sri_functionality_level_impact_scores (functionality_level_id, impact_criterion_id, score)
  values ('e8465c82-c12d-5c47-999b-a8d3744d12de', (select id from public.sri_impact_criteria where methodology_version_id=v_mid and code='health_wellbeing_accessibility'), 1) on conflict (functionality_level_id, impact_criterion_id) do nothing;
  insert into public.sri_functionality_level_impact_scores (functionality_level_id, impact_criterion_id, score)
  values ('e8465c82-c12d-5c47-999b-a8d3744d12de', (select id from public.sri_impact_criteria where methodology_version_id=v_mid and code='maintenance_and_fault_prediction'), 0) on conflict (functionality_level_id, impact_criterion_id) do nothing;
  insert into public.sri_functionality_level_impact_scores (functionality_level_id, impact_criterion_id, score)
  values ('e8465c82-c12d-5c47-999b-a8d3744d12de', (select id from public.sri_impact_criteria where methodology_version_id=v_mid and code='information_to_occupants'), 0) on conflict (functionality_level_id, impact_criterion_id) do nothing;
  insert into public.sri_functionality_level_impact_scores (functionality_level_id, impact_criterion_id, score)
  values ('e709ad5e-0188-5df6-99ed-ed666f5e09e7', (select id from public.sri_impact_criteria where methodology_version_id=v_mid and code='energy_efficiency'), 2) on conflict (functionality_level_id, impact_criterion_id) do nothing;
  insert into public.sri_functionality_level_impact_scores (functionality_level_id, impact_criterion_id, score)
  values ('e709ad5e-0188-5df6-99ed-ed666f5e09e7', (select id from public.sri_impact_criteria where methodology_version_id=v_mid and code='energy_flexibility_and_storage'), 0) on conflict (functionality_level_id, impact_criterion_id) do nothing;
  insert into public.sri_functionality_level_impact_scores (functionality_level_id, impact_criterion_id, score)
  values ('e709ad5e-0188-5df6-99ed-ed666f5e09e7', (select id from public.sri_impact_criteria where methodology_version_id=v_mid and code='comfort'), 3) on conflict (functionality_level_id, impact_criterion_id) do nothing;
  insert into public.sri_functionality_level_impact_scores (functionality_level_id, impact_criterion_id, score)
  values ('e709ad5e-0188-5df6-99ed-ed666f5e09e7', (select id from public.sri_impact_criteria where methodology_version_id=v_mid and code='convenience'), 2) on conflict (functionality_level_id, impact_criterion_id) do nothing;
  insert into public.sri_functionality_level_impact_scores (functionality_level_id, impact_criterion_id, score)
  values ('e709ad5e-0188-5df6-99ed-ed666f5e09e7', (select id from public.sri_impact_criteria where methodology_version_id=v_mid and code='health_wellbeing_accessibility'), 1) on conflict (functionality_level_id, impact_criterion_id) do nothing;
  insert into public.sri_functionality_level_impact_scores (functionality_level_id, impact_criterion_id, score)
  values ('e709ad5e-0188-5df6-99ed-ed666f5e09e7', (select id from public.sri_impact_criteria where methodology_version_id=v_mid and code='maintenance_and_fault_prediction'), 0) on conflict (functionality_level_id, impact_criterion_id) do nothing;
  insert into public.sri_functionality_level_impact_scores (functionality_level_id, impact_criterion_id, score)
  values ('e709ad5e-0188-5df6-99ed-ed666f5e09e7', (select id from public.sri_impact_criteria where methodology_version_id=v_mid and code='information_to_occupants'), 0) on conflict (functionality_level_id, impact_criterion_id) do nothing;
  insert into public.sri_functionality_level_impact_scores (functionality_level_id, impact_criterion_id, score)
  values ('512aa856-252e-598d-96c7-b76c72d8ea8b', (select id from public.sri_impact_criteria where methodology_version_id=v_mid and code='energy_efficiency'), 3) on conflict (functionality_level_id, impact_criterion_id) do nothing;
  insert into public.sri_functionality_level_impact_scores (functionality_level_id, impact_criterion_id, score)
  values ('512aa856-252e-598d-96c7-b76c72d8ea8b', (select id from public.sri_impact_criteria where methodology_version_id=v_mid and code='energy_flexibility_and_storage'), 0) on conflict (functionality_level_id, impact_criterion_id) do nothing;
  insert into public.sri_functionality_level_impact_scores (functionality_level_id, impact_criterion_id, score)
  values ('512aa856-252e-598d-96c7-b76c72d8ea8b', (select id from public.sri_impact_criteria where methodology_version_id=v_mid and code='comfort'), 3) on conflict (functionality_level_id, impact_criterion_id) do nothing;
  insert into public.sri_functionality_level_impact_scores (functionality_level_id, impact_criterion_id, score)
  values ('512aa856-252e-598d-96c7-b76c72d8ea8b', (select id from public.sri_impact_criteria where methodology_version_id=v_mid and code='convenience'), 2) on conflict (functionality_level_id, impact_criterion_id) do nothing;
  insert into public.sri_functionality_level_impact_scores (functionality_level_id, impact_criterion_id, score)
  values ('512aa856-252e-598d-96c7-b76c72d8ea8b', (select id from public.sri_impact_criteria where methodology_version_id=v_mid and code='health_wellbeing_accessibility'), 1) on conflict (functionality_level_id, impact_criterion_id) do nothing;
  insert into public.sri_functionality_level_impact_scores (functionality_level_id, impact_criterion_id, score)
  values ('512aa856-252e-598d-96c7-b76c72d8ea8b', (select id from public.sri_impact_criteria where methodology_version_id=v_mid and code='maintenance_and_fault_prediction'), 0) on conflict (functionality_level_id, impact_criterion_id) do nothing;
  insert into public.sri_functionality_level_impact_scores (functionality_level_id, impact_criterion_id, score)
  values ('512aa856-252e-598d-96c7-b76c72d8ea8b', (select id from public.sri_impact_criteria where methodology_version_id=v_mid and code='information_to_occupants'), 0) on conflict (functionality_level_id, impact_criterion_id) do nothing;

  insert into public.sri_services (id, catalogue_id, domain_id, official_code, internal_code, sort_order, official_name, service_group, purpose, when_applicable, typical_devices, preconditions, fl_max, included_in_method_a, included_in_method_b, triage_affects_max, applicability_mode, mutual_exclusion_group, standards_basis, provenance)
  values ('00d02789-4e4c-563f-bbef-42b7f9d9d0cb', v_cat, (select id from public.sri_technical_domains where methodology_version_id=v_mid and code='ventilation'), 'V-6', 'V-06', 31, '{"en": "Reporting information regarding IAQ", "pl": "Monitorowanie jakości powietrza wewnętrznego"}'::jsonb, 'Feedback - Reporting information', '{"en": "Ventilate based on CO₂, VOC or particulate sensors."}'::jsonb, '{"en": "When DCV or IAQ-based control is feasible."}'::jsonb, '{"CO₂ sensors","IAQ multisensors","BMS"}', 'Always to be assessed', 3, true, true, true, 'smart_ready', null, '{"EN ISO 52120-1","DG ENER study"}', 'VERIFIED_ANNEX_D')
  on conflict (catalogue_id, official_code) do nothing;
  insert into public.sri_functionality_levels (id, service_id, level_number, official_description)
  values ('c4f2dd73-c7ec-5fb9-ad06-589afc95260d', '00d02789-4e4c-563f-bbef-42b7f9d9d0cb', 0, '{"en": "None"}'::jsonb) on conflict (service_id, level_number) do nothing;
  insert into public.sri_functionality_levels (id, service_id, level_number, official_description)
  values ('82114a43-e2da-57af-8b7d-fe12b61204ed', '00d02789-4e4c-563f-bbef-42b7f9d9d0cb', 1, '{"en": "Air quality sensors (e.g. CO2) and real time autonomous monitoring"}'::jsonb) on conflict (service_id, level_number) do nothing;
  insert into public.sri_functionality_levels (id, service_id, level_number, official_description)
  values ('6af92c3f-f0fc-5cee-996f-2312d554f9e1', '00d02789-4e4c-563f-bbef-42b7f9d9d0cb', 2, '{"en": "Real time monitoring & historical information of IAQ available to occupants"}'::jsonb) on conflict (service_id, level_number) do nothing;
  insert into public.sri_functionality_levels (id, service_id, level_number, official_description)
  values ('3d7a514a-7b0c-5cac-aca5-19c108ba2f78', '00d02789-4e4c-563f-bbef-42b7f9d9d0cb', 3, '{"en": "Real time monitoring & historical information of IAQ available to occupants + warning on maintenance needs or occupant actions (e.g. window opening)"}'::jsonb) on conflict (service_id, level_number) do nothing;
  insert into public.sri_functionality_level_impact_scores (functionality_level_id, impact_criterion_id, score)
  values ('c4f2dd73-c7ec-5fb9-ad06-589afc95260d', (select id from public.sri_impact_criteria where methodology_version_id=v_mid and code='energy_efficiency'), 0) on conflict (functionality_level_id, impact_criterion_id) do nothing;
  insert into public.sri_functionality_level_impact_scores (functionality_level_id, impact_criterion_id, score)
  values ('c4f2dd73-c7ec-5fb9-ad06-589afc95260d', (select id from public.sri_impact_criteria where methodology_version_id=v_mid and code='energy_flexibility_and_storage'), 0) on conflict (functionality_level_id, impact_criterion_id) do nothing;
  insert into public.sri_functionality_level_impact_scores (functionality_level_id, impact_criterion_id, score)
  values ('c4f2dd73-c7ec-5fb9-ad06-589afc95260d', (select id from public.sri_impact_criteria where methodology_version_id=v_mid and code='comfort'), 0) on conflict (functionality_level_id, impact_criterion_id) do nothing;
  insert into public.sri_functionality_level_impact_scores (functionality_level_id, impact_criterion_id, score)
  values ('c4f2dd73-c7ec-5fb9-ad06-589afc95260d', (select id from public.sri_impact_criteria where methodology_version_id=v_mid and code='convenience'), 0) on conflict (functionality_level_id, impact_criterion_id) do nothing;
  insert into public.sri_functionality_level_impact_scores (functionality_level_id, impact_criterion_id, score)
  values ('c4f2dd73-c7ec-5fb9-ad06-589afc95260d', (select id from public.sri_impact_criteria where methodology_version_id=v_mid and code='health_wellbeing_accessibility'), 0) on conflict (functionality_level_id, impact_criterion_id) do nothing;
  insert into public.sri_functionality_level_impact_scores (functionality_level_id, impact_criterion_id, score)
  values ('c4f2dd73-c7ec-5fb9-ad06-589afc95260d', (select id from public.sri_impact_criteria where methodology_version_id=v_mid and code='maintenance_and_fault_prediction'), 0) on conflict (functionality_level_id, impact_criterion_id) do nothing;
  insert into public.sri_functionality_level_impact_scores (functionality_level_id, impact_criterion_id, score)
  values ('c4f2dd73-c7ec-5fb9-ad06-589afc95260d', (select id from public.sri_impact_criteria where methodology_version_id=v_mid and code='information_to_occupants'), 0) on conflict (functionality_level_id, impact_criterion_id) do nothing;
  insert into public.sri_functionality_level_impact_scores (functionality_level_id, impact_criterion_id, score)
  values ('82114a43-e2da-57af-8b7d-fe12b61204ed', (select id from public.sri_impact_criteria where methodology_version_id=v_mid and code='energy_efficiency'), 0) on conflict (functionality_level_id, impact_criterion_id) do nothing;
  insert into public.sri_functionality_level_impact_scores (functionality_level_id, impact_criterion_id, score)
  values ('82114a43-e2da-57af-8b7d-fe12b61204ed', (select id from public.sri_impact_criteria where methodology_version_id=v_mid and code='energy_flexibility_and_storage'), 0) on conflict (functionality_level_id, impact_criterion_id) do nothing;
  insert into public.sri_functionality_level_impact_scores (functionality_level_id, impact_criterion_id, score)
  values ('82114a43-e2da-57af-8b7d-fe12b61204ed', (select id from public.sri_impact_criteria where methodology_version_id=v_mid and code='comfort'), 0) on conflict (functionality_level_id, impact_criterion_id) do nothing;
  insert into public.sri_functionality_level_impact_scores (functionality_level_id, impact_criterion_id, score)
  values ('82114a43-e2da-57af-8b7d-fe12b61204ed', (select id from public.sri_impact_criteria where methodology_version_id=v_mid and code='convenience'), 0) on conflict (functionality_level_id, impact_criterion_id) do nothing;
  insert into public.sri_functionality_level_impact_scores (functionality_level_id, impact_criterion_id, score)
  values ('82114a43-e2da-57af-8b7d-fe12b61204ed', (select id from public.sri_impact_criteria where methodology_version_id=v_mid and code='health_wellbeing_accessibility'), 2) on conflict (functionality_level_id, impact_criterion_id) do nothing;
  insert into public.sri_functionality_level_impact_scores (functionality_level_id, impact_criterion_id, score)
  values ('82114a43-e2da-57af-8b7d-fe12b61204ed', (select id from public.sri_impact_criteria where methodology_version_id=v_mid and code='maintenance_and_fault_prediction'), 1) on conflict (functionality_level_id, impact_criterion_id) do nothing;
  insert into public.sri_functionality_level_impact_scores (functionality_level_id, impact_criterion_id, score)
  values ('82114a43-e2da-57af-8b7d-fe12b61204ed', (select id from public.sri_impact_criteria where methodology_version_id=v_mid and code='information_to_occupants'), 1) on conflict (functionality_level_id, impact_criterion_id) do nothing;
  insert into public.sri_functionality_level_impact_scores (functionality_level_id, impact_criterion_id, score)
  values ('6af92c3f-f0fc-5cee-996f-2312d554f9e1', (select id from public.sri_impact_criteria where methodology_version_id=v_mid and code='energy_efficiency'), 0) on conflict (functionality_level_id, impact_criterion_id) do nothing;
  insert into public.sri_functionality_level_impact_scores (functionality_level_id, impact_criterion_id, score)
  values ('6af92c3f-f0fc-5cee-996f-2312d554f9e1', (select id from public.sri_impact_criteria where methodology_version_id=v_mid and code='energy_flexibility_and_storage'), 0) on conflict (functionality_level_id, impact_criterion_id) do nothing;
  insert into public.sri_functionality_level_impact_scores (functionality_level_id, impact_criterion_id, score)
  values ('6af92c3f-f0fc-5cee-996f-2312d554f9e1', (select id from public.sri_impact_criteria where methodology_version_id=v_mid and code='comfort'), 0) on conflict (functionality_level_id, impact_criterion_id) do nothing;
  insert into public.sri_functionality_level_impact_scores (functionality_level_id, impact_criterion_id, score)
  values ('6af92c3f-f0fc-5cee-996f-2312d554f9e1', (select id from public.sri_impact_criteria where methodology_version_id=v_mid and code='convenience'), 0) on conflict (functionality_level_id, impact_criterion_id) do nothing;
  insert into public.sri_functionality_level_impact_scores (functionality_level_id, impact_criterion_id, score)
  values ('6af92c3f-f0fc-5cee-996f-2312d554f9e1', (select id from public.sri_impact_criteria where methodology_version_id=v_mid and code='health_wellbeing_accessibility'), 3) on conflict (functionality_level_id, impact_criterion_id) do nothing;
  insert into public.sri_functionality_level_impact_scores (functionality_level_id, impact_criterion_id, score)
  values ('6af92c3f-f0fc-5cee-996f-2312d554f9e1', (select id from public.sri_impact_criteria where methodology_version_id=v_mid and code='maintenance_and_fault_prediction'), 1) on conflict (functionality_level_id, impact_criterion_id) do nothing;
  insert into public.sri_functionality_level_impact_scores (functionality_level_id, impact_criterion_id, score)
  values ('6af92c3f-f0fc-5cee-996f-2312d554f9e1', (select id from public.sri_impact_criteria where methodology_version_id=v_mid and code='information_to_occupants'), 2) on conflict (functionality_level_id, impact_criterion_id) do nothing;
  insert into public.sri_functionality_level_impact_scores (functionality_level_id, impact_criterion_id, score)
  values ('3d7a514a-7b0c-5cac-aca5-19c108ba2f78', (select id from public.sri_impact_criteria where methodology_version_id=v_mid and code='energy_efficiency'), 0) on conflict (functionality_level_id, impact_criterion_id) do nothing;
  insert into public.sri_functionality_level_impact_scores (functionality_level_id, impact_criterion_id, score)
  values ('3d7a514a-7b0c-5cac-aca5-19c108ba2f78', (select id from public.sri_impact_criteria where methodology_version_id=v_mid and code='energy_flexibility_and_storage'), 0) on conflict (functionality_level_id, impact_criterion_id) do nothing;
  insert into public.sri_functionality_level_impact_scores (functionality_level_id, impact_criterion_id, score)
  values ('3d7a514a-7b0c-5cac-aca5-19c108ba2f78', (select id from public.sri_impact_criteria where methodology_version_id=v_mid and code='comfort'), 0) on conflict (functionality_level_id, impact_criterion_id) do nothing;
  insert into public.sri_functionality_level_impact_scores (functionality_level_id, impact_criterion_id, score)
  values ('3d7a514a-7b0c-5cac-aca5-19c108ba2f78', (select id from public.sri_impact_criteria where methodology_version_id=v_mid and code='convenience'), 0) on conflict (functionality_level_id, impact_criterion_id) do nothing;
  insert into public.sri_functionality_level_impact_scores (functionality_level_id, impact_criterion_id, score)
  values ('3d7a514a-7b0c-5cac-aca5-19c108ba2f78', (select id from public.sri_impact_criteria where methodology_version_id=v_mid and code='health_wellbeing_accessibility'), 3) on conflict (functionality_level_id, impact_criterion_id) do nothing;
  insert into public.sri_functionality_level_impact_scores (functionality_level_id, impact_criterion_id, score)
  values ('3d7a514a-7b0c-5cac-aca5-19c108ba2f78', (select id from public.sri_impact_criteria where methodology_version_id=v_mid and code='maintenance_and_fault_prediction'), 2) on conflict (functionality_level_id, impact_criterion_id) do nothing;
  insert into public.sri_functionality_level_impact_scores (functionality_level_id, impact_criterion_id, score)
  values ('3d7a514a-7b0c-5cac-aca5-19c108ba2f78', (select id from public.sri_impact_criteria where methodology_version_id=v_mid and code='information_to_occupants'), 3) on conflict (functionality_level_id, impact_criterion_id) do nothing;

  insert into public.sri_services (id, catalogue_id, domain_id, official_code, internal_code, sort_order, official_name, service_group, purpose, when_applicable, typical_devices, preconditions, fl_max, included_in_method_a, included_in_method_b, triage_affects_max, applicability_mode, mutual_exclusion_group, standards_basis, provenance)
  values ('42a7537b-b238-5071-bdd6-57c2b5bc6c18', v_cat, (select id from public.sri_technical_domains where methodology_version_id=v_mid and code='lighting'), 'L-1a', 'L-01', 32, '{"en": "Occupancy control for indoor lighting", "pl": "Sterowanie oświetleniem w zależności od obecności"}'::jsonb, 'Artificial lighting control', '{"en": "Switch lighting based on presence detection."}'::jsonb, '{"en": "When artificial lighting exists in occupied zones."}'::jsonb, '{"PIR sensors","Presence detectors","DALI controllers"}', 'Always to be assessed', 3, true, true, true, 'smart_ready', null, '{"EN ISO 52120-1"}', 'VERIFIED_ANNEX_D')
  on conflict (catalogue_id, official_code) do nothing;
  insert into public.sri_functionality_levels (id, service_id, level_number, official_description)
  values ('fa32948d-19bb-5763-8bfb-de5f94e3f685', '42a7537b-b238-5071-bdd6-57c2b5bc6c18', 0, '{"en": "Manual on/off switch"}'::jsonb) on conflict (service_id, level_number) do nothing;
  insert into public.sri_functionality_levels (id, service_id, level_number, official_description)
  values ('e8fda8e2-2c2d-507b-bf21-2b83f42fccdb', '42a7537b-b238-5071-bdd6-57c2b5bc6c18', 1, '{"en": "Manual on/off switch + additional sweeping extinction signal"}'::jsonb) on conflict (service_id, level_number) do nothing;
  insert into public.sri_functionality_levels (id, service_id, level_number, official_description)
  values ('6d62b557-1bfc-585e-8d42-6b4161493607', '42a7537b-b238-5071-bdd6-57c2b5bc6c18', 2, '{"en": "Automatic detection (auto on / dimmed or auto off)"}'::jsonb) on conflict (service_id, level_number) do nothing;
  insert into public.sri_functionality_levels (id, service_id, level_number, official_description)
  values ('4fcbb03f-b681-5f4d-b70c-7e61ebde2db7', '42a7537b-b238-5071-bdd6-57c2b5bc6c18', 3, '{"en": "Automatic detection (manual on / dimmed or auto off)"}'::jsonb) on conflict (service_id, level_number) do nothing;
  insert into public.sri_functionality_level_impact_scores (functionality_level_id, impact_criterion_id, score)
  values ('fa32948d-19bb-5763-8bfb-de5f94e3f685', (select id from public.sri_impact_criteria where methodology_version_id=v_mid and code='energy_efficiency'), 0) on conflict (functionality_level_id, impact_criterion_id) do nothing;
  insert into public.sri_functionality_level_impact_scores (functionality_level_id, impact_criterion_id, score)
  values ('fa32948d-19bb-5763-8bfb-de5f94e3f685', (select id from public.sri_impact_criteria where methodology_version_id=v_mid and code='energy_flexibility_and_storage'), 0) on conflict (functionality_level_id, impact_criterion_id) do nothing;
  insert into public.sri_functionality_level_impact_scores (functionality_level_id, impact_criterion_id, score)
  values ('fa32948d-19bb-5763-8bfb-de5f94e3f685', (select id from public.sri_impact_criteria where methodology_version_id=v_mid and code='comfort'), 0) on conflict (functionality_level_id, impact_criterion_id) do nothing;
  insert into public.sri_functionality_level_impact_scores (functionality_level_id, impact_criterion_id, score)
  values ('fa32948d-19bb-5763-8bfb-de5f94e3f685', (select id from public.sri_impact_criteria where methodology_version_id=v_mid and code='convenience'), 0) on conflict (functionality_level_id, impact_criterion_id) do nothing;
  insert into public.sri_functionality_level_impact_scores (functionality_level_id, impact_criterion_id, score)
  values ('fa32948d-19bb-5763-8bfb-de5f94e3f685', (select id from public.sri_impact_criteria where methodology_version_id=v_mid and code='health_wellbeing_accessibility'), 0) on conflict (functionality_level_id, impact_criterion_id) do nothing;
  insert into public.sri_functionality_level_impact_scores (functionality_level_id, impact_criterion_id, score)
  values ('fa32948d-19bb-5763-8bfb-de5f94e3f685', (select id from public.sri_impact_criteria where methodology_version_id=v_mid and code='maintenance_and_fault_prediction'), 0) on conflict (functionality_level_id, impact_criterion_id) do nothing;
  insert into public.sri_functionality_level_impact_scores (functionality_level_id, impact_criterion_id, score)
  values ('fa32948d-19bb-5763-8bfb-de5f94e3f685', (select id from public.sri_impact_criteria where methodology_version_id=v_mid and code='information_to_occupants'), 0) on conflict (functionality_level_id, impact_criterion_id) do nothing;
  insert into public.sri_functionality_level_impact_scores (functionality_level_id, impact_criterion_id, score)
  values ('e8fda8e2-2c2d-507b-bf21-2b83f42fccdb', (select id from public.sri_impact_criteria where methodology_version_id=v_mid and code='energy_efficiency'), 1) on conflict (functionality_level_id, impact_criterion_id) do nothing;
  insert into public.sri_functionality_level_impact_scores (functionality_level_id, impact_criterion_id, score)
  values ('e8fda8e2-2c2d-507b-bf21-2b83f42fccdb', (select id from public.sri_impact_criteria where methodology_version_id=v_mid and code='energy_flexibility_and_storage'), 0) on conflict (functionality_level_id, impact_criterion_id) do nothing;
  insert into public.sri_functionality_level_impact_scores (functionality_level_id, impact_criterion_id, score)
  values ('e8fda8e2-2c2d-507b-bf21-2b83f42fccdb', (select id from public.sri_impact_criteria where methodology_version_id=v_mid and code='comfort'), 1) on conflict (functionality_level_id, impact_criterion_id) do nothing;
  insert into public.sri_functionality_level_impact_scores (functionality_level_id, impact_criterion_id, score)
  values ('e8fda8e2-2c2d-507b-bf21-2b83f42fccdb', (select id from public.sri_impact_criteria where methodology_version_id=v_mid and code='convenience'), 1) on conflict (functionality_level_id, impact_criterion_id) do nothing;
  insert into public.sri_functionality_level_impact_scores (functionality_level_id, impact_criterion_id, score)
  values ('e8fda8e2-2c2d-507b-bf21-2b83f42fccdb', (select id from public.sri_impact_criteria where methodology_version_id=v_mid and code='health_wellbeing_accessibility'), 0) on conflict (functionality_level_id, impact_criterion_id) do nothing;
  insert into public.sri_functionality_level_impact_scores (functionality_level_id, impact_criterion_id, score)
  values ('e8fda8e2-2c2d-507b-bf21-2b83f42fccdb', (select id from public.sri_impact_criteria where methodology_version_id=v_mid and code='maintenance_and_fault_prediction'), 0) on conflict (functionality_level_id, impact_criterion_id) do nothing;
  insert into public.sri_functionality_level_impact_scores (functionality_level_id, impact_criterion_id, score)
  values ('e8fda8e2-2c2d-507b-bf21-2b83f42fccdb', (select id from public.sri_impact_criteria where methodology_version_id=v_mid and code='information_to_occupants'), 0) on conflict (functionality_level_id, impact_criterion_id) do nothing;
  insert into public.sri_functionality_level_impact_scores (functionality_level_id, impact_criterion_id, score)
  values ('6d62b557-1bfc-585e-8d42-6b4161493607', (select id from public.sri_impact_criteria where methodology_version_id=v_mid and code='energy_efficiency'), 2) on conflict (functionality_level_id, impact_criterion_id) do nothing;
  insert into public.sri_functionality_level_impact_scores (functionality_level_id, impact_criterion_id, score)
  values ('6d62b557-1bfc-585e-8d42-6b4161493607', (select id from public.sri_impact_criteria where methodology_version_id=v_mid and code='energy_flexibility_and_storage'), 0) on conflict (functionality_level_id, impact_criterion_id) do nothing;
  insert into public.sri_functionality_level_impact_scores (functionality_level_id, impact_criterion_id, score)
  values ('6d62b557-1bfc-585e-8d42-6b4161493607', (select id from public.sri_impact_criteria where methodology_version_id=v_mid and code='comfort'), 2) on conflict (functionality_level_id, impact_criterion_id) do nothing;
  insert into public.sri_functionality_level_impact_scores (functionality_level_id, impact_criterion_id, score)
  values ('6d62b557-1bfc-585e-8d42-6b4161493607', (select id from public.sri_impact_criteria where methodology_version_id=v_mid and code='convenience'), 2) on conflict (functionality_level_id, impact_criterion_id) do nothing;
  insert into public.sri_functionality_level_impact_scores (functionality_level_id, impact_criterion_id, score)
  values ('6d62b557-1bfc-585e-8d42-6b4161493607', (select id from public.sri_impact_criteria where methodology_version_id=v_mid and code='health_wellbeing_accessibility'), 0) on conflict (functionality_level_id, impact_criterion_id) do nothing;
  insert into public.sri_functionality_level_impact_scores (functionality_level_id, impact_criterion_id, score)
  values ('6d62b557-1bfc-585e-8d42-6b4161493607', (select id from public.sri_impact_criteria where methodology_version_id=v_mid and code='maintenance_and_fault_prediction'), 0) on conflict (functionality_level_id, impact_criterion_id) do nothing;
  insert into public.sri_functionality_level_impact_scores (functionality_level_id, impact_criterion_id, score)
  values ('6d62b557-1bfc-585e-8d42-6b4161493607', (select id from public.sri_impact_criteria where methodology_version_id=v_mid and code='information_to_occupants'), 0) on conflict (functionality_level_id, impact_criterion_id) do nothing;
  insert into public.sri_functionality_level_impact_scores (functionality_level_id, impact_criterion_id, score)
  values ('4fcbb03f-b681-5f4d-b70c-7e61ebde2db7', (select id from public.sri_impact_criteria where methodology_version_id=v_mid and code='energy_efficiency'), 3) on conflict (functionality_level_id, impact_criterion_id) do nothing;
  insert into public.sri_functionality_level_impact_scores (functionality_level_id, impact_criterion_id, score)
  values ('4fcbb03f-b681-5f4d-b70c-7e61ebde2db7', (select id from public.sri_impact_criteria where methodology_version_id=v_mid and code='energy_flexibility_and_storage'), 0) on conflict (functionality_level_id, impact_criterion_id) do nothing;
  insert into public.sri_functionality_level_impact_scores (functionality_level_id, impact_criterion_id, score)
  values ('4fcbb03f-b681-5f4d-b70c-7e61ebde2db7', (select id from public.sri_impact_criteria where methodology_version_id=v_mid and code='comfort'), 2) on conflict (functionality_level_id, impact_criterion_id) do nothing;
  insert into public.sri_functionality_level_impact_scores (functionality_level_id, impact_criterion_id, score)
  values ('4fcbb03f-b681-5f4d-b70c-7e61ebde2db7', (select id from public.sri_impact_criteria where methodology_version_id=v_mid and code='convenience'), 2) on conflict (functionality_level_id, impact_criterion_id) do nothing;
  insert into public.sri_functionality_level_impact_scores (functionality_level_id, impact_criterion_id, score)
  values ('4fcbb03f-b681-5f4d-b70c-7e61ebde2db7', (select id from public.sri_impact_criteria where methodology_version_id=v_mid and code='health_wellbeing_accessibility'), 0) on conflict (functionality_level_id, impact_criterion_id) do nothing;
  insert into public.sri_functionality_level_impact_scores (functionality_level_id, impact_criterion_id, score)
  values ('4fcbb03f-b681-5f4d-b70c-7e61ebde2db7', (select id from public.sri_impact_criteria where methodology_version_id=v_mid and code='maintenance_and_fault_prediction'), 0) on conflict (functionality_level_id, impact_criterion_id) do nothing;
  insert into public.sri_functionality_level_impact_scores (functionality_level_id, impact_criterion_id, score)
  values ('4fcbb03f-b681-5f4d-b70c-7e61ebde2db7', (select id from public.sri_impact_criteria where methodology_version_id=v_mid and code='information_to_occupants'), 0) on conflict (functionality_level_id, impact_criterion_id) do nothing;

  insert into public.sri_services (id, catalogue_id, domain_id, official_code, internal_code, sort_order, official_name, service_group, purpose, when_applicable, typical_devices, preconditions, fl_max, included_in_method_a, included_in_method_b, triage_affects_max, applicability_mode, mutual_exclusion_group, standards_basis, provenance)
  values ('9069a272-1fa1-5734-8615-8d4019a8e63b', v_cat, (select id from public.sri_technical_domains where methodology_version_id=v_mid and code='lighting'), 'L-2', 'L-02', 33, '{"en": "Control artificial lighting power based on daylight levels", "pl": "Automatyczne sterowanie oświetleniem w zależności od światła dziennego"}'::jsonb, 'Control artificial lighting power based on daylight levels', '{"en": "Dim or switch lighting using daylight harvesting."}'::jsonb, '{"en": "When daylight reaches occupied areas."}'::jsonb, '{"Daylight sensors","DALI dimming","Constant light control"}', 'Always to be assessed', 4, false, true, true, 'smart_ready', null, '{"EN ISO 52120-1"}', 'VERIFIED_ANNEX_D')
  on conflict (catalogue_id, official_code) do nothing;
  insert into public.sri_functionality_levels (id, service_id, level_number, official_description)
  values ('04252f53-6635-5a40-9bff-e61c82690f4e', '9069a272-1fa1-5734-8615-8d4019a8e63b', 0, '{"en": "Manual (central)"}'::jsonb) on conflict (service_id, level_number) do nothing;
  insert into public.sri_functionality_levels (id, service_id, level_number, official_description)
  values ('e2109fd2-48bb-5b36-9968-79041754846e', '9069a272-1fa1-5734-8615-8d4019a8e63b', 1, '{"en": "Manual (per room / zone)"}'::jsonb) on conflict (service_id, level_number) do nothing;
  insert into public.sri_functionality_levels (id, service_id, level_number, official_description)
  values ('823a065b-32bc-5af6-afcd-8e6a121367c8', '9069a272-1fa1-5734-8615-8d4019a8e63b', 2, '{"en": "Automatic switching"}'::jsonb) on conflict (service_id, level_number) do nothing;
  insert into public.sri_functionality_levels (id, service_id, level_number, official_description)
  values ('4126adff-534c-505d-a575-431914e3efe0', '9069a272-1fa1-5734-8615-8d4019a8e63b', 3, '{"en": "Automatic dimming"}'::jsonb) on conflict (service_id, level_number) do nothing;
  insert into public.sri_functionality_levels (id, service_id, level_number, official_description)
  values ('4845bdde-03c2-5902-9662-837747fe969f', '9069a272-1fa1-5734-8615-8d4019a8e63b', 4, '{"en": "Automatic dimming including scene-based light control (during time intervals, dynamic and\nadapted lighting scenes are set, for example, in terms of\nilluminance level, different correlated colour temperature (CCT)\nand the possibility to change the light distribution within the space\naccording to e. g. design, human needs, visual tasks)"}'::jsonb) on conflict (service_id, level_number) do nothing;
  insert into public.sri_functionality_level_impact_scores (functionality_level_id, impact_criterion_id, score)
  values ('04252f53-6635-5a40-9bff-e61c82690f4e', (select id from public.sri_impact_criteria where methodology_version_id=v_mid and code='energy_efficiency'), 0) on conflict (functionality_level_id, impact_criterion_id) do nothing;
  insert into public.sri_functionality_level_impact_scores (functionality_level_id, impact_criterion_id, score)
  values ('04252f53-6635-5a40-9bff-e61c82690f4e', (select id from public.sri_impact_criteria where methodology_version_id=v_mid and code='energy_flexibility_and_storage'), 0) on conflict (functionality_level_id, impact_criterion_id) do nothing;
  insert into public.sri_functionality_level_impact_scores (functionality_level_id, impact_criterion_id, score)
  values ('04252f53-6635-5a40-9bff-e61c82690f4e', (select id from public.sri_impact_criteria where methodology_version_id=v_mid and code='comfort'), 0) on conflict (functionality_level_id, impact_criterion_id) do nothing;
  insert into public.sri_functionality_level_impact_scores (functionality_level_id, impact_criterion_id, score)
  values ('04252f53-6635-5a40-9bff-e61c82690f4e', (select id from public.sri_impact_criteria where methodology_version_id=v_mid and code='convenience'), 0) on conflict (functionality_level_id, impact_criterion_id) do nothing;
  insert into public.sri_functionality_level_impact_scores (functionality_level_id, impact_criterion_id, score)
  values ('04252f53-6635-5a40-9bff-e61c82690f4e', (select id from public.sri_impact_criteria where methodology_version_id=v_mid and code='health_wellbeing_accessibility'), 0) on conflict (functionality_level_id, impact_criterion_id) do nothing;
  insert into public.sri_functionality_level_impact_scores (functionality_level_id, impact_criterion_id, score)
  values ('04252f53-6635-5a40-9bff-e61c82690f4e', (select id from public.sri_impact_criteria where methodology_version_id=v_mid and code='maintenance_and_fault_prediction'), 0) on conflict (functionality_level_id, impact_criterion_id) do nothing;
  insert into public.sri_functionality_level_impact_scores (functionality_level_id, impact_criterion_id, score)
  values ('04252f53-6635-5a40-9bff-e61c82690f4e', (select id from public.sri_impact_criteria where methodology_version_id=v_mid and code='information_to_occupants'), 0) on conflict (functionality_level_id, impact_criterion_id) do nothing;
  insert into public.sri_functionality_level_impact_scores (functionality_level_id, impact_criterion_id, score)
  values ('e2109fd2-48bb-5b36-9968-79041754846e', (select id from public.sri_impact_criteria where methodology_version_id=v_mid and code='energy_efficiency'), 1) on conflict (functionality_level_id, impact_criterion_id) do nothing;
  insert into public.sri_functionality_level_impact_scores (functionality_level_id, impact_criterion_id, score)
  values ('e2109fd2-48bb-5b36-9968-79041754846e', (select id from public.sri_impact_criteria where methodology_version_id=v_mid and code='energy_flexibility_and_storage'), 0) on conflict (functionality_level_id, impact_criterion_id) do nothing;
  insert into public.sri_functionality_level_impact_scores (functionality_level_id, impact_criterion_id, score)
  values ('e2109fd2-48bb-5b36-9968-79041754846e', (select id from public.sri_impact_criteria where methodology_version_id=v_mid and code='comfort'), 1) on conflict (functionality_level_id, impact_criterion_id) do nothing;
  insert into public.sri_functionality_level_impact_scores (functionality_level_id, impact_criterion_id, score)
  values ('e2109fd2-48bb-5b36-9968-79041754846e', (select id from public.sri_impact_criteria where methodology_version_id=v_mid and code='convenience'), 1) on conflict (functionality_level_id, impact_criterion_id) do nothing;
  insert into public.sri_functionality_level_impact_scores (functionality_level_id, impact_criterion_id, score)
  values ('e2109fd2-48bb-5b36-9968-79041754846e', (select id from public.sri_impact_criteria where methodology_version_id=v_mid and code='health_wellbeing_accessibility'), 0) on conflict (functionality_level_id, impact_criterion_id) do nothing;
  insert into public.sri_functionality_level_impact_scores (functionality_level_id, impact_criterion_id, score)
  values ('e2109fd2-48bb-5b36-9968-79041754846e', (select id from public.sri_impact_criteria where methodology_version_id=v_mid and code='maintenance_and_fault_prediction'), 0) on conflict (functionality_level_id, impact_criterion_id) do nothing;
  insert into public.sri_functionality_level_impact_scores (functionality_level_id, impact_criterion_id, score)
  values ('e2109fd2-48bb-5b36-9968-79041754846e', (select id from public.sri_impact_criteria where methodology_version_id=v_mid and code='information_to_occupants'), 0) on conflict (functionality_level_id, impact_criterion_id) do nothing;
  insert into public.sri_functionality_level_impact_scores (functionality_level_id, impact_criterion_id, score)
  values ('823a065b-32bc-5af6-afcd-8e6a121367c8', (select id from public.sri_impact_criteria where methodology_version_id=v_mid and code='energy_efficiency'), 2) on conflict (functionality_level_id, impact_criterion_id) do nothing;
  insert into public.sri_functionality_level_impact_scores (functionality_level_id, impact_criterion_id, score)
  values ('823a065b-32bc-5af6-afcd-8e6a121367c8', (select id from public.sri_impact_criteria where methodology_version_id=v_mid and code='energy_flexibility_and_storage'), 0) on conflict (functionality_level_id, impact_criterion_id) do nothing;
  insert into public.sri_functionality_level_impact_scores (functionality_level_id, impact_criterion_id, score)
  values ('823a065b-32bc-5af6-afcd-8e6a121367c8', (select id from public.sri_impact_criteria where methodology_version_id=v_mid and code='comfort'), 1) on conflict (functionality_level_id, impact_criterion_id) do nothing;
  insert into public.sri_functionality_level_impact_scores (functionality_level_id, impact_criterion_id, score)
  values ('823a065b-32bc-5af6-afcd-8e6a121367c8', (select id from public.sri_impact_criteria where methodology_version_id=v_mid and code='convenience'), 1) on conflict (functionality_level_id, impact_criterion_id) do nothing;
  insert into public.sri_functionality_level_impact_scores (functionality_level_id, impact_criterion_id, score)
  values ('823a065b-32bc-5af6-afcd-8e6a121367c8', (select id from public.sri_impact_criteria where methodology_version_id=v_mid and code='health_wellbeing_accessibility'), 1) on conflict (functionality_level_id, impact_criterion_id) do nothing;
  insert into public.sri_functionality_level_impact_scores (functionality_level_id, impact_criterion_id, score)
  values ('823a065b-32bc-5af6-afcd-8e6a121367c8', (select id from public.sri_impact_criteria where methodology_version_id=v_mid and code='maintenance_and_fault_prediction'), 0) on conflict (functionality_level_id, impact_criterion_id) do nothing;
  insert into public.sri_functionality_level_impact_scores (functionality_level_id, impact_criterion_id, score)
  values ('823a065b-32bc-5af6-afcd-8e6a121367c8', (select id from public.sri_impact_criteria where methodology_version_id=v_mid and code='information_to_occupants'), 0) on conflict (functionality_level_id, impact_criterion_id) do nothing;
  insert into public.sri_functionality_level_impact_scores (functionality_level_id, impact_criterion_id, score)
  values ('4126adff-534c-505d-a575-431914e3efe0', (select id from public.sri_impact_criteria where methodology_version_id=v_mid and code='energy_efficiency'), 3) on conflict (functionality_level_id, impact_criterion_id) do nothing;
  insert into public.sri_functionality_level_impact_scores (functionality_level_id, impact_criterion_id, score)
  values ('4126adff-534c-505d-a575-431914e3efe0', (select id from public.sri_impact_criteria where methodology_version_id=v_mid and code='energy_flexibility_and_storage'), 0) on conflict (functionality_level_id, impact_criterion_id) do nothing;
  insert into public.sri_functionality_level_impact_scores (functionality_level_id, impact_criterion_id, score)
  values ('4126adff-534c-505d-a575-431914e3efe0', (select id from public.sri_impact_criteria where methodology_version_id=v_mid and code='comfort'), 2) on conflict (functionality_level_id, impact_criterion_id) do nothing;
  insert into public.sri_functionality_level_impact_scores (functionality_level_id, impact_criterion_id, score)
  values ('4126adff-534c-505d-a575-431914e3efe0', (select id from public.sri_impact_criteria where methodology_version_id=v_mid and code='convenience'), 2) on conflict (functionality_level_id, impact_criterion_id) do nothing;
  insert into public.sri_functionality_level_impact_scores (functionality_level_id, impact_criterion_id, score)
  values ('4126adff-534c-505d-a575-431914e3efe0', (select id from public.sri_impact_criteria where methodology_version_id=v_mid and code='health_wellbeing_accessibility'), 2) on conflict (functionality_level_id, impact_criterion_id) do nothing;
  insert into public.sri_functionality_level_impact_scores (functionality_level_id, impact_criterion_id, score)
  values ('4126adff-534c-505d-a575-431914e3efe0', (select id from public.sri_impact_criteria where methodology_version_id=v_mid and code='maintenance_and_fault_prediction'), 0) on conflict (functionality_level_id, impact_criterion_id) do nothing;
  insert into public.sri_functionality_level_impact_scores (functionality_level_id, impact_criterion_id, score)
  values ('4126adff-534c-505d-a575-431914e3efe0', (select id from public.sri_impact_criteria where methodology_version_id=v_mid and code='information_to_occupants'), 0) on conflict (functionality_level_id, impact_criterion_id) do nothing;
  insert into public.sri_functionality_level_impact_scores (functionality_level_id, impact_criterion_id, score)
  values ('4845bdde-03c2-5902-9662-837747fe969f', (select id from public.sri_impact_criteria where methodology_version_id=v_mid and code='energy_efficiency'), 3) on conflict (functionality_level_id, impact_criterion_id) do nothing;
  insert into public.sri_functionality_level_impact_scores (functionality_level_id, impact_criterion_id, score)
  values ('4845bdde-03c2-5902-9662-837747fe969f', (select id from public.sri_impact_criteria where methodology_version_id=v_mid and code='energy_flexibility_and_storage'), 0) on conflict (functionality_level_id, impact_criterion_id) do nothing;
  insert into public.sri_functionality_level_impact_scores (functionality_level_id, impact_criterion_id, score)
  values ('4845bdde-03c2-5902-9662-837747fe969f', (select id from public.sri_impact_criteria where methodology_version_id=v_mid and code='comfort'), 3) on conflict (functionality_level_id, impact_criterion_id) do nothing;
  insert into public.sri_functionality_level_impact_scores (functionality_level_id, impact_criterion_id, score)
  values ('4845bdde-03c2-5902-9662-837747fe969f', (select id from public.sri_impact_criteria where methodology_version_id=v_mid and code='convenience'), 3) on conflict (functionality_level_id, impact_criterion_id) do nothing;
  insert into public.sri_functionality_level_impact_scores (functionality_level_id, impact_criterion_id, score)
  values ('4845bdde-03c2-5902-9662-837747fe969f', (select id from public.sri_impact_criteria where methodology_version_id=v_mid and code='health_wellbeing_accessibility'), 3) on conflict (functionality_level_id, impact_criterion_id) do nothing;
  insert into public.sri_functionality_level_impact_scores (functionality_level_id, impact_criterion_id, score)
  values ('4845bdde-03c2-5902-9662-837747fe969f', (select id from public.sri_impact_criteria where methodology_version_id=v_mid and code='maintenance_and_fault_prediction'), 0) on conflict (functionality_level_id, impact_criterion_id) do nothing;
  insert into public.sri_functionality_level_impact_scores (functionality_level_id, impact_criterion_id, score)
  values ('4845bdde-03c2-5902-9662-837747fe969f', (select id from public.sri_impact_criteria where methodology_version_id=v_mid and code='information_to_occupants'), 0) on conflict (functionality_level_id, impact_criterion_id) do nothing;

  insert into public.sri_services (id, catalogue_id, domain_id, official_code, internal_code, sort_order, official_name, service_group, purpose, when_applicable, typical_devices, preconditions, fl_max, included_in_method_a, included_in_method_b, triage_affects_max, applicability_mode, mutual_exclusion_group, standards_basis, provenance)
  values ('982e0ec7-89bd-556e-9ddd-e245e5e9de58', v_cat, (select id from public.sri_technical_domains where methodology_version_id=v_mid and code='dynamic_building_envelope'), 'DE-1', 'E-01', 34, '{"en": "Window solar shading control", "pl": "Sterowanie osłonami przeciwsłonecznymi"}'::jsonb, 'Window control', '{"en": "Automate blinds/shading for solar gain and glare control."}'::jsonb, '{"en": "When movable shading devices are present."}'::jsonb, '{"Motorized blinds","Facade actuators","BMS"}', 'Only applicable in case movable shades, screens or blinds are present', 4, true, true, false, 'smart_ready', null, '{"DG ENER Technical Study 2020"}', 'VERIFIED_ANNEX_D')
  on conflict (catalogue_id, official_code) do nothing;
  insert into public.sri_functionality_levels (id, service_id, level_number, official_description)
  values ('ef5368c3-0388-5a58-8abe-58522d79b761', '982e0ec7-89bd-556e-9ddd-e245e5e9de58', 0, '{"en": "No sun shading or only manual operation"}'::jsonb) on conflict (service_id, level_number) do nothing;
  insert into public.sri_functionality_levels (id, service_id, level_number, official_description)
  values ('2cf32b87-cd86-56e1-b52d-a78c5eecdc49', '982e0ec7-89bd-556e-9ddd-e245e5e9de58', 1, '{"en": "Motorized operation with manual control"}'::jsonb) on conflict (service_id, level_number) do nothing;
  insert into public.sri_functionality_levels (id, service_id, level_number, official_description)
  values ('2c92f798-10f1-51da-ac12-fd3bc4b3d9b8', '982e0ec7-89bd-556e-9ddd-e245e5e9de58', 2, '{"en": "Motorized operation with automatic control based on sensor data"}'::jsonb) on conflict (service_id, level_number) do nothing;
  insert into public.sri_functionality_levels (id, service_id, level_number, official_description)
  values ('94085543-78db-5270-ba08-28addd7264a7', '982e0ec7-89bd-556e-9ddd-e245e5e9de58', 3, '{"en": "Combined light/blind/HVAC control"}'::jsonb) on conflict (service_id, level_number) do nothing;
  insert into public.sri_functionality_levels (id, service_id, level_number, official_description)
  values ('8f6ebeb6-156b-51e9-9242-d3e2916ed124', '982e0ec7-89bd-556e-9ddd-e245e5e9de58', 4, '{"en": "Predictive blind control (e.g. based on weather forecast)"}'::jsonb) on conflict (service_id, level_number) do nothing;
  insert into public.sri_functionality_level_impact_scores (functionality_level_id, impact_criterion_id, score)
  values ('ef5368c3-0388-5a58-8abe-58522d79b761', (select id from public.sri_impact_criteria where methodology_version_id=v_mid and code='energy_efficiency'), 0) on conflict (functionality_level_id, impact_criterion_id) do nothing;
  insert into public.sri_functionality_level_impact_scores (functionality_level_id, impact_criterion_id, score)
  values ('ef5368c3-0388-5a58-8abe-58522d79b761', (select id from public.sri_impact_criteria where methodology_version_id=v_mid and code='energy_flexibility_and_storage'), 0) on conflict (functionality_level_id, impact_criterion_id) do nothing;
  insert into public.sri_functionality_level_impact_scores (functionality_level_id, impact_criterion_id, score)
  values ('ef5368c3-0388-5a58-8abe-58522d79b761', (select id from public.sri_impact_criteria where methodology_version_id=v_mid and code='comfort'), 0) on conflict (functionality_level_id, impact_criterion_id) do nothing;
  insert into public.sri_functionality_level_impact_scores (functionality_level_id, impact_criterion_id, score)
  values ('ef5368c3-0388-5a58-8abe-58522d79b761', (select id from public.sri_impact_criteria where methodology_version_id=v_mid and code='convenience'), 0) on conflict (functionality_level_id, impact_criterion_id) do nothing;
  insert into public.sri_functionality_level_impact_scores (functionality_level_id, impact_criterion_id, score)
  values ('ef5368c3-0388-5a58-8abe-58522d79b761', (select id from public.sri_impact_criteria where methodology_version_id=v_mid and code='health_wellbeing_accessibility'), 0) on conflict (functionality_level_id, impact_criterion_id) do nothing;
  insert into public.sri_functionality_level_impact_scores (functionality_level_id, impact_criterion_id, score)
  values ('ef5368c3-0388-5a58-8abe-58522d79b761', (select id from public.sri_impact_criteria where methodology_version_id=v_mid and code='maintenance_and_fault_prediction'), 0) on conflict (functionality_level_id, impact_criterion_id) do nothing;
  insert into public.sri_functionality_level_impact_scores (functionality_level_id, impact_criterion_id, score)
  values ('ef5368c3-0388-5a58-8abe-58522d79b761', (select id from public.sri_impact_criteria where methodology_version_id=v_mid and code='information_to_occupants'), 0) on conflict (functionality_level_id, impact_criterion_id) do nothing;
  insert into public.sri_functionality_level_impact_scores (functionality_level_id, impact_criterion_id, score)
  values ('2cf32b87-cd86-56e1-b52d-a78c5eecdc49', (select id from public.sri_impact_criteria where methodology_version_id=v_mid and code='energy_efficiency'), 1) on conflict (functionality_level_id, impact_criterion_id) do nothing;
  insert into public.sri_functionality_level_impact_scores (functionality_level_id, impact_criterion_id, score)
  values ('2cf32b87-cd86-56e1-b52d-a78c5eecdc49', (select id from public.sri_impact_criteria where methodology_version_id=v_mid and code='energy_flexibility_and_storage'), 0) on conflict (functionality_level_id, impact_criterion_id) do nothing;
  insert into public.sri_functionality_level_impact_scores (functionality_level_id, impact_criterion_id, score)
  values ('2cf32b87-cd86-56e1-b52d-a78c5eecdc49', (select id from public.sri_impact_criteria where methodology_version_id=v_mid and code='comfort'), 1) on conflict (functionality_level_id, impact_criterion_id) do nothing;
  insert into public.sri_functionality_level_impact_scores (functionality_level_id, impact_criterion_id, score)
  values ('2cf32b87-cd86-56e1-b52d-a78c5eecdc49', (select id from public.sri_impact_criteria where methodology_version_id=v_mid and code='convenience'), 1) on conflict (functionality_level_id, impact_criterion_id) do nothing;
  insert into public.sri_functionality_level_impact_scores (functionality_level_id, impact_criterion_id, score)
  values ('2cf32b87-cd86-56e1-b52d-a78c5eecdc49', (select id from public.sri_impact_criteria where methodology_version_id=v_mid and code='health_wellbeing_accessibility'), 0) on conflict (functionality_level_id, impact_criterion_id) do nothing;
  insert into public.sri_functionality_level_impact_scores (functionality_level_id, impact_criterion_id, score)
  values ('2cf32b87-cd86-56e1-b52d-a78c5eecdc49', (select id from public.sri_impact_criteria where methodology_version_id=v_mid and code='maintenance_and_fault_prediction'), 0) on conflict (functionality_level_id, impact_criterion_id) do nothing;
  insert into public.sri_functionality_level_impact_scores (functionality_level_id, impact_criterion_id, score)
  values ('2cf32b87-cd86-56e1-b52d-a78c5eecdc49', (select id from public.sri_impact_criteria where methodology_version_id=v_mid and code='information_to_occupants'), 0) on conflict (functionality_level_id, impact_criterion_id) do nothing;
  insert into public.sri_functionality_level_impact_scores (functionality_level_id, impact_criterion_id, score)
  values ('2c92f798-10f1-51da-ac12-fd3bc4b3d9b8', (select id from public.sri_impact_criteria where methodology_version_id=v_mid and code='energy_efficiency'), 2) on conflict (functionality_level_id, impact_criterion_id) do nothing;
  insert into public.sri_functionality_level_impact_scores (functionality_level_id, impact_criterion_id, score)
  values ('2c92f798-10f1-51da-ac12-fd3bc4b3d9b8', (select id from public.sri_impact_criteria where methodology_version_id=v_mid and code='energy_flexibility_and_storage'), 0) on conflict (functionality_level_id, impact_criterion_id) do nothing;
  insert into public.sri_functionality_level_impact_scores (functionality_level_id, impact_criterion_id, score)
  values ('2c92f798-10f1-51da-ac12-fd3bc4b3d9b8', (select id from public.sri_impact_criteria where methodology_version_id=v_mid and code='comfort'), 1) on conflict (functionality_level_id, impact_criterion_id) do nothing;
  insert into public.sri_functionality_level_impact_scores (functionality_level_id, impact_criterion_id, score)
  values ('2c92f798-10f1-51da-ac12-fd3bc4b3d9b8', (select id from public.sri_impact_criteria where methodology_version_id=v_mid and code='convenience'), 2) on conflict (functionality_level_id, impact_criterion_id) do nothing;
  insert into public.sri_functionality_level_impact_scores (functionality_level_id, impact_criterion_id, score)
  values ('2c92f798-10f1-51da-ac12-fd3bc4b3d9b8', (select id from public.sri_impact_criteria where methodology_version_id=v_mid and code='health_wellbeing_accessibility'), 1) on conflict (functionality_level_id, impact_criterion_id) do nothing;
  insert into public.sri_functionality_level_impact_scores (functionality_level_id, impact_criterion_id, score)
  values ('2c92f798-10f1-51da-ac12-fd3bc4b3d9b8', (select id from public.sri_impact_criteria where methodology_version_id=v_mid and code='maintenance_and_fault_prediction'), 0) on conflict (functionality_level_id, impact_criterion_id) do nothing;
  insert into public.sri_functionality_level_impact_scores (functionality_level_id, impact_criterion_id, score)
  values ('2c92f798-10f1-51da-ac12-fd3bc4b3d9b8', (select id from public.sri_impact_criteria where methodology_version_id=v_mid and code='information_to_occupants'), 0) on conflict (functionality_level_id, impact_criterion_id) do nothing;
  insert into public.sri_functionality_level_impact_scores (functionality_level_id, impact_criterion_id, score)
  values ('94085543-78db-5270-ba08-28addd7264a7', (select id from public.sri_impact_criteria where methodology_version_id=v_mid and code='energy_efficiency'), 3) on conflict (functionality_level_id, impact_criterion_id) do nothing;
  insert into public.sri_functionality_level_impact_scores (functionality_level_id, impact_criterion_id, score)
  values ('94085543-78db-5270-ba08-28addd7264a7', (select id from public.sri_impact_criteria where methodology_version_id=v_mid and code='energy_flexibility_and_storage'), 0) on conflict (functionality_level_id, impact_criterion_id) do nothing;
  insert into public.sri_functionality_level_impact_scores (functionality_level_id, impact_criterion_id, score)
  values ('94085543-78db-5270-ba08-28addd7264a7', (select id from public.sri_impact_criteria where methodology_version_id=v_mid and code='comfort'), 2) on conflict (functionality_level_id, impact_criterion_id) do nothing;
  insert into public.sri_functionality_level_impact_scores (functionality_level_id, impact_criterion_id, score)
  values ('94085543-78db-5270-ba08-28addd7264a7', (select id from public.sri_impact_criteria where methodology_version_id=v_mid and code='convenience'), 3) on conflict (functionality_level_id, impact_criterion_id) do nothing;
  insert into public.sri_functionality_level_impact_scores (functionality_level_id, impact_criterion_id, score)
  values ('94085543-78db-5270-ba08-28addd7264a7', (select id from public.sri_impact_criteria where methodology_version_id=v_mid and code='health_wellbeing_accessibility'), 2) on conflict (functionality_level_id, impact_criterion_id) do nothing;
  insert into public.sri_functionality_level_impact_scores (functionality_level_id, impact_criterion_id, score)
  values ('94085543-78db-5270-ba08-28addd7264a7', (select id from public.sri_impact_criteria where methodology_version_id=v_mid and code='maintenance_and_fault_prediction'), 0) on conflict (functionality_level_id, impact_criterion_id) do nothing;
  insert into public.sri_functionality_level_impact_scores (functionality_level_id, impact_criterion_id, score)
  values ('94085543-78db-5270-ba08-28addd7264a7', (select id from public.sri_impact_criteria where methodology_version_id=v_mid and code='information_to_occupants'), 0) on conflict (functionality_level_id, impact_criterion_id) do nothing;
  insert into public.sri_functionality_level_impact_scores (functionality_level_id, impact_criterion_id, score)
  values ('8f6ebeb6-156b-51e9-9242-d3e2916ed124', (select id from public.sri_impact_criteria where methodology_version_id=v_mid and code='energy_efficiency'), 3) on conflict (functionality_level_id, impact_criterion_id) do nothing;
  insert into public.sri_functionality_level_impact_scores (functionality_level_id, impact_criterion_id, score)
  values ('8f6ebeb6-156b-51e9-9242-d3e2916ed124', (select id from public.sri_impact_criteria where methodology_version_id=v_mid and code='energy_flexibility_and_storage'), 0) on conflict (functionality_level_id, impact_criterion_id) do nothing;
  insert into public.sri_functionality_level_impact_scores (functionality_level_id, impact_criterion_id, score)
  values ('8f6ebeb6-156b-51e9-9242-d3e2916ed124', (select id from public.sri_impact_criteria where methodology_version_id=v_mid and code='comfort'), 3) on conflict (functionality_level_id, impact_criterion_id) do nothing;
  insert into public.sri_functionality_level_impact_scores (functionality_level_id, impact_criterion_id, score)
  values ('8f6ebeb6-156b-51e9-9242-d3e2916ed124', (select id from public.sri_impact_criteria where methodology_version_id=v_mid and code='convenience'), 3) on conflict (functionality_level_id, impact_criterion_id) do nothing;
  insert into public.sri_functionality_level_impact_scores (functionality_level_id, impact_criterion_id, score)
  values ('8f6ebeb6-156b-51e9-9242-d3e2916ed124', (select id from public.sri_impact_criteria where methodology_version_id=v_mid and code='health_wellbeing_accessibility'), 3) on conflict (functionality_level_id, impact_criterion_id) do nothing;
  insert into public.sri_functionality_level_impact_scores (functionality_level_id, impact_criterion_id, score)
  values ('8f6ebeb6-156b-51e9-9242-d3e2916ed124', (select id from public.sri_impact_criteria where methodology_version_id=v_mid and code='maintenance_and_fault_prediction'), 0) on conflict (functionality_level_id, impact_criterion_id) do nothing;
  insert into public.sri_functionality_level_impact_scores (functionality_level_id, impact_criterion_id, score)
  values ('8f6ebeb6-156b-51e9-9242-d3e2916ed124', (select id from public.sri_impact_criteria where methodology_version_id=v_mid and code='information_to_occupants'), 0) on conflict (functionality_level_id, impact_criterion_id) do nothing;

  insert into public.sri_services (id, catalogue_id, domain_id, official_code, internal_code, sort_order, official_name, service_group, purpose, when_applicable, typical_devices, preconditions, fl_max, included_in_method_a, included_in_method_b, triage_affects_max, applicability_mode, mutual_exclusion_group, standards_basis, provenance)
  values ('52916eb0-65e0-5875-9d00-c71af451072f', v_cat, (select id from public.sri_technical_domains where methodology_version_id=v_mid and code='dynamic_building_envelope'), 'DE-2', 'E-02', 35, '{"en": "Window open/closed control, combined with HVAC system", "pl": "Sterowanie otwieraniem okien z integracją HVAC"}'::jsonb, 'Window control', '{"en": "Coordinate natural ventilation windows with HVAC interlocks."}'::jsonb, '{"en": "When automated windows or vents exist."}'::jsonb, '{"Motorized windows","BMS interlocks"}', '0', 3, false, true, true, 'smart_ready', null, '{"DG ENER Technical Study 2020"}', 'VERIFIED_ANNEX_D')
  on conflict (catalogue_id, official_code) do nothing;
  insert into public.sri_functionality_levels (id, service_id, level_number, official_description)
  values ('e426b98f-0b9b-51b4-9cf4-bd086384fd04', '52916eb0-65e0-5875-9d00-c71af451072f', 0, '{"en": "Manual operation or only fixed windows"}'::jsonb) on conflict (service_id, level_number) do nothing;
  insert into public.sri_functionality_levels (id, service_id, level_number, official_description)
  values ('ba07155b-d2d3-5dac-bf0c-0d331ae68fd3', '52916eb0-65e0-5875-9d00-c71af451072f', 1, '{"en": "Open/closed detection to shut down heating or cooling systems"}'::jsonb) on conflict (service_id, level_number) do nothing;
  insert into public.sri_functionality_levels (id, service_id, level_number, official_description)
  values ('ca02de01-0b3d-5486-9f45-14318c2cb4a5', '52916eb0-65e0-5875-9d00-c71af451072f', 2, '{"en": "Level 1 + Automised mechanical window opening based on room sensor data"}'::jsonb) on conflict (service_id, level_number) do nothing;
  insert into public.sri_functionality_levels (id, service_id, level_number, official_description)
  values ('4385bc94-d70e-573d-a339-5de62f58b143', '52916eb0-65e0-5875-9d00-c71af451072f', 3, '{"en": "Level 2 + Centralized coordination of operable windows, e.g. to control free natural night cooling"}'::jsonb) on conflict (service_id, level_number) do nothing;
  insert into public.sri_functionality_level_impact_scores (functionality_level_id, impact_criterion_id, score)
  values ('e426b98f-0b9b-51b4-9cf4-bd086384fd04', (select id from public.sri_impact_criteria where methodology_version_id=v_mid and code='energy_efficiency'), 0) on conflict (functionality_level_id, impact_criterion_id) do nothing;
  insert into public.sri_functionality_level_impact_scores (functionality_level_id, impact_criterion_id, score)
  values ('e426b98f-0b9b-51b4-9cf4-bd086384fd04', (select id from public.sri_impact_criteria where methodology_version_id=v_mid and code='energy_flexibility_and_storage'), 0) on conflict (functionality_level_id, impact_criterion_id) do nothing;
  insert into public.sri_functionality_level_impact_scores (functionality_level_id, impact_criterion_id, score)
  values ('e426b98f-0b9b-51b4-9cf4-bd086384fd04', (select id from public.sri_impact_criteria where methodology_version_id=v_mid and code='comfort'), 0) on conflict (functionality_level_id, impact_criterion_id) do nothing;
  insert into public.sri_functionality_level_impact_scores (functionality_level_id, impact_criterion_id, score)
  values ('e426b98f-0b9b-51b4-9cf4-bd086384fd04', (select id from public.sri_impact_criteria where methodology_version_id=v_mid and code='convenience'), 0) on conflict (functionality_level_id, impact_criterion_id) do nothing;
  insert into public.sri_functionality_level_impact_scores (functionality_level_id, impact_criterion_id, score)
  values ('e426b98f-0b9b-51b4-9cf4-bd086384fd04', (select id from public.sri_impact_criteria where methodology_version_id=v_mid and code='health_wellbeing_accessibility'), 0) on conflict (functionality_level_id, impact_criterion_id) do nothing;
  insert into public.sri_functionality_level_impact_scores (functionality_level_id, impact_criterion_id, score)
  values ('e426b98f-0b9b-51b4-9cf4-bd086384fd04', (select id from public.sri_impact_criteria where methodology_version_id=v_mid and code='maintenance_and_fault_prediction'), 0) on conflict (functionality_level_id, impact_criterion_id) do nothing;
  insert into public.sri_functionality_level_impact_scores (functionality_level_id, impact_criterion_id, score)
  values ('e426b98f-0b9b-51b4-9cf4-bd086384fd04', (select id from public.sri_impact_criteria where methodology_version_id=v_mid and code='information_to_occupants'), 0) on conflict (functionality_level_id, impact_criterion_id) do nothing;
  insert into public.sri_functionality_level_impact_scores (functionality_level_id, impact_criterion_id, score)
  values ('ba07155b-d2d3-5dac-bf0c-0d331ae68fd3', (select id from public.sri_impact_criteria where methodology_version_id=v_mid and code='energy_efficiency'), 2) on conflict (functionality_level_id, impact_criterion_id) do nothing;
  insert into public.sri_functionality_level_impact_scores (functionality_level_id, impact_criterion_id, score)
  values ('ba07155b-d2d3-5dac-bf0c-0d331ae68fd3', (select id from public.sri_impact_criteria where methodology_version_id=v_mid and code='energy_flexibility_and_storage'), 0) on conflict (functionality_level_id, impact_criterion_id) do nothing;
  insert into public.sri_functionality_level_impact_scores (functionality_level_id, impact_criterion_id, score)
  values ('ba07155b-d2d3-5dac-bf0c-0d331ae68fd3', (select id from public.sri_impact_criteria where methodology_version_id=v_mid and code='comfort'), 1) on conflict (functionality_level_id, impact_criterion_id) do nothing;
  insert into public.sri_functionality_level_impact_scores (functionality_level_id, impact_criterion_id, score)
  values ('ba07155b-d2d3-5dac-bf0c-0d331ae68fd3', (select id from public.sri_impact_criteria where methodology_version_id=v_mid and code='convenience'), 1) on conflict (functionality_level_id, impact_criterion_id) do nothing;
  insert into public.sri_functionality_level_impact_scores (functionality_level_id, impact_criterion_id, score)
  values ('ba07155b-d2d3-5dac-bf0c-0d331ae68fd3', (select id from public.sri_impact_criteria where methodology_version_id=v_mid and code='health_wellbeing_accessibility'), 0) on conflict (functionality_level_id, impact_criterion_id) do nothing;
  insert into public.sri_functionality_level_impact_scores (functionality_level_id, impact_criterion_id, score)
  values ('ba07155b-d2d3-5dac-bf0c-0d331ae68fd3', (select id from public.sri_impact_criteria where methodology_version_id=v_mid and code='maintenance_and_fault_prediction'), 0) on conflict (functionality_level_id, impact_criterion_id) do nothing;
  insert into public.sri_functionality_level_impact_scores (functionality_level_id, impact_criterion_id, score)
  values ('ba07155b-d2d3-5dac-bf0c-0d331ae68fd3', (select id from public.sri_impact_criteria where methodology_version_id=v_mid and code='information_to_occupants'), 0) on conflict (functionality_level_id, impact_criterion_id) do nothing;
  insert into public.sri_functionality_level_impact_scores (functionality_level_id, impact_criterion_id, score)
  values ('ca02de01-0b3d-5486-9f45-14318c2cb4a5', (select id from public.sri_impact_criteria where methodology_version_id=v_mid and code='energy_efficiency'), 2) on conflict (functionality_level_id, impact_criterion_id) do nothing;
  insert into public.sri_functionality_level_impact_scores (functionality_level_id, impact_criterion_id, score)
  values ('ca02de01-0b3d-5486-9f45-14318c2cb4a5', (select id from public.sri_impact_criteria where methodology_version_id=v_mid and code='energy_flexibility_and_storage'), 0) on conflict (functionality_level_id, impact_criterion_id) do nothing;
  insert into public.sri_functionality_level_impact_scores (functionality_level_id, impact_criterion_id, score)
  values ('ca02de01-0b3d-5486-9f45-14318c2cb4a5', (select id from public.sri_impact_criteria where methodology_version_id=v_mid and code='comfort'), 2) on conflict (functionality_level_id, impact_criterion_id) do nothing;
  insert into public.sri_functionality_level_impact_scores (functionality_level_id, impact_criterion_id, score)
  values ('ca02de01-0b3d-5486-9f45-14318c2cb4a5', (select id from public.sri_impact_criteria where methodology_version_id=v_mid and code='convenience'), 1) on conflict (functionality_level_id, impact_criterion_id) do nothing;
  insert into public.sri_functionality_level_impact_scores (functionality_level_id, impact_criterion_id, score)
  values ('ca02de01-0b3d-5486-9f45-14318c2cb4a5', (select id from public.sri_impact_criteria where methodology_version_id=v_mid and code='health_wellbeing_accessibility'), 1) on conflict (functionality_level_id, impact_criterion_id) do nothing;
  insert into public.sri_functionality_level_impact_scores (functionality_level_id, impact_criterion_id, score)
  values ('ca02de01-0b3d-5486-9f45-14318c2cb4a5', (select id from public.sri_impact_criteria where methodology_version_id=v_mid and code='maintenance_and_fault_prediction'), 0) on conflict (functionality_level_id, impact_criterion_id) do nothing;
  insert into public.sri_functionality_level_impact_scores (functionality_level_id, impact_criterion_id, score)
  values ('ca02de01-0b3d-5486-9f45-14318c2cb4a5', (select id from public.sri_impact_criteria where methodology_version_id=v_mid and code='information_to_occupants'), 0) on conflict (functionality_level_id, impact_criterion_id) do nothing;
  insert into public.sri_functionality_level_impact_scores (functionality_level_id, impact_criterion_id, score)
  values ('4385bc94-d70e-573d-a339-5de62f58b143', (select id from public.sri_impact_criteria where methodology_version_id=v_mid and code='energy_efficiency'), 2) on conflict (functionality_level_id, impact_criterion_id) do nothing;
  insert into public.sri_functionality_level_impact_scores (functionality_level_id, impact_criterion_id, score)
  values ('4385bc94-d70e-573d-a339-5de62f58b143', (select id from public.sri_impact_criteria where methodology_version_id=v_mid and code='energy_flexibility_and_storage'), 0) on conflict (functionality_level_id, impact_criterion_id) do nothing;
  insert into public.sri_functionality_level_impact_scores (functionality_level_id, impact_criterion_id, score)
  values ('4385bc94-d70e-573d-a339-5de62f58b143', (select id from public.sri_impact_criteria where methodology_version_id=v_mid and code='comfort'), 2) on conflict (functionality_level_id, impact_criterion_id) do nothing;
  insert into public.sri_functionality_level_impact_scores (functionality_level_id, impact_criterion_id, score)
  values ('4385bc94-d70e-573d-a339-5de62f58b143', (select id from public.sri_impact_criteria where methodology_version_id=v_mid and code='convenience'), 2) on conflict (functionality_level_id, impact_criterion_id) do nothing;
  insert into public.sri_functionality_level_impact_scores (functionality_level_id, impact_criterion_id, score)
  values ('4385bc94-d70e-573d-a339-5de62f58b143', (select id from public.sri_impact_criteria where methodology_version_id=v_mid and code='health_wellbeing_accessibility'), 1) on conflict (functionality_level_id, impact_criterion_id) do nothing;
  insert into public.sri_functionality_level_impact_scores (functionality_level_id, impact_criterion_id, score)
  values ('4385bc94-d70e-573d-a339-5de62f58b143', (select id from public.sri_impact_criteria where methodology_version_id=v_mid and code='maintenance_and_fault_prediction'), 0) on conflict (functionality_level_id, impact_criterion_id) do nothing;
  insert into public.sri_functionality_level_impact_scores (functionality_level_id, impact_criterion_id, score)
  values ('4385bc94-d70e-573d-a339-5de62f58b143', (select id from public.sri_impact_criteria where methodology_version_id=v_mid and code='information_to_occupants'), 0) on conflict (functionality_level_id, impact_criterion_id) do nothing;

  insert into public.sri_services (id, catalogue_id, domain_id, official_code, internal_code, sort_order, official_name, service_group, purpose, when_applicable, typical_devices, preconditions, fl_max, included_in_method_a, included_in_method_b, triage_affects_max, applicability_mode, mutual_exclusion_group, standards_basis, provenance)
  values ('a85f608f-56d9-569f-9ae6-08763e0741aa', v_cat, (select id from public.sri_technical_domains where methodology_version_id=v_mid and code='dynamic_building_envelope'), 'DE-4', 'E-03', 36, '{"en": "Reporting information regarding performance of dynamic building envelope systems", "pl": "Raportowanie pracy dynamicznej powłoki budynku"}'::jsonb, 'Feedback - Reporting information', '{"en": "Inform users about shading/window operation and impact."}'::jsonb, '{"en": "When dynamic envelope elements exist."}'::jsonb, '{"BMS dashboards","Facade monitoring"}', 'Only applicable in case movable shades, screens or blinds are present', 4, true, true, false, 'smart_ready', null, '{"DG ENER Technical Study 2020"}', 'VERIFIED_ANNEX_D')
  on conflict (catalogue_id, official_code) do nothing;
  insert into public.sri_functionality_levels (id, service_id, level_number, official_description)
  values ('baa8dada-7535-5c93-b440-76161bc575f4', 'a85f608f-56d9-569f-9ae6-08763e0741aa', 0, '{"en": "No reporting"}'::jsonb) on conflict (service_id, level_number) do nothing;
  insert into public.sri_functionality_levels (id, service_id, level_number, official_description)
  values ('27335d93-1f83-5141-8eb4-18b71841d59e', 'a85f608f-56d9-569f-9ae6-08763e0741aa', 1, '{"en": "Position of each product & fault detection"}'::jsonb) on conflict (service_id, level_number) do nothing;
  insert into public.sri_functionality_levels (id, service_id, level_number, official_description)
  values ('e345407d-cef8-5bad-acb0-fb1a5dedb9aa', 'a85f608f-56d9-569f-9ae6-08763e0741aa', 2, '{"en": "Position of each product, fault detection & predictive maintenance"}'::jsonb) on conflict (service_id, level_number) do nothing;
  insert into public.sri_functionality_levels (id, service_id, level_number, official_description)
  values ('7a84d555-5b8d-5314-80fb-f2f4d1267592', 'a85f608f-56d9-569f-9ae6-08763e0741aa', 3, '{"en": "Position of each product, fault detection, predictive maintenance, real-time sensor data (wind, lux, temperature…)"}'::jsonb) on conflict (service_id, level_number) do nothing;
  insert into public.sri_functionality_levels (id, service_id, level_number, official_description)
  values ('17a07bf7-69df-5e21-a58e-7acd3f816f6e', 'a85f608f-56d9-569f-9ae6-08763e0741aa', 4, '{"en": "Position of each product, fault detection, predictive maintenance, real-time & historical sensor data (wind, lux, temperature…)"}'::jsonb) on conflict (service_id, level_number) do nothing;
  insert into public.sri_functionality_level_impact_scores (functionality_level_id, impact_criterion_id, score)
  values ('baa8dada-7535-5c93-b440-76161bc575f4', (select id from public.sri_impact_criteria where methodology_version_id=v_mid and code='energy_efficiency'), 0) on conflict (functionality_level_id, impact_criterion_id) do nothing;
  insert into public.sri_functionality_level_impact_scores (functionality_level_id, impact_criterion_id, score)
  values ('baa8dada-7535-5c93-b440-76161bc575f4', (select id from public.sri_impact_criteria where methodology_version_id=v_mid and code='energy_flexibility_and_storage'), 0) on conflict (functionality_level_id, impact_criterion_id) do nothing;
  insert into public.sri_functionality_level_impact_scores (functionality_level_id, impact_criterion_id, score)
  values ('baa8dada-7535-5c93-b440-76161bc575f4', (select id from public.sri_impact_criteria where methodology_version_id=v_mid and code='comfort'), 0) on conflict (functionality_level_id, impact_criterion_id) do nothing;
  insert into public.sri_functionality_level_impact_scores (functionality_level_id, impact_criterion_id, score)
  values ('baa8dada-7535-5c93-b440-76161bc575f4', (select id from public.sri_impact_criteria where methodology_version_id=v_mid and code='convenience'), 0) on conflict (functionality_level_id, impact_criterion_id) do nothing;
  insert into public.sri_functionality_level_impact_scores (functionality_level_id, impact_criterion_id, score)
  values ('baa8dada-7535-5c93-b440-76161bc575f4', (select id from public.sri_impact_criteria where methodology_version_id=v_mid and code='health_wellbeing_accessibility'), 0) on conflict (functionality_level_id, impact_criterion_id) do nothing;
  insert into public.sri_functionality_level_impact_scores (functionality_level_id, impact_criterion_id, score)
  values ('baa8dada-7535-5c93-b440-76161bc575f4', (select id from public.sri_impact_criteria where methodology_version_id=v_mid and code='maintenance_and_fault_prediction'), 0) on conflict (functionality_level_id, impact_criterion_id) do nothing;
  insert into public.sri_functionality_level_impact_scores (functionality_level_id, impact_criterion_id, score)
  values ('baa8dada-7535-5c93-b440-76161bc575f4', (select id from public.sri_impact_criteria where methodology_version_id=v_mid and code='information_to_occupants'), 0) on conflict (functionality_level_id, impact_criterion_id) do nothing;
  insert into public.sri_functionality_level_impact_scores (functionality_level_id, impact_criterion_id, score)
  values ('27335d93-1f83-5141-8eb4-18b71841d59e', (select id from public.sri_impact_criteria where methodology_version_id=v_mid and code='energy_efficiency'), 0) on conflict (functionality_level_id, impact_criterion_id) do nothing;
  insert into public.sri_functionality_level_impact_scores (functionality_level_id, impact_criterion_id, score)
  values ('27335d93-1f83-5141-8eb4-18b71841d59e', (select id from public.sri_impact_criteria where methodology_version_id=v_mid and code='energy_flexibility_and_storage'), 0) on conflict (functionality_level_id, impact_criterion_id) do nothing;
  insert into public.sri_functionality_level_impact_scores (functionality_level_id, impact_criterion_id, score)
  values ('27335d93-1f83-5141-8eb4-18b71841d59e', (select id from public.sri_impact_criteria where methodology_version_id=v_mid and code='comfort'), 0) on conflict (functionality_level_id, impact_criterion_id) do nothing;
  insert into public.sri_functionality_level_impact_scores (functionality_level_id, impact_criterion_id, score)
  values ('27335d93-1f83-5141-8eb4-18b71841d59e', (select id from public.sri_impact_criteria where methodology_version_id=v_mid and code='convenience'), 0) on conflict (functionality_level_id, impact_criterion_id) do nothing;
  insert into public.sri_functionality_level_impact_scores (functionality_level_id, impact_criterion_id, score)
  values ('27335d93-1f83-5141-8eb4-18b71841d59e', (select id from public.sri_impact_criteria where methodology_version_id=v_mid and code='health_wellbeing_accessibility'), 0) on conflict (functionality_level_id, impact_criterion_id) do nothing;
  insert into public.sri_functionality_level_impact_scores (functionality_level_id, impact_criterion_id, score)
  values ('27335d93-1f83-5141-8eb4-18b71841d59e', (select id from public.sri_impact_criteria where methodology_version_id=v_mid and code='maintenance_and_fault_prediction'), 1) on conflict (functionality_level_id, impact_criterion_id) do nothing;
  insert into public.sri_functionality_level_impact_scores (functionality_level_id, impact_criterion_id, score)
  values ('27335d93-1f83-5141-8eb4-18b71841d59e', (select id from public.sri_impact_criteria where methodology_version_id=v_mid and code='information_to_occupants'), 1) on conflict (functionality_level_id, impact_criterion_id) do nothing;
  insert into public.sri_functionality_level_impact_scores (functionality_level_id, impact_criterion_id, score)
  values ('e345407d-cef8-5bad-acb0-fb1a5dedb9aa', (select id from public.sri_impact_criteria where methodology_version_id=v_mid and code='energy_efficiency'), 0) on conflict (functionality_level_id, impact_criterion_id) do nothing;
  insert into public.sri_functionality_level_impact_scores (functionality_level_id, impact_criterion_id, score)
  values ('e345407d-cef8-5bad-acb0-fb1a5dedb9aa', (select id from public.sri_impact_criteria where methodology_version_id=v_mid and code='energy_flexibility_and_storage'), 0) on conflict (functionality_level_id, impact_criterion_id) do nothing;
  insert into public.sri_functionality_level_impact_scores (functionality_level_id, impact_criterion_id, score)
  values ('e345407d-cef8-5bad-acb0-fb1a5dedb9aa', (select id from public.sri_impact_criteria where methodology_version_id=v_mid and code='comfort'), 0) on conflict (functionality_level_id, impact_criterion_id) do nothing;
  insert into public.sri_functionality_level_impact_scores (functionality_level_id, impact_criterion_id, score)
  values ('e345407d-cef8-5bad-acb0-fb1a5dedb9aa', (select id from public.sri_impact_criteria where methodology_version_id=v_mid and code='convenience'), 0) on conflict (functionality_level_id, impact_criterion_id) do nothing;
  insert into public.sri_functionality_level_impact_scores (functionality_level_id, impact_criterion_id, score)
  values ('e345407d-cef8-5bad-acb0-fb1a5dedb9aa', (select id from public.sri_impact_criteria where methodology_version_id=v_mid and code='health_wellbeing_accessibility'), 0) on conflict (functionality_level_id, impact_criterion_id) do nothing;
  insert into public.sri_functionality_level_impact_scores (functionality_level_id, impact_criterion_id, score)
  values ('e345407d-cef8-5bad-acb0-fb1a5dedb9aa', (select id from public.sri_impact_criteria where methodology_version_id=v_mid and code='maintenance_and_fault_prediction'), 1) on conflict (functionality_level_id, impact_criterion_id) do nothing;
  insert into public.sri_functionality_level_impact_scores (functionality_level_id, impact_criterion_id, score)
  values ('e345407d-cef8-5bad-acb0-fb1a5dedb9aa', (select id from public.sri_impact_criteria where methodology_version_id=v_mid and code='information_to_occupants'), 2) on conflict (functionality_level_id, impact_criterion_id) do nothing;
  insert into public.sri_functionality_level_impact_scores (functionality_level_id, impact_criterion_id, score)
  values ('7a84d555-5b8d-5314-80fb-f2f4d1267592', (select id from public.sri_impact_criteria where methodology_version_id=v_mid and code='energy_efficiency'), 0) on conflict (functionality_level_id, impact_criterion_id) do nothing;
  insert into public.sri_functionality_level_impact_scores (functionality_level_id, impact_criterion_id, score)
  values ('7a84d555-5b8d-5314-80fb-f2f4d1267592', (select id from public.sri_impact_criteria where methodology_version_id=v_mid and code='energy_flexibility_and_storage'), 0) on conflict (functionality_level_id, impact_criterion_id) do nothing;
  insert into public.sri_functionality_level_impact_scores (functionality_level_id, impact_criterion_id, score)
  values ('7a84d555-5b8d-5314-80fb-f2f4d1267592', (select id from public.sri_impact_criteria where methodology_version_id=v_mid and code='comfort'), 0) on conflict (functionality_level_id, impact_criterion_id) do nothing;
  insert into public.sri_functionality_level_impact_scores (functionality_level_id, impact_criterion_id, score)
  values ('7a84d555-5b8d-5314-80fb-f2f4d1267592', (select id from public.sri_impact_criteria where methodology_version_id=v_mid and code='convenience'), 0) on conflict (functionality_level_id, impact_criterion_id) do nothing;
  insert into public.sri_functionality_level_impact_scores (functionality_level_id, impact_criterion_id, score)
  values ('7a84d555-5b8d-5314-80fb-f2f4d1267592', (select id from public.sri_impact_criteria where methodology_version_id=v_mid and code='health_wellbeing_accessibility'), 0) on conflict (functionality_level_id, impact_criterion_id) do nothing;
  insert into public.sri_functionality_level_impact_scores (functionality_level_id, impact_criterion_id, score)
  values ('7a84d555-5b8d-5314-80fb-f2f4d1267592', (select id from public.sri_impact_criteria where methodology_version_id=v_mid and code='maintenance_and_fault_prediction'), 1) on conflict (functionality_level_id, impact_criterion_id) do nothing;
  insert into public.sri_functionality_level_impact_scores (functionality_level_id, impact_criterion_id, score)
  values ('7a84d555-5b8d-5314-80fb-f2f4d1267592', (select id from public.sri_impact_criteria where methodology_version_id=v_mid and code='information_to_occupants'), 3) on conflict (functionality_level_id, impact_criterion_id) do nothing;
  insert into public.sri_functionality_level_impact_scores (functionality_level_id, impact_criterion_id, score)
  values ('17a07bf7-69df-5e21-a58e-7acd3f816f6e', (select id from public.sri_impact_criteria where methodology_version_id=v_mid and code='energy_efficiency'), 0) on conflict (functionality_level_id, impact_criterion_id) do nothing;
  insert into public.sri_functionality_level_impact_scores (functionality_level_id, impact_criterion_id, score)
  values ('17a07bf7-69df-5e21-a58e-7acd3f816f6e', (select id from public.sri_impact_criteria where methodology_version_id=v_mid and code='energy_flexibility_and_storage'), 0) on conflict (functionality_level_id, impact_criterion_id) do nothing;
  insert into public.sri_functionality_level_impact_scores (functionality_level_id, impact_criterion_id, score)
  values ('17a07bf7-69df-5e21-a58e-7acd3f816f6e', (select id from public.sri_impact_criteria where methodology_version_id=v_mid and code='comfort'), 0) on conflict (functionality_level_id, impact_criterion_id) do nothing;
  insert into public.sri_functionality_level_impact_scores (functionality_level_id, impact_criterion_id, score)
  values ('17a07bf7-69df-5e21-a58e-7acd3f816f6e', (select id from public.sri_impact_criteria where methodology_version_id=v_mid and code='convenience'), 1) on conflict (functionality_level_id, impact_criterion_id) do nothing;
  insert into public.sri_functionality_level_impact_scores (functionality_level_id, impact_criterion_id, score)
  values ('17a07bf7-69df-5e21-a58e-7acd3f816f6e', (select id from public.sri_impact_criteria where methodology_version_id=v_mid and code='health_wellbeing_accessibility'), 0) on conflict (functionality_level_id, impact_criterion_id) do nothing;
  insert into public.sri_functionality_level_impact_scores (functionality_level_id, impact_criterion_id, score)
  values ('17a07bf7-69df-5e21-a58e-7acd3f816f6e', (select id from public.sri_impact_criteria where methodology_version_id=v_mid and code='maintenance_and_fault_prediction'), 2) on conflict (functionality_level_id, impact_criterion_id) do nothing;
  insert into public.sri_functionality_level_impact_scores (functionality_level_id, impact_criterion_id, score)
  values ('17a07bf7-69df-5e21-a58e-7acd3f816f6e', (select id from public.sri_impact_criteria where methodology_version_id=v_mid and code='information_to_occupants'), 3) on conflict (functionality_level_id, impact_criterion_id) do nothing;

  insert into public.sri_services (id, catalogue_id, domain_id, official_code, internal_code, sort_order, official_name, service_group, purpose, when_applicable, typical_devices, preconditions, fl_max, included_in_method_a, included_in_method_b, triage_affects_max, applicability_mode, mutual_exclusion_group, standards_basis, provenance)
  values ('3a392f7f-7b41-5918-803b-a5b1484d5fe1', v_cat, (select id from public.sri_technical_domains where methodology_version_id=v_mid and code='electricity'), 'E-2', 'EL-01', 37, '{"en": "Reporting information regarding local electricity generation", "pl": "Raportowanie lokalnej generacji energii"}'::jsonb, 'Feedback - Reporting information', '{"en": "Report PV/other on-site generation to occupants/operators."}'::jsonb, '{"en": "When local generation is installed."}'::jsonb, '{"Inverter monitoring","Energy dashboards"}', 'Only applicable in case of local energy generation', 4, true, true, false, 'smart_ready', null, '{"IEC Smart Grid roadmap","DG ENER study"}', 'VERIFIED_ANNEX_D')
  on conflict (catalogue_id, official_code) do nothing;
  insert into public.sri_functionality_levels (id, service_id, level_number, official_description)
  values ('56d0641d-4f01-5246-9670-55279b0ef280', '3a392f7f-7b41-5918-803b-a5b1484d5fe1', 0, '{"en": "None"}'::jsonb) on conflict (service_id, level_number) do nothing;
  insert into public.sri_functionality_levels (id, service_id, level_number, official_description)
  values ('515bc880-0aab-5749-923a-9e668d4b0fc7', '3a392f7f-7b41-5918-803b-a5b1484d5fe1', 1, '{"en": "Current generation data available"}'::jsonb) on conflict (service_id, level_number) do nothing;
  insert into public.sri_functionality_levels (id, service_id, level_number, official_description)
  values ('0595368d-4999-555b-a2ec-3fc3d8045661', '3a392f7f-7b41-5918-803b-a5b1484d5fe1', 2, '{"en": "Actual values and historical data"}'::jsonb) on conflict (service_id, level_number) do nothing;
  insert into public.sri_functionality_levels (id, service_id, level_number, official_description)
  values ('ea8d8109-91f7-59fb-903a-d02a02710b2b', '3a392f7f-7b41-5918-803b-a5b1484d5fe1', 3, '{"en": "Performance evaluation including forecasting and/or benchmarking"}'::jsonb) on conflict (service_id, level_number) do nothing;
  insert into public.sri_functionality_levels (id, service_id, level_number, official_description)
  values ('3d7d4ca5-8b51-53cf-bc84-fd1738d8f0fa', '3a392f7f-7b41-5918-803b-a5b1484d5fe1', 4, '{"en": "Performance evaluation including forecasting and/or benchmarking; also including predictive management and fault detection"}'::jsonb) on conflict (service_id, level_number) do nothing;
  insert into public.sri_functionality_level_impact_scores (functionality_level_id, impact_criterion_id, score)
  values ('56d0641d-4f01-5246-9670-55279b0ef280', (select id from public.sri_impact_criteria where methodology_version_id=v_mid and code='energy_efficiency'), 0) on conflict (functionality_level_id, impact_criterion_id) do nothing;
  insert into public.sri_functionality_level_impact_scores (functionality_level_id, impact_criterion_id, score)
  values ('56d0641d-4f01-5246-9670-55279b0ef280', (select id from public.sri_impact_criteria where methodology_version_id=v_mid and code='energy_flexibility_and_storage'), 0) on conflict (functionality_level_id, impact_criterion_id) do nothing;
  insert into public.sri_functionality_level_impact_scores (functionality_level_id, impact_criterion_id, score)
  values ('56d0641d-4f01-5246-9670-55279b0ef280', (select id from public.sri_impact_criteria where methodology_version_id=v_mid and code='comfort'), 0) on conflict (functionality_level_id, impact_criterion_id) do nothing;
  insert into public.sri_functionality_level_impact_scores (functionality_level_id, impact_criterion_id, score)
  values ('56d0641d-4f01-5246-9670-55279b0ef280', (select id from public.sri_impact_criteria where methodology_version_id=v_mid and code='convenience'), 0) on conflict (functionality_level_id, impact_criterion_id) do nothing;
  insert into public.sri_functionality_level_impact_scores (functionality_level_id, impact_criterion_id, score)
  values ('56d0641d-4f01-5246-9670-55279b0ef280', (select id from public.sri_impact_criteria where methodology_version_id=v_mid and code='health_wellbeing_accessibility'), 0) on conflict (functionality_level_id, impact_criterion_id) do nothing;
  insert into public.sri_functionality_level_impact_scores (functionality_level_id, impact_criterion_id, score)
  values ('56d0641d-4f01-5246-9670-55279b0ef280', (select id from public.sri_impact_criteria where methodology_version_id=v_mid and code='maintenance_and_fault_prediction'), 0) on conflict (functionality_level_id, impact_criterion_id) do nothing;
  insert into public.sri_functionality_level_impact_scores (functionality_level_id, impact_criterion_id, score)
  values ('56d0641d-4f01-5246-9670-55279b0ef280', (select id from public.sri_impact_criteria where methodology_version_id=v_mid and code='information_to_occupants'), 0) on conflict (functionality_level_id, impact_criterion_id) do nothing;
  insert into public.sri_functionality_level_impact_scores (functionality_level_id, impact_criterion_id, score)
  values ('515bc880-0aab-5749-923a-9e668d4b0fc7', (select id from public.sri_impact_criteria where methodology_version_id=v_mid and code='energy_efficiency'), 1) on conflict (functionality_level_id, impact_criterion_id) do nothing;
  insert into public.sri_functionality_level_impact_scores (functionality_level_id, impact_criterion_id, score)
  values ('515bc880-0aab-5749-923a-9e668d4b0fc7', (select id from public.sri_impact_criteria where methodology_version_id=v_mid and code='energy_flexibility_and_storage'), 0) on conflict (functionality_level_id, impact_criterion_id) do nothing;
  insert into public.sri_functionality_level_impact_scores (functionality_level_id, impact_criterion_id, score)
  values ('515bc880-0aab-5749-923a-9e668d4b0fc7', (select id from public.sri_impact_criteria where methodology_version_id=v_mid and code='comfort'), 0) on conflict (functionality_level_id, impact_criterion_id) do nothing;
  insert into public.sri_functionality_level_impact_scores (functionality_level_id, impact_criterion_id, score)
  values ('515bc880-0aab-5749-923a-9e668d4b0fc7', (select id from public.sri_impact_criteria where methodology_version_id=v_mid and code='convenience'), 0) on conflict (functionality_level_id, impact_criterion_id) do nothing;
  insert into public.sri_functionality_level_impact_scores (functionality_level_id, impact_criterion_id, score)
  values ('515bc880-0aab-5749-923a-9e668d4b0fc7', (select id from public.sri_impact_criteria where methodology_version_id=v_mid and code='health_wellbeing_accessibility'), 0) on conflict (functionality_level_id, impact_criterion_id) do nothing;
  insert into public.sri_functionality_level_impact_scores (functionality_level_id, impact_criterion_id, score)
  values ('515bc880-0aab-5749-923a-9e668d4b0fc7', (select id from public.sri_impact_criteria where methodology_version_id=v_mid and code='maintenance_and_fault_prediction'), 1) on conflict (functionality_level_id, impact_criterion_id) do nothing;
  insert into public.sri_functionality_level_impact_scores (functionality_level_id, impact_criterion_id, score)
  values ('515bc880-0aab-5749-923a-9e668d4b0fc7', (select id from public.sri_impact_criteria where methodology_version_id=v_mid and code='information_to_occupants'), 1) on conflict (functionality_level_id, impact_criterion_id) do nothing;
  insert into public.sri_functionality_level_impact_scores (functionality_level_id, impact_criterion_id, score)
  values ('0595368d-4999-555b-a2ec-3fc3d8045661', (select id from public.sri_impact_criteria where methodology_version_id=v_mid and code='energy_efficiency'), 1) on conflict (functionality_level_id, impact_criterion_id) do nothing;
  insert into public.sri_functionality_level_impact_scores (functionality_level_id, impact_criterion_id, score)
  values ('0595368d-4999-555b-a2ec-3fc3d8045661', (select id from public.sri_impact_criteria where methodology_version_id=v_mid and code='energy_flexibility_and_storage'), 0) on conflict (functionality_level_id, impact_criterion_id) do nothing;
  insert into public.sri_functionality_level_impact_scores (functionality_level_id, impact_criterion_id, score)
  values ('0595368d-4999-555b-a2ec-3fc3d8045661', (select id from public.sri_impact_criteria where methodology_version_id=v_mid and code='comfort'), 0) on conflict (functionality_level_id, impact_criterion_id) do nothing;
  insert into public.sri_functionality_level_impact_scores (functionality_level_id, impact_criterion_id, score)
  values ('0595368d-4999-555b-a2ec-3fc3d8045661', (select id from public.sri_impact_criteria where methodology_version_id=v_mid and code='convenience'), 0) on conflict (functionality_level_id, impact_criterion_id) do nothing;
  insert into public.sri_functionality_level_impact_scores (functionality_level_id, impact_criterion_id, score)
  values ('0595368d-4999-555b-a2ec-3fc3d8045661', (select id from public.sri_impact_criteria where methodology_version_id=v_mid and code='health_wellbeing_accessibility'), 0) on conflict (functionality_level_id, impact_criterion_id) do nothing;
  insert into public.sri_functionality_level_impact_scores (functionality_level_id, impact_criterion_id, score)
  values ('0595368d-4999-555b-a2ec-3fc3d8045661', (select id from public.sri_impact_criteria where methodology_version_id=v_mid and code='maintenance_and_fault_prediction'), 1) on conflict (functionality_level_id, impact_criterion_id) do nothing;
  insert into public.sri_functionality_level_impact_scores (functionality_level_id, impact_criterion_id, score)
  values ('0595368d-4999-555b-a2ec-3fc3d8045661', (select id from public.sri_impact_criteria where methodology_version_id=v_mid and code='information_to_occupants'), 2) on conflict (functionality_level_id, impact_criterion_id) do nothing;
  insert into public.sri_functionality_level_impact_scores (functionality_level_id, impact_criterion_id, score)
  values ('ea8d8109-91f7-59fb-903a-d02a02710b2b', (select id from public.sri_impact_criteria where methodology_version_id=v_mid and code='energy_efficiency'), 1) on conflict (functionality_level_id, impact_criterion_id) do nothing;
  insert into public.sri_functionality_level_impact_scores (functionality_level_id, impact_criterion_id, score)
  values ('ea8d8109-91f7-59fb-903a-d02a02710b2b', (select id from public.sri_impact_criteria where methodology_version_id=v_mid and code='energy_flexibility_and_storage'), 0) on conflict (functionality_level_id, impact_criterion_id) do nothing;
  insert into public.sri_functionality_level_impact_scores (functionality_level_id, impact_criterion_id, score)
  values ('ea8d8109-91f7-59fb-903a-d02a02710b2b', (select id from public.sri_impact_criteria where methodology_version_id=v_mid and code='comfort'), 0) on conflict (functionality_level_id, impact_criterion_id) do nothing;
  insert into public.sri_functionality_level_impact_scores (functionality_level_id, impact_criterion_id, score)
  values ('ea8d8109-91f7-59fb-903a-d02a02710b2b', (select id from public.sri_impact_criteria where methodology_version_id=v_mid and code='convenience'), 0) on conflict (functionality_level_id, impact_criterion_id) do nothing;
  insert into public.sri_functionality_level_impact_scores (functionality_level_id, impact_criterion_id, score)
  values ('ea8d8109-91f7-59fb-903a-d02a02710b2b', (select id from public.sri_impact_criteria where methodology_version_id=v_mid and code='health_wellbeing_accessibility'), 0) on conflict (functionality_level_id, impact_criterion_id) do nothing;
  insert into public.sri_functionality_level_impact_scores (functionality_level_id, impact_criterion_id, score)
  values ('ea8d8109-91f7-59fb-903a-d02a02710b2b', (select id from public.sri_impact_criteria where methodology_version_id=v_mid and code='maintenance_and_fault_prediction'), 1) on conflict (functionality_level_id, impact_criterion_id) do nothing;
  insert into public.sri_functionality_level_impact_scores (functionality_level_id, impact_criterion_id, score)
  values ('ea8d8109-91f7-59fb-903a-d02a02710b2b', (select id from public.sri_impact_criteria where methodology_version_id=v_mid and code='information_to_occupants'), 3) on conflict (functionality_level_id, impact_criterion_id) do nothing;
  insert into public.sri_functionality_level_impact_scores (functionality_level_id, impact_criterion_id, score)
  values ('3d7d4ca5-8b51-53cf-bc84-fd1738d8f0fa', (select id from public.sri_impact_criteria where methodology_version_id=v_mid and code='energy_efficiency'), 1) on conflict (functionality_level_id, impact_criterion_id) do nothing;
  insert into public.sri_functionality_level_impact_scores (functionality_level_id, impact_criterion_id, score)
  values ('3d7d4ca5-8b51-53cf-bc84-fd1738d8f0fa', (select id from public.sri_impact_criteria where methodology_version_id=v_mid and code='energy_flexibility_and_storage'), 0) on conflict (functionality_level_id, impact_criterion_id) do nothing;
  insert into public.sri_functionality_level_impact_scores (functionality_level_id, impact_criterion_id, score)
  values ('3d7d4ca5-8b51-53cf-bc84-fd1738d8f0fa', (select id from public.sri_impact_criteria where methodology_version_id=v_mid and code='comfort'), 0) on conflict (functionality_level_id, impact_criterion_id) do nothing;
  insert into public.sri_functionality_level_impact_scores (functionality_level_id, impact_criterion_id, score)
  values ('3d7d4ca5-8b51-53cf-bc84-fd1738d8f0fa', (select id from public.sri_impact_criteria where methodology_version_id=v_mid and code='convenience'), 1) on conflict (functionality_level_id, impact_criterion_id) do nothing;
  insert into public.sri_functionality_level_impact_scores (functionality_level_id, impact_criterion_id, score)
  values ('3d7d4ca5-8b51-53cf-bc84-fd1738d8f0fa', (select id from public.sri_impact_criteria where methodology_version_id=v_mid and code='health_wellbeing_accessibility'), 0) on conflict (functionality_level_id, impact_criterion_id) do nothing;
  insert into public.sri_functionality_level_impact_scores (functionality_level_id, impact_criterion_id, score)
  values ('3d7d4ca5-8b51-53cf-bc84-fd1738d8f0fa', (select id from public.sri_impact_criteria where methodology_version_id=v_mid and code='maintenance_and_fault_prediction'), 2) on conflict (functionality_level_id, impact_criterion_id) do nothing;
  insert into public.sri_functionality_level_impact_scores (functionality_level_id, impact_criterion_id, score)
  values ('3d7d4ca5-8b51-53cf-bc84-fd1738d8f0fa', (select id from public.sri_impact_criteria where methodology_version_id=v_mid and code='information_to_occupants'), 3) on conflict (functionality_level_id, impact_criterion_id) do nothing;

  insert into public.sri_services (id, catalogue_id, domain_id, official_code, internal_code, sort_order, official_name, service_group, purpose, when_applicable, typical_devices, preconditions, fl_max, included_in_method_a, included_in_method_b, triage_affects_max, applicability_mode, mutual_exclusion_group, standards_basis, provenance)
  values ('0146afe9-3a50-5346-91fd-3838482917eb', v_cat, (select id from public.sri_technical_domains where methodology_version_id=v_mid and code='electricity'), 'E-3', 'EL-02', 38, '{"en": "Storage of (locally generated) electricity", "pl": "Magazynowanie lokalnie wytworzonej energii"}'::jsonb, 'DER - Storage', '{"en": "Store PV surplus in batteries or other storage."}'::jsonb, '{"en": "When electrical storage coupled to generation exists."}'::jsonb, '{"Battery EMS","Hybrid inverters"}', 'Only applicable in case of local energy generation', 4, true, true, false, 'smart_ready', null, '{"DG ENER Technical Study 2020"}', 'VERIFIED_ANNEX_D')
  on conflict (catalogue_id, official_code) do nothing;
  insert into public.sri_functionality_levels (id, service_id, level_number, official_description)
  values ('e428caa9-2241-5d7c-aff8-8aa2fe5bc3a5', '0146afe9-3a50-5346-91fd-3838482917eb', 0, '{"en": "None"}'::jsonb) on conflict (service_id, level_number) do nothing;
  insert into public.sri_functionality_levels (id, service_id, level_number, official_description)
  values ('419d0d1e-18ff-559a-b114-f463fec998b8', '0146afe9-3a50-5346-91fd-3838482917eb', 1, '{"en": "On site storage of electricity (e.g. electric battery)"}'::jsonb) on conflict (service_id, level_number) do nothing;
  insert into public.sri_functionality_levels (id, service_id, level_number, official_description)
  values ('6c0ceb06-41ab-5f92-8626-bfa0d138f67a', '0146afe9-3a50-5346-91fd-3838482917eb', 2, '{"en": "On site storage of energy (e.g. electric battery or thermal storage) with controller based on grid signals"}'::jsonb) on conflict (service_id, level_number) do nothing;
  insert into public.sri_functionality_levels (id, service_id, level_number, official_description)
  values ('b3542912-a3a8-5529-8d71-6356a5d9b6d1', '0146afe9-3a50-5346-91fd-3838482917eb', 3, '{"en": "On site storage of energy (e.g. electric battery or thermal storage) with controller optimising the use of locally generated electricity"}'::jsonb) on conflict (service_id, level_number) do nothing;
  insert into public.sri_functionality_levels (id, service_id, level_number, official_description)
  values ('6883327f-4a57-5261-83dd-40e8dc6b86e7', '0146afe9-3a50-5346-91fd-3838482917eb', 4, '{"en": "On site storage of energy (e.g. electric battery or thermal storage) with controller optimising the use of locally generated electricity and possibility to feed back into the grid"}'::jsonb) on conflict (service_id, level_number) do nothing;
  insert into public.sri_functionality_level_impact_scores (functionality_level_id, impact_criterion_id, score)
  values ('e428caa9-2241-5d7c-aff8-8aa2fe5bc3a5', (select id from public.sri_impact_criteria where methodology_version_id=v_mid and code='energy_efficiency'), 0) on conflict (functionality_level_id, impact_criterion_id) do nothing;
  insert into public.sri_functionality_level_impact_scores (functionality_level_id, impact_criterion_id, score)
  values ('e428caa9-2241-5d7c-aff8-8aa2fe5bc3a5', (select id from public.sri_impact_criteria where methodology_version_id=v_mid and code='energy_flexibility_and_storage'), 0) on conflict (functionality_level_id, impact_criterion_id) do nothing;
  insert into public.sri_functionality_level_impact_scores (functionality_level_id, impact_criterion_id, score)
  values ('e428caa9-2241-5d7c-aff8-8aa2fe5bc3a5', (select id from public.sri_impact_criteria where methodology_version_id=v_mid and code='comfort'), 0) on conflict (functionality_level_id, impact_criterion_id) do nothing;
  insert into public.sri_functionality_level_impact_scores (functionality_level_id, impact_criterion_id, score)
  values ('e428caa9-2241-5d7c-aff8-8aa2fe5bc3a5', (select id from public.sri_impact_criteria where methodology_version_id=v_mid and code='convenience'), 0) on conflict (functionality_level_id, impact_criterion_id) do nothing;
  insert into public.sri_functionality_level_impact_scores (functionality_level_id, impact_criterion_id, score)
  values ('e428caa9-2241-5d7c-aff8-8aa2fe5bc3a5', (select id from public.sri_impact_criteria where methodology_version_id=v_mid and code='health_wellbeing_accessibility'), 0) on conflict (functionality_level_id, impact_criterion_id) do nothing;
  insert into public.sri_functionality_level_impact_scores (functionality_level_id, impact_criterion_id, score)
  values ('e428caa9-2241-5d7c-aff8-8aa2fe5bc3a5', (select id from public.sri_impact_criteria where methodology_version_id=v_mid and code='maintenance_and_fault_prediction'), 0) on conflict (functionality_level_id, impact_criterion_id) do nothing;
  insert into public.sri_functionality_level_impact_scores (functionality_level_id, impact_criterion_id, score)
  values ('e428caa9-2241-5d7c-aff8-8aa2fe5bc3a5', (select id from public.sri_impact_criteria where methodology_version_id=v_mid and code='information_to_occupants'), 0) on conflict (functionality_level_id, impact_criterion_id) do nothing;
  insert into public.sri_functionality_level_impact_scores (functionality_level_id, impact_criterion_id, score)
  values ('419d0d1e-18ff-559a-b114-f463fec998b8', (select id from public.sri_impact_criteria where methodology_version_id=v_mid and code='energy_efficiency'), 0) on conflict (functionality_level_id, impact_criterion_id) do nothing;
  insert into public.sri_functionality_level_impact_scores (functionality_level_id, impact_criterion_id, score)
  values ('419d0d1e-18ff-559a-b114-f463fec998b8', (select id from public.sri_impact_criteria where methodology_version_id=v_mid and code='energy_flexibility_and_storage'), 1) on conflict (functionality_level_id, impact_criterion_id) do nothing;
  insert into public.sri_functionality_level_impact_scores (functionality_level_id, impact_criterion_id, score)
  values ('419d0d1e-18ff-559a-b114-f463fec998b8', (select id from public.sri_impact_criteria where methodology_version_id=v_mid and code='comfort'), 0) on conflict (functionality_level_id, impact_criterion_id) do nothing;
  insert into public.sri_functionality_level_impact_scores (functionality_level_id, impact_criterion_id, score)
  values ('419d0d1e-18ff-559a-b114-f463fec998b8', (select id from public.sri_impact_criteria where methodology_version_id=v_mid and code='convenience'), 2) on conflict (functionality_level_id, impact_criterion_id) do nothing;
  insert into public.sri_functionality_level_impact_scores (functionality_level_id, impact_criterion_id, score)
  values ('419d0d1e-18ff-559a-b114-f463fec998b8', (select id from public.sri_impact_criteria where methodology_version_id=v_mid and code='health_wellbeing_accessibility'), 0) on conflict (functionality_level_id, impact_criterion_id) do nothing;
  insert into public.sri_functionality_level_impact_scores (functionality_level_id, impact_criterion_id, score)
  values ('419d0d1e-18ff-559a-b114-f463fec998b8', (select id from public.sri_impact_criteria where methodology_version_id=v_mid and code='maintenance_and_fault_prediction'), 0) on conflict (functionality_level_id, impact_criterion_id) do nothing;
  insert into public.sri_functionality_level_impact_scores (functionality_level_id, impact_criterion_id, score)
  values ('419d0d1e-18ff-559a-b114-f463fec998b8', (select id from public.sri_impact_criteria where methodology_version_id=v_mid and code='information_to_occupants'), 0) on conflict (functionality_level_id, impact_criterion_id) do nothing;
  insert into public.sri_functionality_level_impact_scores (functionality_level_id, impact_criterion_id, score)
  values ('6c0ceb06-41ab-5f92-8626-bfa0d138f67a', (select id from public.sri_impact_criteria where methodology_version_id=v_mid and code='energy_efficiency'), 0) on conflict (functionality_level_id, impact_criterion_id) do nothing;
  insert into public.sri_functionality_level_impact_scores (functionality_level_id, impact_criterion_id, score)
  values ('6c0ceb06-41ab-5f92-8626-bfa0d138f67a', (select id from public.sri_impact_criteria where methodology_version_id=v_mid and code='energy_flexibility_and_storage'), 2) on conflict (functionality_level_id, impact_criterion_id) do nothing;
  insert into public.sri_functionality_level_impact_scores (functionality_level_id, impact_criterion_id, score)
  values ('6c0ceb06-41ab-5f92-8626-bfa0d138f67a', (select id from public.sri_impact_criteria where methodology_version_id=v_mid and code='comfort'), 0) on conflict (functionality_level_id, impact_criterion_id) do nothing;
  insert into public.sri_functionality_level_impact_scores (functionality_level_id, impact_criterion_id, score)
  values ('6c0ceb06-41ab-5f92-8626-bfa0d138f67a', (select id from public.sri_impact_criteria where methodology_version_id=v_mid and code='convenience'), 2) on conflict (functionality_level_id, impact_criterion_id) do nothing;
  insert into public.sri_functionality_level_impact_scores (functionality_level_id, impact_criterion_id, score)
  values ('6c0ceb06-41ab-5f92-8626-bfa0d138f67a', (select id from public.sri_impact_criteria where methodology_version_id=v_mid and code='health_wellbeing_accessibility'), 0) on conflict (functionality_level_id, impact_criterion_id) do nothing;
  insert into public.sri_functionality_level_impact_scores (functionality_level_id, impact_criterion_id, score)
  values ('6c0ceb06-41ab-5f92-8626-bfa0d138f67a', (select id from public.sri_impact_criteria where methodology_version_id=v_mid and code='maintenance_and_fault_prediction'), 0) on conflict (functionality_level_id, impact_criterion_id) do nothing;
  insert into public.sri_functionality_level_impact_scores (functionality_level_id, impact_criterion_id, score)
  values ('6c0ceb06-41ab-5f92-8626-bfa0d138f67a', (select id from public.sri_impact_criteria where methodology_version_id=v_mid and code='information_to_occupants'), 0) on conflict (functionality_level_id, impact_criterion_id) do nothing;
  insert into public.sri_functionality_level_impact_scores (functionality_level_id, impact_criterion_id, score)
  values ('b3542912-a3a8-5529-8d71-6356a5d9b6d1', (select id from public.sri_impact_criteria where methodology_version_id=v_mid and code='energy_efficiency'), 0) on conflict (functionality_level_id, impact_criterion_id) do nothing;
  insert into public.sri_functionality_level_impact_scores (functionality_level_id, impact_criterion_id, score)
  values ('b3542912-a3a8-5529-8d71-6356a5d9b6d1', (select id from public.sri_impact_criteria where methodology_version_id=v_mid and code='energy_flexibility_and_storage'), 2) on conflict (functionality_level_id, impact_criterion_id) do nothing;
  insert into public.sri_functionality_level_impact_scores (functionality_level_id, impact_criterion_id, score)
  values ('b3542912-a3a8-5529-8d71-6356a5d9b6d1', (select id from public.sri_impact_criteria where methodology_version_id=v_mid and code='comfort'), 0) on conflict (functionality_level_id, impact_criterion_id) do nothing;
  insert into public.sri_functionality_level_impact_scores (functionality_level_id, impact_criterion_id, score)
  values ('b3542912-a3a8-5529-8d71-6356a5d9b6d1', (select id from public.sri_impact_criteria where methodology_version_id=v_mid and code='convenience'), 2) on conflict (functionality_level_id, impact_criterion_id) do nothing;
  insert into public.sri_functionality_level_impact_scores (functionality_level_id, impact_criterion_id, score)
  values ('b3542912-a3a8-5529-8d71-6356a5d9b6d1', (select id from public.sri_impact_criteria where methodology_version_id=v_mid and code='health_wellbeing_accessibility'), 0) on conflict (functionality_level_id, impact_criterion_id) do nothing;
  insert into public.sri_functionality_level_impact_scores (functionality_level_id, impact_criterion_id, score)
  values ('b3542912-a3a8-5529-8d71-6356a5d9b6d1', (select id from public.sri_impact_criteria where methodology_version_id=v_mid and code='maintenance_and_fault_prediction'), 0) on conflict (functionality_level_id, impact_criterion_id) do nothing;
  insert into public.sri_functionality_level_impact_scores (functionality_level_id, impact_criterion_id, score)
  values ('b3542912-a3a8-5529-8d71-6356a5d9b6d1', (select id from public.sri_impact_criteria where methodology_version_id=v_mid and code='information_to_occupants'), 0) on conflict (functionality_level_id, impact_criterion_id) do nothing;
  insert into public.sri_functionality_level_impact_scores (functionality_level_id, impact_criterion_id, score)
  values ('6883327f-4a57-5261-83dd-40e8dc6b86e7', (select id from public.sri_impact_criteria where methodology_version_id=v_mid and code='energy_efficiency'), 0) on conflict (functionality_level_id, impact_criterion_id) do nothing;
  insert into public.sri_functionality_level_impact_scores (functionality_level_id, impact_criterion_id, score)
  values ('6883327f-4a57-5261-83dd-40e8dc6b86e7', (select id from public.sri_impact_criteria where methodology_version_id=v_mid and code='energy_flexibility_and_storage'), 3) on conflict (functionality_level_id, impact_criterion_id) do nothing;
  insert into public.sri_functionality_level_impact_scores (functionality_level_id, impact_criterion_id, score)
  values ('6883327f-4a57-5261-83dd-40e8dc6b86e7', (select id from public.sri_impact_criteria where methodology_version_id=v_mid and code='comfort'), 0) on conflict (functionality_level_id, impact_criterion_id) do nothing;
  insert into public.sri_functionality_level_impact_scores (functionality_level_id, impact_criterion_id, score)
  values ('6883327f-4a57-5261-83dd-40e8dc6b86e7', (select id from public.sri_impact_criteria where methodology_version_id=v_mid and code='convenience'), 2) on conflict (functionality_level_id, impact_criterion_id) do nothing;
  insert into public.sri_functionality_level_impact_scores (functionality_level_id, impact_criterion_id, score)
  values ('6883327f-4a57-5261-83dd-40e8dc6b86e7', (select id from public.sri_impact_criteria where methodology_version_id=v_mid and code='health_wellbeing_accessibility'), 0) on conflict (functionality_level_id, impact_criterion_id) do nothing;
  insert into public.sri_functionality_level_impact_scores (functionality_level_id, impact_criterion_id, score)
  values ('6883327f-4a57-5261-83dd-40e8dc6b86e7', (select id from public.sri_impact_criteria where methodology_version_id=v_mid and code='maintenance_and_fault_prediction'), 0) on conflict (functionality_level_id, impact_criterion_id) do nothing;
  insert into public.sri_functionality_level_impact_scores (functionality_level_id, impact_criterion_id, score)
  values ('6883327f-4a57-5261-83dd-40e8dc6b86e7', (select id from public.sri_impact_criteria where methodology_version_id=v_mid and code='information_to_occupants'), 0) on conflict (functionality_level_id, impact_criterion_id) do nothing;

  insert into public.sri_services (id, catalogue_id, domain_id, official_code, internal_code, sort_order, official_name, service_group, purpose, when_applicable, typical_devices, preconditions, fl_max, included_in_method_a, included_in_method_b, triage_affects_max, applicability_mode, mutual_exclusion_group, standards_basis, provenance)
  values ('01660261-e555-5d4f-bd66-a8012fa50419', v_cat, (select id from public.sri_technical_domains where methodology_version_id=v_mid and code='electricity'), 'E-4', 'EL-03', 39, '{"en": "Optimizing self-consumption of locally generated electricity", "pl": "Raportowanie zużycia energii elektrycznej"}'::jsonb, 'DER- Optimization', '{"en": "Provide granular electricity use feedback."}'::jsonb, '{"en": "When metering/sub-metering exists."}'::jsonb, '{"Smart meters","Sub-metering","Tenant portals"}', 'Only applicable in case of local energy generation', 3, false, true, false, 'smart_ready', null, '{"DG ENER Technical Study 2020"}', 'VERIFIED_ANNEX_D')
  on conflict (catalogue_id, official_code) do nothing;
  insert into public.sri_functionality_levels (id, service_id, level_number, official_description)
  values ('c05a6834-68c3-55cb-9fc3-3d104525ed5f', '01660261-e555-5d4f-bd66-a8012fa50419', 0, '{"en": "None"}'::jsonb) on conflict (service_id, level_number) do nothing;
  insert into public.sri_functionality_levels (id, service_id, level_number, official_description)
  values ('b95e78ff-acc6-51e0-8b16-62b6c8f82dc2', '01660261-e555-5d4f-bd66-a8012fa50419', 1, '{"en": "Scheduling electricity consumption (plug loads, white goods, etc.)"}'::jsonb) on conflict (service_id, level_number) do nothing;
  insert into public.sri_functionality_levels (id, service_id, level_number, official_description)
  values ('2040f1d6-0ecb-506f-b743-35b9266c5f94', '01660261-e555-5d4f-bd66-a8012fa50419', 2, '{"en": "Automated management of local electricity consumption based on current renewable energy availability"}'::jsonb) on conflict (service_id, level_number) do nothing;
  insert into public.sri_functionality_levels (id, service_id, level_number, official_description)
  values ('27702aa3-ce3d-5e56-8846-4abed77a8cbb', '01660261-e555-5d4f-bd66-a8012fa50419', 3, '{"en": "Automated management of local electricity consumption based on current and predicted energy needs and renewable energy availability"}'::jsonb) on conflict (service_id, level_number) do nothing;
  insert into public.sri_functionality_level_impact_scores (functionality_level_id, impact_criterion_id, score)
  values ('c05a6834-68c3-55cb-9fc3-3d104525ed5f', (select id from public.sri_impact_criteria where methodology_version_id=v_mid and code='energy_efficiency'), 0) on conflict (functionality_level_id, impact_criterion_id) do nothing;
  insert into public.sri_functionality_level_impact_scores (functionality_level_id, impact_criterion_id, score)
  values ('c05a6834-68c3-55cb-9fc3-3d104525ed5f', (select id from public.sri_impact_criteria where methodology_version_id=v_mid and code='energy_flexibility_and_storage'), 0) on conflict (functionality_level_id, impact_criterion_id) do nothing;
  insert into public.sri_functionality_level_impact_scores (functionality_level_id, impact_criterion_id, score)
  values ('c05a6834-68c3-55cb-9fc3-3d104525ed5f', (select id from public.sri_impact_criteria where methodology_version_id=v_mid and code='comfort'), 0) on conflict (functionality_level_id, impact_criterion_id) do nothing;
  insert into public.sri_functionality_level_impact_scores (functionality_level_id, impact_criterion_id, score)
  values ('c05a6834-68c3-55cb-9fc3-3d104525ed5f', (select id from public.sri_impact_criteria where methodology_version_id=v_mid and code='convenience'), 0) on conflict (functionality_level_id, impact_criterion_id) do nothing;
  insert into public.sri_functionality_level_impact_scores (functionality_level_id, impact_criterion_id, score)
  values ('c05a6834-68c3-55cb-9fc3-3d104525ed5f', (select id from public.sri_impact_criteria where methodology_version_id=v_mid and code='health_wellbeing_accessibility'), 0) on conflict (functionality_level_id, impact_criterion_id) do nothing;
  insert into public.sri_functionality_level_impact_scores (functionality_level_id, impact_criterion_id, score)
  values ('c05a6834-68c3-55cb-9fc3-3d104525ed5f', (select id from public.sri_impact_criteria where methodology_version_id=v_mid and code='maintenance_and_fault_prediction'), 0) on conflict (functionality_level_id, impact_criterion_id) do nothing;
  insert into public.sri_functionality_level_impact_scores (functionality_level_id, impact_criterion_id, score)
  values ('c05a6834-68c3-55cb-9fc3-3d104525ed5f', (select id from public.sri_impact_criteria where methodology_version_id=v_mid and code='information_to_occupants'), 0) on conflict (functionality_level_id, impact_criterion_id) do nothing;
  insert into public.sri_functionality_level_impact_scores (functionality_level_id, impact_criterion_id, score)
  values ('b95e78ff-acc6-51e0-8b16-62b6c8f82dc2', (select id from public.sri_impact_criteria where methodology_version_id=v_mid and code='energy_efficiency'), 0) on conflict (functionality_level_id, impact_criterion_id) do nothing;
  insert into public.sri_functionality_level_impact_scores (functionality_level_id, impact_criterion_id, score)
  values ('b95e78ff-acc6-51e0-8b16-62b6c8f82dc2', (select id from public.sri_impact_criteria where methodology_version_id=v_mid and code='energy_flexibility_and_storage'), 1) on conflict (functionality_level_id, impact_criterion_id) do nothing;
  insert into public.sri_functionality_level_impact_scores (functionality_level_id, impact_criterion_id, score)
  values ('b95e78ff-acc6-51e0-8b16-62b6c8f82dc2', (select id from public.sri_impact_criteria where methodology_version_id=v_mid and code='comfort'), 0) on conflict (functionality_level_id, impact_criterion_id) do nothing;
  insert into public.sri_functionality_level_impact_scores (functionality_level_id, impact_criterion_id, score)
  values ('b95e78ff-acc6-51e0-8b16-62b6c8f82dc2', (select id from public.sri_impact_criteria where methodology_version_id=v_mid and code='convenience'), 1) on conflict (functionality_level_id, impact_criterion_id) do nothing;
  insert into public.sri_functionality_level_impact_scores (functionality_level_id, impact_criterion_id, score)
  values ('b95e78ff-acc6-51e0-8b16-62b6c8f82dc2', (select id from public.sri_impact_criteria where methodology_version_id=v_mid and code='health_wellbeing_accessibility'), 0) on conflict (functionality_level_id, impact_criterion_id) do nothing;
  insert into public.sri_functionality_level_impact_scores (functionality_level_id, impact_criterion_id, score)
  values ('b95e78ff-acc6-51e0-8b16-62b6c8f82dc2', (select id from public.sri_impact_criteria where methodology_version_id=v_mid and code='maintenance_and_fault_prediction'), 0) on conflict (functionality_level_id, impact_criterion_id) do nothing;
  insert into public.sri_functionality_level_impact_scores (functionality_level_id, impact_criterion_id, score)
  values ('b95e78ff-acc6-51e0-8b16-62b6c8f82dc2', (select id from public.sri_impact_criteria where methodology_version_id=v_mid and code='information_to_occupants'), 0) on conflict (functionality_level_id, impact_criterion_id) do nothing;
  insert into public.sri_functionality_level_impact_scores (functionality_level_id, impact_criterion_id, score)
  values ('2040f1d6-0ecb-506f-b743-35b9266c5f94', (select id from public.sri_impact_criteria where methodology_version_id=v_mid and code='energy_efficiency'), 0) on conflict (functionality_level_id, impact_criterion_id) do nothing;
  insert into public.sri_functionality_level_impact_scores (functionality_level_id, impact_criterion_id, score)
  values ('2040f1d6-0ecb-506f-b743-35b9266c5f94', (select id from public.sri_impact_criteria where methodology_version_id=v_mid and code='energy_flexibility_and_storage'), 2) on conflict (functionality_level_id, impact_criterion_id) do nothing;
  insert into public.sri_functionality_level_impact_scores (functionality_level_id, impact_criterion_id, score)
  values ('2040f1d6-0ecb-506f-b743-35b9266c5f94', (select id from public.sri_impact_criteria where methodology_version_id=v_mid and code='comfort'), 0) on conflict (functionality_level_id, impact_criterion_id) do nothing;
  insert into public.sri_functionality_level_impact_scores (functionality_level_id, impact_criterion_id, score)
  values ('2040f1d6-0ecb-506f-b743-35b9266c5f94', (select id from public.sri_impact_criteria where methodology_version_id=v_mid and code='convenience'), 2) on conflict (functionality_level_id, impact_criterion_id) do nothing;
  insert into public.sri_functionality_level_impact_scores (functionality_level_id, impact_criterion_id, score)
  values ('2040f1d6-0ecb-506f-b743-35b9266c5f94', (select id from public.sri_impact_criteria where methodology_version_id=v_mid and code='health_wellbeing_accessibility'), 0) on conflict (functionality_level_id, impact_criterion_id) do nothing;
  insert into public.sri_functionality_level_impact_scores (functionality_level_id, impact_criterion_id, score)
  values ('2040f1d6-0ecb-506f-b743-35b9266c5f94', (select id from public.sri_impact_criteria where methodology_version_id=v_mid and code='maintenance_and_fault_prediction'), 0) on conflict (functionality_level_id, impact_criterion_id) do nothing;
  insert into public.sri_functionality_level_impact_scores (functionality_level_id, impact_criterion_id, score)
  values ('2040f1d6-0ecb-506f-b743-35b9266c5f94', (select id from public.sri_impact_criteria where methodology_version_id=v_mid and code='information_to_occupants'), 0) on conflict (functionality_level_id, impact_criterion_id) do nothing;
  insert into public.sri_functionality_level_impact_scores (functionality_level_id, impact_criterion_id, score)
  values ('27702aa3-ce3d-5e56-8846-4abed77a8cbb', (select id from public.sri_impact_criteria where methodology_version_id=v_mid and code='energy_efficiency'), 0) on conflict (functionality_level_id, impact_criterion_id) do nothing;
  insert into public.sri_functionality_level_impact_scores (functionality_level_id, impact_criterion_id, score)
  values ('27702aa3-ce3d-5e56-8846-4abed77a8cbb', (select id from public.sri_impact_criteria where methodology_version_id=v_mid and code='energy_flexibility_and_storage'), 3) on conflict (functionality_level_id, impact_criterion_id) do nothing;
  insert into public.sri_functionality_level_impact_scores (functionality_level_id, impact_criterion_id, score)
  values ('27702aa3-ce3d-5e56-8846-4abed77a8cbb', (select id from public.sri_impact_criteria where methodology_version_id=v_mid and code='comfort'), 0) on conflict (functionality_level_id, impact_criterion_id) do nothing;
  insert into public.sri_functionality_level_impact_scores (functionality_level_id, impact_criterion_id, score)
  values ('27702aa3-ce3d-5e56-8846-4abed77a8cbb', (select id from public.sri_impact_criteria where methodology_version_id=v_mid and code='convenience'), 2) on conflict (functionality_level_id, impact_criterion_id) do nothing;
  insert into public.sri_functionality_level_impact_scores (functionality_level_id, impact_criterion_id, score)
  values ('27702aa3-ce3d-5e56-8846-4abed77a8cbb', (select id from public.sri_impact_criteria where methodology_version_id=v_mid and code='health_wellbeing_accessibility'), 0) on conflict (functionality_level_id, impact_criterion_id) do nothing;
  insert into public.sri_functionality_level_impact_scores (functionality_level_id, impact_criterion_id, score)
  values ('27702aa3-ce3d-5e56-8846-4abed77a8cbb', (select id from public.sri_impact_criteria where methodology_version_id=v_mid and code='maintenance_and_fault_prediction'), 0) on conflict (functionality_level_id, impact_criterion_id) do nothing;
  insert into public.sri_functionality_level_impact_scores (functionality_level_id, impact_criterion_id, score)
  values ('27702aa3-ce3d-5e56-8846-4abed77a8cbb', (select id from public.sri_impact_criteria where methodology_version_id=v_mid and code='information_to_occupants'), 0) on conflict (functionality_level_id, impact_criterion_id) do nothing;

  insert into public.sri_services (id, catalogue_id, domain_id, official_code, internal_code, sort_order, official_name, service_group, purpose, when_applicable, typical_devices, preconditions, fl_max, included_in_method_a, included_in_method_b, triage_affects_max, applicability_mode, mutual_exclusion_group, standards_basis, provenance)
  values ('8b2882d2-dfdb-5314-a031-a1a44503e9bc', v_cat, (select id from public.sri_technical_domains where methodology_version_id=v_mid and code='electricity'), 'E-5', 'EL-04', 40, '{"en": "Control of combined heat and power plant (CHP)", "pl": "Optymalizacja autokonsumpcji energii"}'::jsonb, 'DER - Generation Control', '{"en": "Maximize self-consumption of on-site generation."}'::jsonb, '{"en": "When PV and controllable loads coexist."}'::jsonb, '{"EMS","Load control","Battery logic"}', 'Only applicable in case of CHP', 2, false, true, false, 'smart_ready', null, '{"DG ENER Technical Study 2020"}', 'VERIFIED_ANNEX_D')
  on conflict (catalogue_id, official_code) do nothing;
  insert into public.sri_functionality_levels (id, service_id, level_number, official_description)
  values ('cd0da76e-d453-528b-891a-9f52c8cd98f0', '8b2882d2-dfdb-5314-a031-a1a44503e9bc', 0, '{"en": "CHP control based on scheduled runtime management and/or current heat energy demand"}'::jsonb) on conflict (service_id, level_number) do nothing;
  insert into public.sri_functionality_levels (id, service_id, level_number, official_description)
  values ('d7dbc50b-0bda-5eb9-afe6-7e638317fe25', '8b2882d2-dfdb-5314-a031-a1a44503e9bc', 1, '{"en": "CHP runtime control influenced by the fluctuating availability of RES; overproduction will be fed into the grid"}'::jsonb) on conflict (service_id, level_number) do nothing;
  insert into public.sri_functionality_levels (id, service_id, level_number, official_description)
  values ('4fca46bb-0d85-5565-acd2-8875abf3ee7f', '8b2882d2-dfdb-5314-a031-a1a44503e9bc', 2, '{"en": "CHP runtime control influenced by the fluctuating availability of RES and grid signals; dynamic charging and runtime control to optimise self-consumption of renewables"}'::jsonb) on conflict (service_id, level_number) do nothing;
  insert into public.sri_functionality_level_impact_scores (functionality_level_id, impact_criterion_id, score)
  values ('cd0da76e-d453-528b-891a-9f52c8cd98f0', (select id from public.sri_impact_criteria where methodology_version_id=v_mid and code='energy_efficiency'), 0) on conflict (functionality_level_id, impact_criterion_id) do nothing;
  insert into public.sri_functionality_level_impact_scores (functionality_level_id, impact_criterion_id, score)
  values ('cd0da76e-d453-528b-891a-9f52c8cd98f0', (select id from public.sri_impact_criteria where methodology_version_id=v_mid and code='energy_flexibility_and_storage'), 0) on conflict (functionality_level_id, impact_criterion_id) do nothing;
  insert into public.sri_functionality_level_impact_scores (functionality_level_id, impact_criterion_id, score)
  values ('cd0da76e-d453-528b-891a-9f52c8cd98f0', (select id from public.sri_impact_criteria where methodology_version_id=v_mid and code='comfort'), 0) on conflict (functionality_level_id, impact_criterion_id) do nothing;
  insert into public.sri_functionality_level_impact_scores (functionality_level_id, impact_criterion_id, score)
  values ('cd0da76e-d453-528b-891a-9f52c8cd98f0', (select id from public.sri_impact_criteria where methodology_version_id=v_mid and code='convenience'), 0) on conflict (functionality_level_id, impact_criterion_id) do nothing;
  insert into public.sri_functionality_level_impact_scores (functionality_level_id, impact_criterion_id, score)
  values ('cd0da76e-d453-528b-891a-9f52c8cd98f0', (select id from public.sri_impact_criteria where methodology_version_id=v_mid and code='health_wellbeing_accessibility'), 0) on conflict (functionality_level_id, impact_criterion_id) do nothing;
  insert into public.sri_functionality_level_impact_scores (functionality_level_id, impact_criterion_id, score)
  values ('cd0da76e-d453-528b-891a-9f52c8cd98f0', (select id from public.sri_impact_criteria where methodology_version_id=v_mid and code='maintenance_and_fault_prediction'), 0) on conflict (functionality_level_id, impact_criterion_id) do nothing;
  insert into public.sri_functionality_level_impact_scores (functionality_level_id, impact_criterion_id, score)
  values ('cd0da76e-d453-528b-891a-9f52c8cd98f0', (select id from public.sri_impact_criteria where methodology_version_id=v_mid and code='information_to_occupants'), 0) on conflict (functionality_level_id, impact_criterion_id) do nothing;
  insert into public.sri_functionality_level_impact_scores (functionality_level_id, impact_criterion_id, score)
  values ('d7dbc50b-0bda-5eb9-afe6-7e638317fe25', (select id from public.sri_impact_criteria where methodology_version_id=v_mid and code='energy_efficiency'), 1) on conflict (functionality_level_id, impact_criterion_id) do nothing;
  insert into public.sri_functionality_level_impact_scores (functionality_level_id, impact_criterion_id, score)
  values ('d7dbc50b-0bda-5eb9-afe6-7e638317fe25', (select id from public.sri_impact_criteria where methodology_version_id=v_mid and code='energy_flexibility_and_storage'), 1) on conflict (functionality_level_id, impact_criterion_id) do nothing;
  insert into public.sri_functionality_level_impact_scores (functionality_level_id, impact_criterion_id, score)
  values ('d7dbc50b-0bda-5eb9-afe6-7e638317fe25', (select id from public.sri_impact_criteria where methodology_version_id=v_mid and code='comfort'), 0) on conflict (functionality_level_id, impact_criterion_id) do nothing;
  insert into public.sri_functionality_level_impact_scores (functionality_level_id, impact_criterion_id, score)
  values ('d7dbc50b-0bda-5eb9-afe6-7e638317fe25', (select id from public.sri_impact_criteria where methodology_version_id=v_mid and code='convenience'), 1) on conflict (functionality_level_id, impact_criterion_id) do nothing;
  insert into public.sri_functionality_level_impact_scores (functionality_level_id, impact_criterion_id, score)
  values ('d7dbc50b-0bda-5eb9-afe6-7e638317fe25', (select id from public.sri_impact_criteria where methodology_version_id=v_mid and code='health_wellbeing_accessibility'), 0) on conflict (functionality_level_id, impact_criterion_id) do nothing;
  insert into public.sri_functionality_level_impact_scores (functionality_level_id, impact_criterion_id, score)
  values ('d7dbc50b-0bda-5eb9-afe6-7e638317fe25', (select id from public.sri_impact_criteria where methodology_version_id=v_mid and code='maintenance_and_fault_prediction'), 0) on conflict (functionality_level_id, impact_criterion_id) do nothing;
  insert into public.sri_functionality_level_impact_scores (functionality_level_id, impact_criterion_id, score)
  values ('d7dbc50b-0bda-5eb9-afe6-7e638317fe25', (select id from public.sri_impact_criteria where methodology_version_id=v_mid and code='information_to_occupants'), 0) on conflict (functionality_level_id, impact_criterion_id) do nothing;
  insert into public.sri_functionality_level_impact_scores (functionality_level_id, impact_criterion_id, score)
  values ('4fca46bb-0d85-5565-acd2-8875abf3ee7f', (select id from public.sri_impact_criteria where methodology_version_id=v_mid and code='energy_efficiency'), 2) on conflict (functionality_level_id, impact_criterion_id) do nothing;
  insert into public.sri_functionality_level_impact_scores (functionality_level_id, impact_criterion_id, score)
  values ('4fca46bb-0d85-5565-acd2-8875abf3ee7f', (select id from public.sri_impact_criteria where methodology_version_id=v_mid and code='energy_flexibility_and_storage'), 2) on conflict (functionality_level_id, impact_criterion_id) do nothing;
  insert into public.sri_functionality_level_impact_scores (functionality_level_id, impact_criterion_id, score)
  values ('4fca46bb-0d85-5565-acd2-8875abf3ee7f', (select id from public.sri_impact_criteria where methodology_version_id=v_mid and code='comfort'), 0) on conflict (functionality_level_id, impact_criterion_id) do nothing;
  insert into public.sri_functionality_level_impact_scores (functionality_level_id, impact_criterion_id, score)
  values ('4fca46bb-0d85-5565-acd2-8875abf3ee7f', (select id from public.sri_impact_criteria where methodology_version_id=v_mid and code='convenience'), 1) on conflict (functionality_level_id, impact_criterion_id) do nothing;
  insert into public.sri_functionality_level_impact_scores (functionality_level_id, impact_criterion_id, score)
  values ('4fca46bb-0d85-5565-acd2-8875abf3ee7f', (select id from public.sri_impact_criteria where methodology_version_id=v_mid and code='health_wellbeing_accessibility'), 0) on conflict (functionality_level_id, impact_criterion_id) do nothing;
  insert into public.sri_functionality_level_impact_scores (functionality_level_id, impact_criterion_id, score)
  values ('4fca46bb-0d85-5565-acd2-8875abf3ee7f', (select id from public.sri_impact_criteria where methodology_version_id=v_mid and code='maintenance_and_fault_prediction'), 0) on conflict (functionality_level_id, impact_criterion_id) do nothing;
  insert into public.sri_functionality_level_impact_scores (functionality_level_id, impact_criterion_id, score)
  values ('4fca46bb-0d85-5565-acd2-8875abf3ee7f', (select id from public.sri_impact_criteria where methodology_version_id=v_mid and code='information_to_occupants'), 0) on conflict (functionality_level_id, impact_criterion_id) do nothing;

  insert into public.sri_services (id, catalogue_id, domain_id, official_code, internal_code, sort_order, official_name, service_group, purpose, when_applicable, typical_devices, preconditions, fl_max, included_in_method_a, included_in_method_b, triage_affects_max, applicability_mode, mutual_exclusion_group, standards_basis, provenance)
  values ('d1472db1-3c48-57fa-a450-9f1918e1b5f5', v_cat, (select id from public.sri_technical_domains where methodology_version_id=v_mid and code='electricity'), 'E-8', 'EL-05', 41, '{"en": "Support of (micro)grid operation modes", "pl": "Sterowanie kogeneracją (CHP)"}'::jsonb, 'DSM- Storage', '{"en": "Operate CHP aligned with heat and electricity demand."}'::jsonb, '{"en": "When CHP is installed."}'::jsonb, '{"CHP controllers","BMS"}', 'Only applicable in case of local energy storage', 3, false, true, false, 'smart_ready', null, '{"DG ENER Technical Study 2020"}', 'VERIFIED_ANNEX_D')
  on conflict (catalogue_id, official_code) do nothing;
  insert into public.sri_functionality_levels (id, service_id, level_number, official_description)
  values ('da112b72-ab1c-5849-89ad-b88fb0640945', 'd1472db1-3c48-57fa-a450-9f1918e1b5f5', 0, '{"en": "None"}'::jsonb) on conflict (service_id, level_number) do nothing;
  insert into public.sri_functionality_levels (id, service_id, level_number, official_description)
  values ('4e270cc9-4b26-5521-ba69-7f4639e79298', 'd1472db1-3c48-57fa-a450-9f1918e1b5f5', 1, '{"en": "Automated management of (building-level) electricity consumption based on grid signals"}'::jsonb) on conflict (service_id, level_number) do nothing;
  insert into public.sri_functionality_levels (id, service_id, level_number, official_description)
  values ('054fce06-ab0e-535f-a726-55488e4254f7', 'd1472db1-3c48-57fa-a450-9f1918e1b5f5', 2, '{"en": "Automated management of (building-level) electricity consumption and electricity supply to neighbouring buildings (microgrid) or grid"}'::jsonb) on conflict (service_id, level_number) do nothing;
  insert into public.sri_functionality_levels (id, service_id, level_number, official_description)
  values ('f4e3f198-afb7-5604-b2a0-076e1e0fac81', 'd1472db1-3c48-57fa-a450-9f1918e1b5f5', 3, '{"en": "Automated management of (building-level) electricity consumption and supply, with potential to continue limited off-grid operation (island mode)"}'::jsonb) on conflict (service_id, level_number) do nothing;
  insert into public.sri_functionality_level_impact_scores (functionality_level_id, impact_criterion_id, score)
  values ('da112b72-ab1c-5849-89ad-b88fb0640945', (select id from public.sri_impact_criteria where methodology_version_id=v_mid and code='energy_efficiency'), 0) on conflict (functionality_level_id, impact_criterion_id) do nothing;
  insert into public.sri_functionality_level_impact_scores (functionality_level_id, impact_criterion_id, score)
  values ('da112b72-ab1c-5849-89ad-b88fb0640945', (select id from public.sri_impact_criteria where methodology_version_id=v_mid and code='energy_flexibility_and_storage'), 0) on conflict (functionality_level_id, impact_criterion_id) do nothing;
  insert into public.sri_functionality_level_impact_scores (functionality_level_id, impact_criterion_id, score)
  values ('da112b72-ab1c-5849-89ad-b88fb0640945', (select id from public.sri_impact_criteria where methodology_version_id=v_mid and code='comfort'), 0) on conflict (functionality_level_id, impact_criterion_id) do nothing;
  insert into public.sri_functionality_level_impact_scores (functionality_level_id, impact_criterion_id, score)
  values ('da112b72-ab1c-5849-89ad-b88fb0640945', (select id from public.sri_impact_criteria where methodology_version_id=v_mid and code='convenience'), 0) on conflict (functionality_level_id, impact_criterion_id) do nothing;
  insert into public.sri_functionality_level_impact_scores (functionality_level_id, impact_criterion_id, score)
  values ('da112b72-ab1c-5849-89ad-b88fb0640945', (select id from public.sri_impact_criteria where methodology_version_id=v_mid and code='health_wellbeing_accessibility'), 0) on conflict (functionality_level_id, impact_criterion_id) do nothing;
  insert into public.sri_functionality_level_impact_scores (functionality_level_id, impact_criterion_id, score)
  values ('da112b72-ab1c-5849-89ad-b88fb0640945', (select id from public.sri_impact_criteria where methodology_version_id=v_mid and code='maintenance_and_fault_prediction'), 0) on conflict (functionality_level_id, impact_criterion_id) do nothing;
  insert into public.sri_functionality_level_impact_scores (functionality_level_id, impact_criterion_id, score)
  values ('da112b72-ab1c-5849-89ad-b88fb0640945', (select id from public.sri_impact_criteria where methodology_version_id=v_mid and code='information_to_occupants'), 0) on conflict (functionality_level_id, impact_criterion_id) do nothing;
  insert into public.sri_functionality_level_impact_scores (functionality_level_id, impact_criterion_id, score)
  values ('4e270cc9-4b26-5521-ba69-7f4639e79298', (select id from public.sri_impact_criteria where methodology_version_id=v_mid and code='energy_efficiency'), 0) on conflict (functionality_level_id, impact_criterion_id) do nothing;
  insert into public.sri_functionality_level_impact_scores (functionality_level_id, impact_criterion_id, score)
  values ('4e270cc9-4b26-5521-ba69-7f4639e79298', (select id from public.sri_impact_criteria where methodology_version_id=v_mid and code='energy_flexibility_and_storage'), 2) on conflict (functionality_level_id, impact_criterion_id) do nothing;
  insert into public.sri_functionality_level_impact_scores (functionality_level_id, impact_criterion_id, score)
  values ('4e270cc9-4b26-5521-ba69-7f4639e79298', (select id from public.sri_impact_criteria where methodology_version_id=v_mid and code='comfort'), 0) on conflict (functionality_level_id, impact_criterion_id) do nothing;
  insert into public.sri_functionality_level_impact_scores (functionality_level_id, impact_criterion_id, score)
  values ('4e270cc9-4b26-5521-ba69-7f4639e79298', (select id from public.sri_impact_criteria where methodology_version_id=v_mid and code='convenience'), 2) on conflict (functionality_level_id, impact_criterion_id) do nothing;
  insert into public.sri_functionality_level_impact_scores (functionality_level_id, impact_criterion_id, score)
  values ('4e270cc9-4b26-5521-ba69-7f4639e79298', (select id from public.sri_impact_criteria where methodology_version_id=v_mid and code='health_wellbeing_accessibility'), 0) on conflict (functionality_level_id, impact_criterion_id) do nothing;
  insert into public.sri_functionality_level_impact_scores (functionality_level_id, impact_criterion_id, score)
  values ('4e270cc9-4b26-5521-ba69-7f4639e79298', (select id from public.sri_impact_criteria where methodology_version_id=v_mid and code='maintenance_and_fault_prediction'), 0) on conflict (functionality_level_id, impact_criterion_id) do nothing;
  insert into public.sri_functionality_level_impact_scores (functionality_level_id, impact_criterion_id, score)
  values ('4e270cc9-4b26-5521-ba69-7f4639e79298', (select id from public.sri_impact_criteria where methodology_version_id=v_mid and code='information_to_occupants'), 0) on conflict (functionality_level_id, impact_criterion_id) do nothing;
  insert into public.sri_functionality_level_impact_scores (functionality_level_id, impact_criterion_id, score)
  values ('054fce06-ab0e-535f-a726-55488e4254f7', (select id from public.sri_impact_criteria where methodology_version_id=v_mid and code='energy_efficiency'), 0) on conflict (functionality_level_id, impact_criterion_id) do nothing;
  insert into public.sri_functionality_level_impact_scores (functionality_level_id, impact_criterion_id, score)
  values ('054fce06-ab0e-535f-a726-55488e4254f7', (select id from public.sri_impact_criteria where methodology_version_id=v_mid and code='energy_flexibility_and_storage'), 2) on conflict (functionality_level_id, impact_criterion_id) do nothing;
  insert into public.sri_functionality_level_impact_scores (functionality_level_id, impact_criterion_id, score)
  values ('054fce06-ab0e-535f-a726-55488e4254f7', (select id from public.sri_impact_criteria where methodology_version_id=v_mid and code='comfort'), 0) on conflict (functionality_level_id, impact_criterion_id) do nothing;
  insert into public.sri_functionality_level_impact_scores (functionality_level_id, impact_criterion_id, score)
  values ('054fce06-ab0e-535f-a726-55488e4254f7', (select id from public.sri_impact_criteria where methodology_version_id=v_mid and code='convenience'), 2) on conflict (functionality_level_id, impact_criterion_id) do nothing;
  insert into public.sri_functionality_level_impact_scores (functionality_level_id, impact_criterion_id, score)
  values ('054fce06-ab0e-535f-a726-55488e4254f7', (select id from public.sri_impact_criteria where methodology_version_id=v_mid and code='health_wellbeing_accessibility'), 0) on conflict (functionality_level_id, impact_criterion_id) do nothing;
  insert into public.sri_functionality_level_impact_scores (functionality_level_id, impact_criterion_id, score)
  values ('054fce06-ab0e-535f-a726-55488e4254f7', (select id from public.sri_impact_criteria where methodology_version_id=v_mid and code='maintenance_and_fault_prediction'), 0) on conflict (functionality_level_id, impact_criterion_id) do nothing;
  insert into public.sri_functionality_level_impact_scores (functionality_level_id, impact_criterion_id, score)
  values ('054fce06-ab0e-535f-a726-55488e4254f7', (select id from public.sri_impact_criteria where methodology_version_id=v_mid and code='information_to_occupants'), 0) on conflict (functionality_level_id, impact_criterion_id) do nothing;
  insert into public.sri_functionality_level_impact_scores (functionality_level_id, impact_criterion_id, score)
  values ('f4e3f198-afb7-5604-b2a0-076e1e0fac81', (select id from public.sri_impact_criteria where methodology_version_id=v_mid and code='energy_efficiency'), 0) on conflict (functionality_level_id, impact_criterion_id) do nothing;
  insert into public.sri_functionality_level_impact_scores (functionality_level_id, impact_criterion_id, score)
  values ('f4e3f198-afb7-5604-b2a0-076e1e0fac81', (select id from public.sri_impact_criteria where methodology_version_id=v_mid and code='energy_flexibility_and_storage'), 3) on conflict (functionality_level_id, impact_criterion_id) do nothing;
  insert into public.sri_functionality_level_impact_scores (functionality_level_id, impact_criterion_id, score)
  values ('f4e3f198-afb7-5604-b2a0-076e1e0fac81', (select id from public.sri_impact_criteria where methodology_version_id=v_mid and code='comfort'), 0) on conflict (functionality_level_id, impact_criterion_id) do nothing;
  insert into public.sri_functionality_level_impact_scores (functionality_level_id, impact_criterion_id, score)
  values ('f4e3f198-afb7-5604-b2a0-076e1e0fac81', (select id from public.sri_impact_criteria where methodology_version_id=v_mid and code='convenience'), 3) on conflict (functionality_level_id, impact_criterion_id) do nothing;
  insert into public.sri_functionality_level_impact_scores (functionality_level_id, impact_criterion_id, score)
  values ('f4e3f198-afb7-5604-b2a0-076e1e0fac81', (select id from public.sri_impact_criteria where methodology_version_id=v_mid and code='health_wellbeing_accessibility'), 0) on conflict (functionality_level_id, impact_criterion_id) do nothing;
  insert into public.sri_functionality_level_impact_scores (functionality_level_id, impact_criterion_id, score)
  values ('f4e3f198-afb7-5604-b2a0-076e1e0fac81', (select id from public.sri_impact_criteria where methodology_version_id=v_mid and code='maintenance_and_fault_prediction'), 0) on conflict (functionality_level_id, impact_criterion_id) do nothing;
  insert into public.sri_functionality_level_impact_scores (functionality_level_id, impact_criterion_id, score)
  values ('f4e3f198-afb7-5604-b2a0-076e1e0fac81', (select id from public.sri_impact_criteria where methodology_version_id=v_mid and code='information_to_occupants'), 0) on conflict (functionality_level_id, impact_criterion_id) do nothing;

  insert into public.sri_services (id, catalogue_id, domain_id, official_code, internal_code, sort_order, official_name, service_group, purpose, when_applicable, typical_devices, preconditions, fl_max, included_in_method_a, included_in_method_b, triage_affects_max, applicability_mode, mutual_exclusion_group, standards_basis, provenance)
  values ('049e4754-16fa-56e8-a9ae-8f61cac9b117', v_cat, (select id from public.sri_technical_domains where methodology_version_id=v_mid and code='electricity'), 'E-11', 'EL-06', 42, '{"en": "Reporting information regarding energy storage", "pl": "Raportowanie stanu magazynów energii"}'::jsonb, 'Feedback - Reporting information', '{"en": "Report SOC, cycles and storage performance."}'::jsonb, '{"en": "When electrical/thermal storage reporting is available."}'::jsonb, '{"Battery monitoring","BMS"}', 'Only applicable in case of local energy storage', 4, true, true, false, 'smart_ready', null, '{"DG ENER Technical Study 2020"}', 'VERIFIED_ANNEX_D')
  on conflict (catalogue_id, official_code) do nothing;
  insert into public.sri_functionality_levels (id, service_id, level_number, official_description)
  values ('a4a12ed2-31e3-5507-98d4-61f2d4810627', '049e4754-16fa-56e8-a9ae-8f61cac9b117', 0, '{"en": "None"}'::jsonb) on conflict (service_id, level_number) do nothing;
  insert into public.sri_functionality_levels (id, service_id, level_number, official_description)
  values ('56b3bbda-ef5a-55c7-bdca-b70c86205bcb', '049e4754-16fa-56e8-a9ae-8f61cac9b117', 1, '{"en": "Current state of charge (SOC) data available"}'::jsonb) on conflict (service_id, level_number) do nothing;
  insert into public.sri_functionality_levels (id, service_id, level_number, official_description)
  values ('9e4b5998-20aa-5ee4-8367-c24ac8a24e53', '049e4754-16fa-56e8-a9ae-8f61cac9b117', 2, '{"en": "Actual values and historical data"}'::jsonb) on conflict (service_id, level_number) do nothing;
  insert into public.sri_functionality_levels (id, service_id, level_number, official_description)
  values ('c1180c88-0c78-55d9-b93d-2b33eaa5c361', '049e4754-16fa-56e8-a9ae-8f61cac9b117', 3, '{"en": "Performance evaluation including forecasting and/or benchmarking"}'::jsonb) on conflict (service_id, level_number) do nothing;
  insert into public.sri_functionality_levels (id, service_id, level_number, official_description)
  values ('6ec6214e-b4e9-5b6f-bf94-e6d7b25d0a10', '049e4754-16fa-56e8-a9ae-8f61cac9b117', 4, '{"en": "Performance evaluation including forecasting and/or benchmarking; also including predictive management and fault detection"}'::jsonb) on conflict (service_id, level_number) do nothing;
  insert into public.sri_functionality_level_impact_scores (functionality_level_id, impact_criterion_id, score)
  values ('a4a12ed2-31e3-5507-98d4-61f2d4810627', (select id from public.sri_impact_criteria where methodology_version_id=v_mid and code='energy_efficiency'), 0) on conflict (functionality_level_id, impact_criterion_id) do nothing;
  insert into public.sri_functionality_level_impact_scores (functionality_level_id, impact_criterion_id, score)
  values ('a4a12ed2-31e3-5507-98d4-61f2d4810627', (select id from public.sri_impact_criteria where methodology_version_id=v_mid and code='energy_flexibility_and_storage'), 0) on conflict (functionality_level_id, impact_criterion_id) do nothing;
  insert into public.sri_functionality_level_impact_scores (functionality_level_id, impact_criterion_id, score)
  values ('a4a12ed2-31e3-5507-98d4-61f2d4810627', (select id from public.sri_impact_criteria where methodology_version_id=v_mid and code='comfort'), 0) on conflict (functionality_level_id, impact_criterion_id) do nothing;
  insert into public.sri_functionality_level_impact_scores (functionality_level_id, impact_criterion_id, score)
  values ('a4a12ed2-31e3-5507-98d4-61f2d4810627', (select id from public.sri_impact_criteria where methodology_version_id=v_mid and code='convenience'), 0) on conflict (functionality_level_id, impact_criterion_id) do nothing;
  insert into public.sri_functionality_level_impact_scores (functionality_level_id, impact_criterion_id, score)
  values ('a4a12ed2-31e3-5507-98d4-61f2d4810627', (select id from public.sri_impact_criteria where methodology_version_id=v_mid and code='health_wellbeing_accessibility'), 0) on conflict (functionality_level_id, impact_criterion_id) do nothing;
  insert into public.sri_functionality_level_impact_scores (functionality_level_id, impact_criterion_id, score)
  values ('a4a12ed2-31e3-5507-98d4-61f2d4810627', (select id from public.sri_impact_criteria where methodology_version_id=v_mid and code='maintenance_and_fault_prediction'), 0) on conflict (functionality_level_id, impact_criterion_id) do nothing;
  insert into public.sri_functionality_level_impact_scores (functionality_level_id, impact_criterion_id, score)
  values ('a4a12ed2-31e3-5507-98d4-61f2d4810627', (select id from public.sri_impact_criteria where methodology_version_id=v_mid and code='information_to_occupants'), 0) on conflict (functionality_level_id, impact_criterion_id) do nothing;
  insert into public.sri_functionality_level_impact_scores (functionality_level_id, impact_criterion_id, score)
  values ('56b3bbda-ef5a-55c7-bdca-b70c86205bcb', (select id from public.sri_impact_criteria where methodology_version_id=v_mid and code='energy_efficiency'), 1) on conflict (functionality_level_id, impact_criterion_id) do nothing;
  insert into public.sri_functionality_level_impact_scores (functionality_level_id, impact_criterion_id, score)
  values ('56b3bbda-ef5a-55c7-bdca-b70c86205bcb', (select id from public.sri_impact_criteria where methodology_version_id=v_mid and code='energy_flexibility_and_storage'), 0) on conflict (functionality_level_id, impact_criterion_id) do nothing;
  insert into public.sri_functionality_level_impact_scores (functionality_level_id, impact_criterion_id, score)
  values ('56b3bbda-ef5a-55c7-bdca-b70c86205bcb', (select id from public.sri_impact_criteria where methodology_version_id=v_mid and code='comfort'), 0) on conflict (functionality_level_id, impact_criterion_id) do nothing;
  insert into public.sri_functionality_level_impact_scores (functionality_level_id, impact_criterion_id, score)
  values ('56b3bbda-ef5a-55c7-bdca-b70c86205bcb', (select id from public.sri_impact_criteria where methodology_version_id=v_mid and code='convenience'), 0) on conflict (functionality_level_id, impact_criterion_id) do nothing;
  insert into public.sri_functionality_level_impact_scores (functionality_level_id, impact_criterion_id, score)
  values ('56b3bbda-ef5a-55c7-bdca-b70c86205bcb', (select id from public.sri_impact_criteria where methodology_version_id=v_mid and code='health_wellbeing_accessibility'), 0) on conflict (functionality_level_id, impact_criterion_id) do nothing;
  insert into public.sri_functionality_level_impact_scores (functionality_level_id, impact_criterion_id, score)
  values ('56b3bbda-ef5a-55c7-bdca-b70c86205bcb', (select id from public.sri_impact_criteria where methodology_version_id=v_mid and code='maintenance_and_fault_prediction'), 1) on conflict (functionality_level_id, impact_criterion_id) do nothing;
  insert into public.sri_functionality_level_impact_scores (functionality_level_id, impact_criterion_id, score)
  values ('56b3bbda-ef5a-55c7-bdca-b70c86205bcb', (select id from public.sri_impact_criteria where methodology_version_id=v_mid and code='information_to_occupants'), 1) on conflict (functionality_level_id, impact_criterion_id) do nothing;
  insert into public.sri_functionality_level_impact_scores (functionality_level_id, impact_criterion_id, score)
  values ('9e4b5998-20aa-5ee4-8367-c24ac8a24e53', (select id from public.sri_impact_criteria where methodology_version_id=v_mid and code='energy_efficiency'), 1) on conflict (functionality_level_id, impact_criterion_id) do nothing;
  insert into public.sri_functionality_level_impact_scores (functionality_level_id, impact_criterion_id, score)
  values ('9e4b5998-20aa-5ee4-8367-c24ac8a24e53', (select id from public.sri_impact_criteria where methodology_version_id=v_mid and code='energy_flexibility_and_storage'), 0) on conflict (functionality_level_id, impact_criterion_id) do nothing;
  insert into public.sri_functionality_level_impact_scores (functionality_level_id, impact_criterion_id, score)
  values ('9e4b5998-20aa-5ee4-8367-c24ac8a24e53', (select id from public.sri_impact_criteria where methodology_version_id=v_mid and code='comfort'), 0) on conflict (functionality_level_id, impact_criterion_id) do nothing;
  insert into public.sri_functionality_level_impact_scores (functionality_level_id, impact_criterion_id, score)
  values ('9e4b5998-20aa-5ee4-8367-c24ac8a24e53', (select id from public.sri_impact_criteria where methodology_version_id=v_mid and code='convenience'), 0) on conflict (functionality_level_id, impact_criterion_id) do nothing;
  insert into public.sri_functionality_level_impact_scores (functionality_level_id, impact_criterion_id, score)
  values ('9e4b5998-20aa-5ee4-8367-c24ac8a24e53', (select id from public.sri_impact_criteria where methodology_version_id=v_mid and code='health_wellbeing_accessibility'), 0) on conflict (functionality_level_id, impact_criterion_id) do nothing;
  insert into public.sri_functionality_level_impact_scores (functionality_level_id, impact_criterion_id, score)
  values ('9e4b5998-20aa-5ee4-8367-c24ac8a24e53', (select id from public.sri_impact_criteria where methodology_version_id=v_mid and code='maintenance_and_fault_prediction'), 1) on conflict (functionality_level_id, impact_criterion_id) do nothing;
  insert into public.sri_functionality_level_impact_scores (functionality_level_id, impact_criterion_id, score)
  values ('9e4b5998-20aa-5ee4-8367-c24ac8a24e53', (select id from public.sri_impact_criteria where methodology_version_id=v_mid and code='information_to_occupants'), 2) on conflict (functionality_level_id, impact_criterion_id) do nothing;
  insert into public.sri_functionality_level_impact_scores (functionality_level_id, impact_criterion_id, score)
  values ('c1180c88-0c78-55d9-b93d-2b33eaa5c361', (select id from public.sri_impact_criteria where methodology_version_id=v_mid and code='energy_efficiency'), 1) on conflict (functionality_level_id, impact_criterion_id) do nothing;
  insert into public.sri_functionality_level_impact_scores (functionality_level_id, impact_criterion_id, score)
  values ('c1180c88-0c78-55d9-b93d-2b33eaa5c361', (select id from public.sri_impact_criteria where methodology_version_id=v_mid and code='energy_flexibility_and_storage'), 0) on conflict (functionality_level_id, impact_criterion_id) do nothing;
  insert into public.sri_functionality_level_impact_scores (functionality_level_id, impact_criterion_id, score)
  values ('c1180c88-0c78-55d9-b93d-2b33eaa5c361', (select id from public.sri_impact_criteria where methodology_version_id=v_mid and code='comfort'), 0) on conflict (functionality_level_id, impact_criterion_id) do nothing;
  insert into public.sri_functionality_level_impact_scores (functionality_level_id, impact_criterion_id, score)
  values ('c1180c88-0c78-55d9-b93d-2b33eaa5c361', (select id from public.sri_impact_criteria where methodology_version_id=v_mid and code='convenience'), 0) on conflict (functionality_level_id, impact_criterion_id) do nothing;
  insert into public.sri_functionality_level_impact_scores (functionality_level_id, impact_criterion_id, score)
  values ('c1180c88-0c78-55d9-b93d-2b33eaa5c361', (select id from public.sri_impact_criteria where methodology_version_id=v_mid and code='health_wellbeing_accessibility'), 0) on conflict (functionality_level_id, impact_criterion_id) do nothing;
  insert into public.sri_functionality_level_impact_scores (functionality_level_id, impact_criterion_id, score)
  values ('c1180c88-0c78-55d9-b93d-2b33eaa5c361', (select id from public.sri_impact_criteria where methodology_version_id=v_mid and code='maintenance_and_fault_prediction'), 1) on conflict (functionality_level_id, impact_criterion_id) do nothing;
  insert into public.sri_functionality_level_impact_scores (functionality_level_id, impact_criterion_id, score)
  values ('c1180c88-0c78-55d9-b93d-2b33eaa5c361', (select id from public.sri_impact_criteria where methodology_version_id=v_mid and code='information_to_occupants'), 3) on conflict (functionality_level_id, impact_criterion_id) do nothing;
  insert into public.sri_functionality_level_impact_scores (functionality_level_id, impact_criterion_id, score)
  values ('6ec6214e-b4e9-5b6f-bf94-e6d7b25d0a10', (select id from public.sri_impact_criteria where methodology_version_id=v_mid and code='energy_efficiency'), 1) on conflict (functionality_level_id, impact_criterion_id) do nothing;
  insert into public.sri_functionality_level_impact_scores (functionality_level_id, impact_criterion_id, score)
  values ('6ec6214e-b4e9-5b6f-bf94-e6d7b25d0a10', (select id from public.sri_impact_criteria where methodology_version_id=v_mid and code='energy_flexibility_and_storage'), 0) on conflict (functionality_level_id, impact_criterion_id) do nothing;
  insert into public.sri_functionality_level_impact_scores (functionality_level_id, impact_criterion_id, score)
  values ('6ec6214e-b4e9-5b6f-bf94-e6d7b25d0a10', (select id from public.sri_impact_criteria where methodology_version_id=v_mid and code='comfort'), 0) on conflict (functionality_level_id, impact_criterion_id) do nothing;
  insert into public.sri_functionality_level_impact_scores (functionality_level_id, impact_criterion_id, score)
  values ('6ec6214e-b4e9-5b6f-bf94-e6d7b25d0a10', (select id from public.sri_impact_criteria where methodology_version_id=v_mid and code='convenience'), 1) on conflict (functionality_level_id, impact_criterion_id) do nothing;
  insert into public.sri_functionality_level_impact_scores (functionality_level_id, impact_criterion_id, score)
  values ('6ec6214e-b4e9-5b6f-bf94-e6d7b25d0a10', (select id from public.sri_impact_criteria where methodology_version_id=v_mid and code='health_wellbeing_accessibility'), 0) on conflict (functionality_level_id, impact_criterion_id) do nothing;
  insert into public.sri_functionality_level_impact_scores (functionality_level_id, impact_criterion_id, score)
  values ('6ec6214e-b4e9-5b6f-bf94-e6d7b25d0a10', (select id from public.sri_impact_criteria where methodology_version_id=v_mid and code='maintenance_and_fault_prediction'), 2) on conflict (functionality_level_id, impact_criterion_id) do nothing;
  insert into public.sri_functionality_level_impact_scores (functionality_level_id, impact_criterion_id, score)
  values ('6ec6214e-b4e9-5b6f-bf94-e6d7b25d0a10', (select id from public.sri_impact_criteria where methodology_version_id=v_mid and code='information_to_occupants'), 3) on conflict (functionality_level_id, impact_criterion_id) do nothing;

  insert into public.sri_services (id, catalogue_id, domain_id, official_code, internal_code, sort_order, official_name, service_group, purpose, when_applicable, typical_devices, preconditions, fl_max, included_in_method_a, included_in_method_b, triage_affects_max, applicability_mode, mutual_exclusion_group, standards_basis, provenance)
  values ('ad4abcf1-a267-5dfa-a671-024e3b6bf927', v_cat, (select id from public.sri_technical_domains where methodology_version_id=v_mid and code='electricity'), 'E-12', 'EL-07', 43, '{"en": "Reporting information regarding electricity consumption", "pl": "Wsparcie trybu pracy mikro-sieci"}'::jsonb, 'Feedback - Reporting information', '{"en": "Islanded or coordinated microgrid operation."}'::jsonb, '{"en": "When microgrid architecture is implemented."}'::jsonb, '{"Microgrid controllers","Grid-forming inverters"}', 'Always to be assessed', 4, true, true, true, 'smart_ready', null, '{"DG ENER Technical Study 2020"}', 'VERIFIED_ANNEX_D')
  on conflict (catalogue_id, official_code) do nothing;
  insert into public.sri_functionality_levels (id, service_id, level_number, official_description)
  values ('abe0e085-325f-5599-bb4b-806ad24f6e34', 'ad4abcf1-a267-5dfa-a671-024e3b6bf927', 0, '{"en": "None"}'::jsonb) on conflict (service_id, level_number) do nothing;
  insert into public.sri_functionality_levels (id, service_id, level_number, official_description)
  values ('7659c740-464e-5770-9271-31c380451deb', 'ad4abcf1-a267-5dfa-a671-024e3b6bf927', 1, '{"en": "reporting on current electricity consumption on building level"}'::jsonb) on conflict (service_id, level_number) do nothing;
  insert into public.sri_functionality_levels (id, service_id, level_number, official_description)
  values ('dbc7ae59-31f1-5af9-8dff-6e3e522e3cba', 'ad4abcf1-a267-5dfa-a671-024e3b6bf927', 2, '{"en": "real-time feedback or benchmarking on building level"}'::jsonb) on conflict (service_id, level_number) do nothing;
  insert into public.sri_functionality_levels (id, service_id, level_number, official_description)
  values ('2d85305c-776e-5dfc-ba3d-4481e14fab6f', 'ad4abcf1-a267-5dfa-a671-024e3b6bf927', 3, '{"en": "real-time feedback or benchmarking on appliance level"}'::jsonb) on conflict (service_id, level_number) do nothing;
  insert into public.sri_functionality_levels (id, service_id, level_number, official_description)
  values ('625ef95e-b77f-563a-8a6d-e2199b949373', 'ad4abcf1-a267-5dfa-a671-024e3b6bf927', 4, '{"en": "real-time feedback or benchmarking on appliance level with automated personalized recommendations"}'::jsonb) on conflict (service_id, level_number) do nothing;
  insert into public.sri_functionality_level_impact_scores (functionality_level_id, impact_criterion_id, score)
  values ('abe0e085-325f-5599-bb4b-806ad24f6e34', (select id from public.sri_impact_criteria where methodology_version_id=v_mid and code='energy_efficiency'), 0) on conflict (functionality_level_id, impact_criterion_id) do nothing;
  insert into public.sri_functionality_level_impact_scores (functionality_level_id, impact_criterion_id, score)
  values ('abe0e085-325f-5599-bb4b-806ad24f6e34', (select id from public.sri_impact_criteria where methodology_version_id=v_mid and code='energy_flexibility_and_storage'), 0) on conflict (functionality_level_id, impact_criterion_id) do nothing;
  insert into public.sri_functionality_level_impact_scores (functionality_level_id, impact_criterion_id, score)
  values ('abe0e085-325f-5599-bb4b-806ad24f6e34', (select id from public.sri_impact_criteria where methodology_version_id=v_mid and code='comfort'), 0) on conflict (functionality_level_id, impact_criterion_id) do nothing;
  insert into public.sri_functionality_level_impact_scores (functionality_level_id, impact_criterion_id, score)
  values ('abe0e085-325f-5599-bb4b-806ad24f6e34', (select id from public.sri_impact_criteria where methodology_version_id=v_mid and code='convenience'), 0) on conflict (functionality_level_id, impact_criterion_id) do nothing;
  insert into public.sri_functionality_level_impact_scores (functionality_level_id, impact_criterion_id, score)
  values ('abe0e085-325f-5599-bb4b-806ad24f6e34', (select id from public.sri_impact_criteria where methodology_version_id=v_mid and code='health_wellbeing_accessibility'), 0) on conflict (functionality_level_id, impact_criterion_id) do nothing;
  insert into public.sri_functionality_level_impact_scores (functionality_level_id, impact_criterion_id, score)
  values ('abe0e085-325f-5599-bb4b-806ad24f6e34', (select id from public.sri_impact_criteria where methodology_version_id=v_mid and code='maintenance_and_fault_prediction'), 0) on conflict (functionality_level_id, impact_criterion_id) do nothing;
  insert into public.sri_functionality_level_impact_scores (functionality_level_id, impact_criterion_id, score)
  values ('abe0e085-325f-5599-bb4b-806ad24f6e34', (select id from public.sri_impact_criteria where methodology_version_id=v_mid and code='information_to_occupants'), 0) on conflict (functionality_level_id, impact_criterion_id) do nothing;
  insert into public.sri_functionality_level_impact_scores (functionality_level_id, impact_criterion_id, score)
  values ('7659c740-464e-5770-9271-31c380451deb', (select id from public.sri_impact_criteria where methodology_version_id=v_mid and code='energy_efficiency'), 0) on conflict (functionality_level_id, impact_criterion_id) do nothing;
  insert into public.sri_functionality_level_impact_scores (functionality_level_id, impact_criterion_id, score)
  values ('7659c740-464e-5770-9271-31c380451deb', (select id from public.sri_impact_criteria where methodology_version_id=v_mid and code='energy_flexibility_and_storage'), 0) on conflict (functionality_level_id, impact_criterion_id) do nothing;
  insert into public.sri_functionality_level_impact_scores (functionality_level_id, impact_criterion_id, score)
  values ('7659c740-464e-5770-9271-31c380451deb', (select id from public.sri_impact_criteria where methodology_version_id=v_mid and code='comfort'), 0) on conflict (functionality_level_id, impact_criterion_id) do nothing;
  insert into public.sri_functionality_level_impact_scores (functionality_level_id, impact_criterion_id, score)
  values ('7659c740-464e-5770-9271-31c380451deb', (select id from public.sri_impact_criteria where methodology_version_id=v_mid and code='convenience'), 0) on conflict (functionality_level_id, impact_criterion_id) do nothing;
  insert into public.sri_functionality_level_impact_scores (functionality_level_id, impact_criterion_id, score)
  values ('7659c740-464e-5770-9271-31c380451deb', (select id from public.sri_impact_criteria where methodology_version_id=v_mid and code='health_wellbeing_accessibility'), 0) on conflict (functionality_level_id, impact_criterion_id) do nothing;
  insert into public.sri_functionality_level_impact_scores (functionality_level_id, impact_criterion_id, score)
  values ('7659c740-464e-5770-9271-31c380451deb', (select id from public.sri_impact_criteria where methodology_version_id=v_mid and code='maintenance_and_fault_prediction'), 0) on conflict (functionality_level_id, impact_criterion_id) do nothing;
  insert into public.sri_functionality_level_impact_scores (functionality_level_id, impact_criterion_id, score)
  values ('7659c740-464e-5770-9271-31c380451deb', (select id from public.sri_impact_criteria where methodology_version_id=v_mid and code='information_to_occupants'), 1) on conflict (functionality_level_id, impact_criterion_id) do nothing;
  insert into public.sri_functionality_level_impact_scores (functionality_level_id, impact_criterion_id, score)
  values ('dbc7ae59-31f1-5af9-8dff-6e3e522e3cba', (select id from public.sri_impact_criteria where methodology_version_id=v_mid and code='energy_efficiency'), 1) on conflict (functionality_level_id, impact_criterion_id) do nothing;
  insert into public.sri_functionality_level_impact_scores (functionality_level_id, impact_criterion_id, score)
  values ('dbc7ae59-31f1-5af9-8dff-6e3e522e3cba', (select id from public.sri_impact_criteria where methodology_version_id=v_mid and code='energy_flexibility_and_storage'), 0) on conflict (functionality_level_id, impact_criterion_id) do nothing;
  insert into public.sri_functionality_level_impact_scores (functionality_level_id, impact_criterion_id, score)
  values ('dbc7ae59-31f1-5af9-8dff-6e3e522e3cba', (select id from public.sri_impact_criteria where methodology_version_id=v_mid and code='comfort'), 0) on conflict (functionality_level_id, impact_criterion_id) do nothing;
  insert into public.sri_functionality_level_impact_scores (functionality_level_id, impact_criterion_id, score)
  values ('dbc7ae59-31f1-5af9-8dff-6e3e522e3cba', (select id from public.sri_impact_criteria where methodology_version_id=v_mid and code='convenience'), 0) on conflict (functionality_level_id, impact_criterion_id) do nothing;
  insert into public.sri_functionality_level_impact_scores (functionality_level_id, impact_criterion_id, score)
  values ('dbc7ae59-31f1-5af9-8dff-6e3e522e3cba', (select id from public.sri_impact_criteria where methodology_version_id=v_mid and code='health_wellbeing_accessibility'), 0) on conflict (functionality_level_id, impact_criterion_id) do nothing;
  insert into public.sri_functionality_level_impact_scores (functionality_level_id, impact_criterion_id, score)
  values ('dbc7ae59-31f1-5af9-8dff-6e3e522e3cba', (select id from public.sri_impact_criteria where methodology_version_id=v_mid and code='maintenance_and_fault_prediction'), 0) on conflict (functionality_level_id, impact_criterion_id) do nothing;
  insert into public.sri_functionality_level_impact_scores (functionality_level_id, impact_criterion_id, score)
  values ('dbc7ae59-31f1-5af9-8dff-6e3e522e3cba', (select id from public.sri_impact_criteria where methodology_version_id=v_mid and code='information_to_occupants'), 2) on conflict (functionality_level_id, impact_criterion_id) do nothing;
  insert into public.sri_functionality_level_impact_scores (functionality_level_id, impact_criterion_id, score)
  values ('2d85305c-776e-5dfc-ba3d-4481e14fab6f', (select id from public.sri_impact_criteria where methodology_version_id=v_mid and code='energy_efficiency'), 2) on conflict (functionality_level_id, impact_criterion_id) do nothing;
  insert into public.sri_functionality_level_impact_scores (functionality_level_id, impact_criterion_id, score)
  values ('2d85305c-776e-5dfc-ba3d-4481e14fab6f', (select id from public.sri_impact_criteria where methodology_version_id=v_mid and code='energy_flexibility_and_storage'), 0) on conflict (functionality_level_id, impact_criterion_id) do nothing;
  insert into public.sri_functionality_level_impact_scores (functionality_level_id, impact_criterion_id, score)
  values ('2d85305c-776e-5dfc-ba3d-4481e14fab6f', (select id from public.sri_impact_criteria where methodology_version_id=v_mid and code='comfort'), 0) on conflict (functionality_level_id, impact_criterion_id) do nothing;
  insert into public.sri_functionality_level_impact_scores (functionality_level_id, impact_criterion_id, score)
  values ('2d85305c-776e-5dfc-ba3d-4481e14fab6f', (select id from public.sri_impact_criteria where methodology_version_id=v_mid and code='convenience'), 0) on conflict (functionality_level_id, impact_criterion_id) do nothing;
  insert into public.sri_functionality_level_impact_scores (functionality_level_id, impact_criterion_id, score)
  values ('2d85305c-776e-5dfc-ba3d-4481e14fab6f', (select id from public.sri_impact_criteria where methodology_version_id=v_mid and code='health_wellbeing_accessibility'), 0) on conflict (functionality_level_id, impact_criterion_id) do nothing;
  insert into public.sri_functionality_level_impact_scores (functionality_level_id, impact_criterion_id, score)
  values ('2d85305c-776e-5dfc-ba3d-4481e14fab6f', (select id from public.sri_impact_criteria where methodology_version_id=v_mid and code='maintenance_and_fault_prediction'), 1) on conflict (functionality_level_id, impact_criterion_id) do nothing;
  insert into public.sri_functionality_level_impact_scores (functionality_level_id, impact_criterion_id, score)
  values ('2d85305c-776e-5dfc-ba3d-4481e14fab6f', (select id from public.sri_impact_criteria where methodology_version_id=v_mid and code='information_to_occupants'), 3) on conflict (functionality_level_id, impact_criterion_id) do nothing;
  insert into public.sri_functionality_level_impact_scores (functionality_level_id, impact_criterion_id, score)
  values ('625ef95e-b77f-563a-8a6d-e2199b949373', (select id from public.sri_impact_criteria where methodology_version_id=v_mid and code='energy_efficiency'), 3) on conflict (functionality_level_id, impact_criterion_id) do nothing;
  insert into public.sri_functionality_level_impact_scores (functionality_level_id, impact_criterion_id, score)
  values ('625ef95e-b77f-563a-8a6d-e2199b949373', (select id from public.sri_impact_criteria where methodology_version_id=v_mid and code='energy_flexibility_and_storage'), 0) on conflict (functionality_level_id, impact_criterion_id) do nothing;
  insert into public.sri_functionality_level_impact_scores (functionality_level_id, impact_criterion_id, score)
  values ('625ef95e-b77f-563a-8a6d-e2199b949373', (select id from public.sri_impact_criteria where methodology_version_id=v_mid and code='comfort'), 0) on conflict (functionality_level_id, impact_criterion_id) do nothing;
  insert into public.sri_functionality_level_impact_scores (functionality_level_id, impact_criterion_id, score)
  values ('625ef95e-b77f-563a-8a6d-e2199b949373', (select id from public.sri_impact_criteria where methodology_version_id=v_mid and code='convenience'), 1) on conflict (functionality_level_id, impact_criterion_id) do nothing;
  insert into public.sri_functionality_level_impact_scores (functionality_level_id, impact_criterion_id, score)
  values ('625ef95e-b77f-563a-8a6d-e2199b949373', (select id from public.sri_impact_criteria where methodology_version_id=v_mid and code='health_wellbeing_accessibility'), 0) on conflict (functionality_level_id, impact_criterion_id) do nothing;
  insert into public.sri_functionality_level_impact_scores (functionality_level_id, impact_criterion_id, score)
  values ('625ef95e-b77f-563a-8a6d-e2199b949373', (select id from public.sri_impact_criteria where methodology_version_id=v_mid and code='maintenance_and_fault_prediction'), 2) on conflict (functionality_level_id, impact_criterion_id) do nothing;
  insert into public.sri_functionality_level_impact_scores (functionality_level_id, impact_criterion_id, score)
  values ('625ef95e-b77f-563a-8a6d-e2199b949373', (select id from public.sri_impact_criteria where methodology_version_id=v_mid and code='information_to_occupants'), 3) on conflict (functionality_level_id, impact_criterion_id) do nothing;

  insert into public.sri_services (id, catalogue_id, domain_id, official_code, internal_code, sort_order, official_name, service_group, purpose, when_applicable, typical_devices, preconditions, fl_max, included_in_method_a, included_in_method_b, triage_affects_max, applicability_mode, mutual_exclusion_group, standards_basis, provenance)
  values ('bf94cf05-b92a-5b6a-9065-ef668e472ad4', v_cat, (select id from public.sri_technical_domains where methodology_version_id=v_mid and code='electric_vehicle_charging'), 'EV-15', 'EV-01', 44, '{"en": "EV Charging Capacity", "pl": "Moce ładowania pojazdów elektrycznych"}'::jsonb, 'EV Charging', '{"en": "Provide and manage EV charging infrastructure capacity."}'::jsonb, '{"en": "When EV charging points are present or planned (triage)."}'::jsonb, '{"EVSE","Load management controllers"}', 'Only to be assessed if parking spots available on site', 4, true, true, false, 'smart_possible', null, '{"IEC EV roadmap","DG ENER study"}', 'VERIFIED_ANNEX_D')
  on conflict (catalogue_id, official_code) do nothing;
  insert into public.sri_functionality_levels (id, service_id, level_number, official_description)
  values ('27fcbdf0-cf21-57d9-abc2-4fc4e2807f90', 'bf94cf05-b92a-5b6a-9065-ef668e472ad4', 0, '{"en": "not present"}'::jsonb) on conflict (service_id, level_number) do nothing;
  insert into public.sri_functionality_levels (id, service_id, level_number, official_description)
  values ('8d9eb2e1-e8c2-5ad9-8503-16b429f66bc6', 'bf94cf05-b92a-5b6a-9065-ef668e472ad4', 1, '{"en": "ducting (or simple power plug) available"}'::jsonb) on conflict (service_id, level_number) do nothing;
  insert into public.sri_functionality_levels (id, service_id, level_number, official_description)
  values ('b9544b2c-7b44-5500-b00d-7f50bcc42f88', 'bf94cf05-b92a-5b6a-9065-ef668e472ad4', 2, '{"en": "0-9% of parking spaces has recharging points"}'::jsonb) on conflict (service_id, level_number) do nothing;
  insert into public.sri_functionality_levels (id, service_id, level_number, official_description)
  values ('3efd84fe-8bd3-583b-a094-378b8af79a8d', 'bf94cf05-b92a-5b6a-9065-ef668e472ad4', 3, '{"en": "10-50% or parking spaces has recharging point"}'::jsonb) on conflict (service_id, level_number) do nothing;
  insert into public.sri_functionality_levels (id, service_id, level_number, official_description)
  values ('8d49d7f9-2ba7-568a-b0b0-a20dba2967c3', 'bf94cf05-b92a-5b6a-9065-ef668e472ad4', 4, '{"en": ">50% of parking spaces has recharging point"}'::jsonb) on conflict (service_id, level_number) do nothing;
  insert into public.sri_functionality_level_impact_scores (functionality_level_id, impact_criterion_id, score)
  values ('27fcbdf0-cf21-57d9-abc2-4fc4e2807f90', (select id from public.sri_impact_criteria where methodology_version_id=v_mid and code='energy_efficiency'), 0) on conflict (functionality_level_id, impact_criterion_id) do nothing;
  insert into public.sri_functionality_level_impact_scores (functionality_level_id, impact_criterion_id, score)
  values ('27fcbdf0-cf21-57d9-abc2-4fc4e2807f90', (select id from public.sri_impact_criteria where methodology_version_id=v_mid and code='energy_flexibility_and_storage'), 0) on conflict (functionality_level_id, impact_criterion_id) do nothing;
  insert into public.sri_functionality_level_impact_scores (functionality_level_id, impact_criterion_id, score)
  values ('27fcbdf0-cf21-57d9-abc2-4fc4e2807f90', (select id from public.sri_impact_criteria where methodology_version_id=v_mid and code='comfort'), 0) on conflict (functionality_level_id, impact_criterion_id) do nothing;
  insert into public.sri_functionality_level_impact_scores (functionality_level_id, impact_criterion_id, score)
  values ('27fcbdf0-cf21-57d9-abc2-4fc4e2807f90', (select id from public.sri_impact_criteria where methodology_version_id=v_mid and code='convenience'), 0) on conflict (functionality_level_id, impact_criterion_id) do nothing;
  insert into public.sri_functionality_level_impact_scores (functionality_level_id, impact_criterion_id, score)
  values ('27fcbdf0-cf21-57d9-abc2-4fc4e2807f90', (select id from public.sri_impact_criteria where methodology_version_id=v_mid and code='health_wellbeing_accessibility'), 0) on conflict (functionality_level_id, impact_criterion_id) do nothing;
  insert into public.sri_functionality_level_impact_scores (functionality_level_id, impact_criterion_id, score)
  values ('27fcbdf0-cf21-57d9-abc2-4fc4e2807f90', (select id from public.sri_impact_criteria where methodology_version_id=v_mid and code='maintenance_and_fault_prediction'), 0) on conflict (functionality_level_id, impact_criterion_id) do nothing;
  insert into public.sri_functionality_level_impact_scores (functionality_level_id, impact_criterion_id, score)
  values ('27fcbdf0-cf21-57d9-abc2-4fc4e2807f90', (select id from public.sri_impact_criteria where methodology_version_id=v_mid and code='information_to_occupants'), 0) on conflict (functionality_level_id, impact_criterion_id) do nothing;
  insert into public.sri_functionality_level_impact_scores (functionality_level_id, impact_criterion_id, score)
  values ('8d9eb2e1-e8c2-5ad9-8503-16b429f66bc6', (select id from public.sri_impact_criteria where methodology_version_id=v_mid and code='energy_efficiency'), 0) on conflict (functionality_level_id, impact_criterion_id) do nothing;
  insert into public.sri_functionality_level_impact_scores (functionality_level_id, impact_criterion_id, score)
  values ('8d9eb2e1-e8c2-5ad9-8503-16b429f66bc6', (select id from public.sri_impact_criteria where methodology_version_id=v_mid and code='energy_flexibility_and_storage'), 0) on conflict (functionality_level_id, impact_criterion_id) do nothing;
  insert into public.sri_functionality_level_impact_scores (functionality_level_id, impact_criterion_id, score)
  values ('8d9eb2e1-e8c2-5ad9-8503-16b429f66bc6', (select id from public.sri_impact_criteria where methodology_version_id=v_mid and code='comfort'), 0) on conflict (functionality_level_id, impact_criterion_id) do nothing;
  insert into public.sri_functionality_level_impact_scores (functionality_level_id, impact_criterion_id, score)
  values ('8d9eb2e1-e8c2-5ad9-8503-16b429f66bc6', (select id from public.sri_impact_criteria where methodology_version_id=v_mid and code='convenience'), 1) on conflict (functionality_level_id, impact_criterion_id) do nothing;
  insert into public.sri_functionality_level_impact_scores (functionality_level_id, impact_criterion_id, score)
  values ('8d9eb2e1-e8c2-5ad9-8503-16b429f66bc6', (select id from public.sri_impact_criteria where methodology_version_id=v_mid and code='health_wellbeing_accessibility'), 0) on conflict (functionality_level_id, impact_criterion_id) do nothing;
  insert into public.sri_functionality_level_impact_scores (functionality_level_id, impact_criterion_id, score)
  values ('8d9eb2e1-e8c2-5ad9-8503-16b429f66bc6', (select id from public.sri_impact_criteria where methodology_version_id=v_mid and code='maintenance_and_fault_prediction'), 0) on conflict (functionality_level_id, impact_criterion_id) do nothing;
  insert into public.sri_functionality_level_impact_scores (functionality_level_id, impact_criterion_id, score)
  values ('8d9eb2e1-e8c2-5ad9-8503-16b429f66bc6', (select id from public.sri_impact_criteria where methodology_version_id=v_mid and code='information_to_occupants'), 0) on conflict (functionality_level_id, impact_criterion_id) do nothing;
  insert into public.sri_functionality_level_impact_scores (functionality_level_id, impact_criterion_id, score)
  values ('b9544b2c-7b44-5500-b00d-7f50bcc42f88', (select id from public.sri_impact_criteria where methodology_version_id=v_mid and code='energy_efficiency'), 0) on conflict (functionality_level_id, impact_criterion_id) do nothing;
  insert into public.sri_functionality_level_impact_scores (functionality_level_id, impact_criterion_id, score)
  values ('b9544b2c-7b44-5500-b00d-7f50bcc42f88', (select id from public.sri_impact_criteria where methodology_version_id=v_mid and code='energy_flexibility_and_storage'), 0) on conflict (functionality_level_id, impact_criterion_id) do nothing;
  insert into public.sri_functionality_level_impact_scores (functionality_level_id, impact_criterion_id, score)
  values ('b9544b2c-7b44-5500-b00d-7f50bcc42f88', (select id from public.sri_impact_criteria where methodology_version_id=v_mid and code='comfort'), 0) on conflict (functionality_level_id, impact_criterion_id) do nothing;
  insert into public.sri_functionality_level_impact_scores (functionality_level_id, impact_criterion_id, score)
  values ('b9544b2c-7b44-5500-b00d-7f50bcc42f88', (select id from public.sri_impact_criteria where methodology_version_id=v_mid and code='convenience'), 2) on conflict (functionality_level_id, impact_criterion_id) do nothing;
  insert into public.sri_functionality_level_impact_scores (functionality_level_id, impact_criterion_id, score)
  values ('b9544b2c-7b44-5500-b00d-7f50bcc42f88', (select id from public.sri_impact_criteria where methodology_version_id=v_mid and code='health_wellbeing_accessibility'), 0) on conflict (functionality_level_id, impact_criterion_id) do nothing;
  insert into public.sri_functionality_level_impact_scores (functionality_level_id, impact_criterion_id, score)
  values ('b9544b2c-7b44-5500-b00d-7f50bcc42f88', (select id from public.sri_impact_criteria where methodology_version_id=v_mid and code='maintenance_and_fault_prediction'), 0) on conflict (functionality_level_id, impact_criterion_id) do nothing;
  insert into public.sri_functionality_level_impact_scores (functionality_level_id, impact_criterion_id, score)
  values ('b9544b2c-7b44-5500-b00d-7f50bcc42f88', (select id from public.sri_impact_criteria where methodology_version_id=v_mid and code='information_to_occupants'), 0) on conflict (functionality_level_id, impact_criterion_id) do nothing;
  insert into public.sri_functionality_level_impact_scores (functionality_level_id, impact_criterion_id, score)
  values ('3efd84fe-8bd3-583b-a094-378b8af79a8d', (select id from public.sri_impact_criteria where methodology_version_id=v_mid and code='energy_efficiency'), 0) on conflict (functionality_level_id, impact_criterion_id) do nothing;
  insert into public.sri_functionality_level_impact_scores (functionality_level_id, impact_criterion_id, score)
  values ('3efd84fe-8bd3-583b-a094-378b8af79a8d', (select id from public.sri_impact_criteria where methodology_version_id=v_mid and code='energy_flexibility_and_storage'), 0) on conflict (functionality_level_id, impact_criterion_id) do nothing;
  insert into public.sri_functionality_level_impact_scores (functionality_level_id, impact_criterion_id, score)
  values ('3efd84fe-8bd3-583b-a094-378b8af79a8d', (select id from public.sri_impact_criteria where methodology_version_id=v_mid and code='comfort'), 0) on conflict (functionality_level_id, impact_criterion_id) do nothing;
  insert into public.sri_functionality_level_impact_scores (functionality_level_id, impact_criterion_id, score)
  values ('3efd84fe-8bd3-583b-a094-378b8af79a8d', (select id from public.sri_impact_criteria where methodology_version_id=v_mid and code='convenience'), 3) on conflict (functionality_level_id, impact_criterion_id) do nothing;
  insert into public.sri_functionality_level_impact_scores (functionality_level_id, impact_criterion_id, score)
  values ('3efd84fe-8bd3-583b-a094-378b8af79a8d', (select id from public.sri_impact_criteria where methodology_version_id=v_mid and code='health_wellbeing_accessibility'), 0) on conflict (functionality_level_id, impact_criterion_id) do nothing;
  insert into public.sri_functionality_level_impact_scores (functionality_level_id, impact_criterion_id, score)
  values ('3efd84fe-8bd3-583b-a094-378b8af79a8d', (select id from public.sri_impact_criteria where methodology_version_id=v_mid and code='maintenance_and_fault_prediction'), 0) on conflict (functionality_level_id, impact_criterion_id) do nothing;
  insert into public.sri_functionality_level_impact_scores (functionality_level_id, impact_criterion_id, score)
  values ('3efd84fe-8bd3-583b-a094-378b8af79a8d', (select id from public.sri_impact_criteria where methodology_version_id=v_mid and code='information_to_occupants'), 0) on conflict (functionality_level_id, impact_criterion_id) do nothing;
  insert into public.sri_functionality_level_impact_scores (functionality_level_id, impact_criterion_id, score)
  values ('8d49d7f9-2ba7-568a-b0b0-a20dba2967c3', (select id from public.sri_impact_criteria where methodology_version_id=v_mid and code='energy_efficiency'), 0) on conflict (functionality_level_id, impact_criterion_id) do nothing;
  insert into public.sri_functionality_level_impact_scores (functionality_level_id, impact_criterion_id, score)
  values ('8d49d7f9-2ba7-568a-b0b0-a20dba2967c3', (select id from public.sri_impact_criteria where methodology_version_id=v_mid and code='energy_flexibility_and_storage'), 0) on conflict (functionality_level_id, impact_criterion_id) do nothing;
  insert into public.sri_functionality_level_impact_scores (functionality_level_id, impact_criterion_id, score)
  values ('8d49d7f9-2ba7-568a-b0b0-a20dba2967c3', (select id from public.sri_impact_criteria where methodology_version_id=v_mid and code='comfort'), 0) on conflict (functionality_level_id, impact_criterion_id) do nothing;
  insert into public.sri_functionality_level_impact_scores (functionality_level_id, impact_criterion_id, score)
  values ('8d49d7f9-2ba7-568a-b0b0-a20dba2967c3', (select id from public.sri_impact_criteria where methodology_version_id=v_mid and code='convenience'), 3) on conflict (functionality_level_id, impact_criterion_id) do nothing;
  insert into public.sri_functionality_level_impact_scores (functionality_level_id, impact_criterion_id, score)
  values ('8d49d7f9-2ba7-568a-b0b0-a20dba2967c3', (select id from public.sri_impact_criteria where methodology_version_id=v_mid and code='health_wellbeing_accessibility'), 0) on conflict (functionality_level_id, impact_criterion_id) do nothing;
  insert into public.sri_functionality_level_impact_scores (functionality_level_id, impact_criterion_id, score)
  values ('8d49d7f9-2ba7-568a-b0b0-a20dba2967c3', (select id from public.sri_impact_criteria where methodology_version_id=v_mid and code='maintenance_and_fault_prediction'), 0) on conflict (functionality_level_id, impact_criterion_id) do nothing;
  insert into public.sri_functionality_level_impact_scores (functionality_level_id, impact_criterion_id, score)
  values ('8d49d7f9-2ba7-568a-b0b0-a20dba2967c3', (select id from public.sri_impact_criteria where methodology_version_id=v_mid and code='information_to_occupants'), 0) on conflict (functionality_level_id, impact_criterion_id) do nothing;

  insert into public.sri_services (id, catalogue_id, domain_id, official_code, internal_code, sort_order, official_name, service_group, purpose, when_applicable, typical_devices, preconditions, fl_max, included_in_method_a, included_in_method_b, triage_affects_max, applicability_mode, mutual_exclusion_group, standards_basis, provenance)
  values ('8831e7eb-3924-553c-93c6-ca3c39c16a6f', v_cat, (select id from public.sri_technical_domains where methodology_version_id=v_mid and code='electric_vehicle_charging'), 'EV-16', 'EV-02', 45, '{"en": "EV Charging Grid balancing", "pl": "Harmonogramowe balansowanie obciążenia ładowania EV"}'::jsonb, 'EV Charging - Grid', '{"en": "Shift EV charging to off-peak or renewable surplus."}'::jsonb, '{"en": "When multiple EVSE or smart charging exists."}'::jsonb, '{"Smart EVSE","OCPP backends","BMS"}', 'Only to be assessed if EV charging available on site', 2, true, true, false, 'smart_possible', null, '{"DG ENER Technical Study 2020"}', 'VERIFIED_ANNEX_D')
  on conflict (catalogue_id, official_code) do nothing;
  insert into public.sri_functionality_levels (id, service_id, level_number, official_description)
  values ('6b697bad-42b0-5871-a23b-b51f146fbe82', '8831e7eb-3924-553c-93c6-ca3c39c16a6f', 0, '{"en": "Not present (uncontrolled charging)"}'::jsonb) on conflict (service_id, level_number) do nothing;
  insert into public.sri_functionality_levels (id, service_id, level_number, official_description)
  values ('98538837-034f-58bb-92cd-005b8779a8a3', '8831e7eb-3924-553c-93c6-ca3c39c16a6f', 1, '{"en": "1-way controlled charging (e.g. including desired departure time and grid signals for optimization)"}'::jsonb) on conflict (service_id, level_number) do nothing;
  insert into public.sri_functionality_levels (id, service_id, level_number, official_description)
  values ('601374b8-ec5a-5665-9fa3-dbae40d3d197', '8831e7eb-3924-553c-93c6-ca3c39c16a6f', 2, '{"en": "2-way controlled charging (e.g. including desired departure time and grid signals for optimization)"}'::jsonb) on conflict (service_id, level_number) do nothing;
  insert into public.sri_functionality_level_impact_scores (functionality_level_id, impact_criterion_id, score)
  values ('6b697bad-42b0-5871-a23b-b51f146fbe82', (select id from public.sri_impact_criteria where methodology_version_id=v_mid and code='energy_efficiency'), 0) on conflict (functionality_level_id, impact_criterion_id) do nothing;
  insert into public.sri_functionality_level_impact_scores (functionality_level_id, impact_criterion_id, score)
  values ('6b697bad-42b0-5871-a23b-b51f146fbe82', (select id from public.sri_impact_criteria where methodology_version_id=v_mid and code='energy_flexibility_and_storage'), -2) on conflict (functionality_level_id, impact_criterion_id) do nothing;
  insert into public.sri_functionality_level_impact_scores (functionality_level_id, impact_criterion_id, score)
  values ('6b697bad-42b0-5871-a23b-b51f146fbe82', (select id from public.sri_impact_criteria where methodology_version_id=v_mid and code='comfort'), 0) on conflict (functionality_level_id, impact_criterion_id) do nothing;
  insert into public.sri_functionality_level_impact_scores (functionality_level_id, impact_criterion_id, score)
  values ('6b697bad-42b0-5871-a23b-b51f146fbe82', (select id from public.sri_impact_criteria where methodology_version_id=v_mid and code='convenience'), 0) on conflict (functionality_level_id, impact_criterion_id) do nothing;
  insert into public.sri_functionality_level_impact_scores (functionality_level_id, impact_criterion_id, score)
  values ('6b697bad-42b0-5871-a23b-b51f146fbe82', (select id from public.sri_impact_criteria where methodology_version_id=v_mid and code='health_wellbeing_accessibility'), 0) on conflict (functionality_level_id, impact_criterion_id) do nothing;
  insert into public.sri_functionality_level_impact_scores (functionality_level_id, impact_criterion_id, score)
  values ('6b697bad-42b0-5871-a23b-b51f146fbe82', (select id from public.sri_impact_criteria where methodology_version_id=v_mid and code='maintenance_and_fault_prediction'), 0) on conflict (functionality_level_id, impact_criterion_id) do nothing;
  insert into public.sri_functionality_level_impact_scores (functionality_level_id, impact_criterion_id, score)
  values ('6b697bad-42b0-5871-a23b-b51f146fbe82', (select id from public.sri_impact_criteria where methodology_version_id=v_mid and code='information_to_occupants'), 0) on conflict (functionality_level_id, impact_criterion_id) do nothing;
  insert into public.sri_functionality_level_impact_scores (functionality_level_id, impact_criterion_id, score)
  values ('98538837-034f-58bb-92cd-005b8779a8a3', (select id from public.sri_impact_criteria where methodology_version_id=v_mid and code='energy_efficiency'), 0) on conflict (functionality_level_id, impact_criterion_id) do nothing;
  insert into public.sri_functionality_level_impact_scores (functionality_level_id, impact_criterion_id, score)
  values ('98538837-034f-58bb-92cd-005b8779a8a3', (select id from public.sri_impact_criteria where methodology_version_id=v_mid and code='energy_flexibility_and_storage'), 1) on conflict (functionality_level_id, impact_criterion_id) do nothing;
  insert into public.sri_functionality_level_impact_scores (functionality_level_id, impact_criterion_id, score)
  values ('98538837-034f-58bb-92cd-005b8779a8a3', (select id from public.sri_impact_criteria where methodology_version_id=v_mid and code='comfort'), 0) on conflict (functionality_level_id, impact_criterion_id) do nothing;
  insert into public.sri_functionality_level_impact_scores (functionality_level_id, impact_criterion_id, score)
  values ('98538837-034f-58bb-92cd-005b8779a8a3', (select id from public.sri_impact_criteria where methodology_version_id=v_mid and code='convenience'), 2) on conflict (functionality_level_id, impact_criterion_id) do nothing;
  insert into public.sri_functionality_level_impact_scores (functionality_level_id, impact_criterion_id, score)
  values ('98538837-034f-58bb-92cd-005b8779a8a3', (select id from public.sri_impact_criteria where methodology_version_id=v_mid and code='health_wellbeing_accessibility'), 0) on conflict (functionality_level_id, impact_criterion_id) do nothing;
  insert into public.sri_functionality_level_impact_scores (functionality_level_id, impact_criterion_id, score)
  values ('98538837-034f-58bb-92cd-005b8779a8a3', (select id from public.sri_impact_criteria where methodology_version_id=v_mid and code='maintenance_and_fault_prediction'), 0) on conflict (functionality_level_id, impact_criterion_id) do nothing;
  insert into public.sri_functionality_level_impact_scores (functionality_level_id, impact_criterion_id, score)
  values ('98538837-034f-58bb-92cd-005b8779a8a3', (select id from public.sri_impact_criteria where methodology_version_id=v_mid and code='information_to_occupants'), 0) on conflict (functionality_level_id, impact_criterion_id) do nothing;
  insert into public.sri_functionality_level_impact_scores (functionality_level_id, impact_criterion_id, score)
  values ('601374b8-ec5a-5665-9fa3-dbae40d3d197', (select id from public.sri_impact_criteria where methodology_version_id=v_mid and code='energy_efficiency'), 0) on conflict (functionality_level_id, impact_criterion_id) do nothing;
  insert into public.sri_functionality_level_impact_scores (functionality_level_id, impact_criterion_id, score)
  values ('601374b8-ec5a-5665-9fa3-dbae40d3d197', (select id from public.sri_impact_criteria where methodology_version_id=v_mid and code='energy_flexibility_and_storage'), 3) on conflict (functionality_level_id, impact_criterion_id) do nothing;
  insert into public.sri_functionality_level_impact_scores (functionality_level_id, impact_criterion_id, score)
  values ('601374b8-ec5a-5665-9fa3-dbae40d3d197', (select id from public.sri_impact_criteria where methodology_version_id=v_mid and code='comfort'), 0) on conflict (functionality_level_id, impact_criterion_id) do nothing;
  insert into public.sri_functionality_level_impact_scores (functionality_level_id, impact_criterion_id, score)
  values ('601374b8-ec5a-5665-9fa3-dbae40d3d197', (select id from public.sri_impact_criteria where methodology_version_id=v_mid and code='convenience'), 2) on conflict (functionality_level_id, impact_criterion_id) do nothing;
  insert into public.sri_functionality_level_impact_scores (functionality_level_id, impact_criterion_id, score)
  values ('601374b8-ec5a-5665-9fa3-dbae40d3d197', (select id from public.sri_impact_criteria where methodology_version_id=v_mid and code='health_wellbeing_accessibility'), 0) on conflict (functionality_level_id, impact_criterion_id) do nothing;
  insert into public.sri_functionality_level_impact_scores (functionality_level_id, impact_criterion_id, score)
  values ('601374b8-ec5a-5665-9fa3-dbae40d3d197', (select id from public.sri_impact_criteria where methodology_version_id=v_mid and code='maintenance_and_fault_prediction'), 0) on conflict (functionality_level_id, impact_criterion_id) do nothing;
  insert into public.sri_functionality_level_impact_scores (functionality_level_id, impact_criterion_id, score)
  values ('601374b8-ec5a-5665-9fa3-dbae40d3d197', (select id from public.sri_impact_criteria where methodology_version_id=v_mid and code='information_to_occupants'), 0) on conflict (functionality_level_id, impact_criterion_id) do nothing;

  insert into public.sri_services (id, catalogue_id, domain_id, official_code, internal_code, sort_order, official_name, service_group, purpose, when_applicable, typical_devices, preconditions, fl_max, included_in_method_a, included_in_method_b, triage_affects_max, applicability_mode, mutual_exclusion_group, standards_basis, provenance)
  values ('eccd0f58-211c-5754-bf51-051b918b36e5', v_cat, (select id from public.sri_technical_domains where methodology_version_id=v_mid and code='electric_vehicle_charging'), 'EV-17', 'EV-03', 46, '{"en": "EV charging information and connectivity", "pl": "Informacja o ładowaniu pojazdów elektrycznych"}'::jsonb, 'EV Charging - connectivity', '{"en": "Inform users about charging status, cost and availability."}'::jsonb, '{"en": "When EV charging is available."}'::jsonb, '{"EV apps","Display panels","BMS"}', 'Only to be assessed if EV charging available on site', 2, true, true, false, 'smart_possible', null, '{"DG ENER Technical Study 2020"}', 'VERIFIED_ANNEX_D')
  on conflict (catalogue_id, official_code) do nothing;
  insert into public.sri_functionality_levels (id, service_id, level_number, official_description)
  values ('6cbb6488-98d5-56c9-b004-ca5e9c795870', 'eccd0f58-211c-5754-bf51-051b918b36e5', 0, '{"en": "No information available"}'::jsonb) on conflict (service_id, level_number) do nothing;
  insert into public.sri_functionality_levels (id, service_id, level_number, official_description)
  values ('22af3bf5-9773-5191-ae46-49fead970112', 'eccd0f58-211c-5754-bf51-051b918b36e5', 1, '{"en": "Reporting information on EV charging status to occupant"}'::jsonb) on conflict (service_id, level_number) do nothing;
  insert into public.sri_functionality_levels (id, service_id, level_number, official_description)
  values ('fb8b4cca-f819-58bc-a89f-e7c5455446aa', 'eccd0f58-211c-5754-bf51-051b918b36e5', 2, '{"en": "Reporting information on EV charging status to occupant AND automatic identification and authorizition of the driver to the charging station (ISO 15118 compliant)"}'::jsonb) on conflict (service_id, level_number) do nothing;
  insert into public.sri_functionality_level_impact_scores (functionality_level_id, impact_criterion_id, score)
  values ('6cbb6488-98d5-56c9-b004-ca5e9c795870', (select id from public.sri_impact_criteria where methodology_version_id=v_mid and code='energy_efficiency'), 0) on conflict (functionality_level_id, impact_criterion_id) do nothing;
  insert into public.sri_functionality_level_impact_scores (functionality_level_id, impact_criterion_id, score)
  values ('6cbb6488-98d5-56c9-b004-ca5e9c795870', (select id from public.sri_impact_criteria where methodology_version_id=v_mid and code='energy_flexibility_and_storage'), 0) on conflict (functionality_level_id, impact_criterion_id) do nothing;
  insert into public.sri_functionality_level_impact_scores (functionality_level_id, impact_criterion_id, score)
  values ('6cbb6488-98d5-56c9-b004-ca5e9c795870', (select id from public.sri_impact_criteria where methodology_version_id=v_mid and code='comfort'), 0) on conflict (functionality_level_id, impact_criterion_id) do nothing;
  insert into public.sri_functionality_level_impact_scores (functionality_level_id, impact_criterion_id, score)
  values ('6cbb6488-98d5-56c9-b004-ca5e9c795870', (select id from public.sri_impact_criteria where methodology_version_id=v_mid and code='convenience'), 0) on conflict (functionality_level_id, impact_criterion_id) do nothing;
  insert into public.sri_functionality_level_impact_scores (functionality_level_id, impact_criterion_id, score)
  values ('6cbb6488-98d5-56c9-b004-ca5e9c795870', (select id from public.sri_impact_criteria where methodology_version_id=v_mid and code='health_wellbeing_accessibility'), 0) on conflict (functionality_level_id, impact_criterion_id) do nothing;
  insert into public.sri_functionality_level_impact_scores (functionality_level_id, impact_criterion_id, score)
  values ('6cbb6488-98d5-56c9-b004-ca5e9c795870', (select id from public.sri_impact_criteria where methodology_version_id=v_mid and code='maintenance_and_fault_prediction'), 0) on conflict (functionality_level_id, impact_criterion_id) do nothing;
  insert into public.sri_functionality_level_impact_scores (functionality_level_id, impact_criterion_id, score)
  values ('6cbb6488-98d5-56c9-b004-ca5e9c795870', (select id from public.sri_impact_criteria where methodology_version_id=v_mid and code='information_to_occupants'), 0) on conflict (functionality_level_id, impact_criterion_id) do nothing;
  insert into public.sri_functionality_level_impact_scores (functionality_level_id, impact_criterion_id, score)
  values ('22af3bf5-9773-5191-ae46-49fead970112', (select id from public.sri_impact_criteria where methodology_version_id=v_mid and code='energy_efficiency'), 0) on conflict (functionality_level_id, impact_criterion_id) do nothing;
  insert into public.sri_functionality_level_impact_scores (functionality_level_id, impact_criterion_id, score)
  values ('22af3bf5-9773-5191-ae46-49fead970112', (select id from public.sri_impact_criteria where methodology_version_id=v_mid and code='energy_flexibility_and_storage'), 0) on conflict (functionality_level_id, impact_criterion_id) do nothing;
  insert into public.sri_functionality_level_impact_scores (functionality_level_id, impact_criterion_id, score)
  values ('22af3bf5-9773-5191-ae46-49fead970112', (select id from public.sri_impact_criteria where methodology_version_id=v_mid and code='comfort'), 0) on conflict (functionality_level_id, impact_criterion_id) do nothing;
  insert into public.sri_functionality_level_impact_scores (functionality_level_id, impact_criterion_id, score)
  values ('22af3bf5-9773-5191-ae46-49fead970112', (select id from public.sri_impact_criteria where methodology_version_id=v_mid and code='convenience'), 1) on conflict (functionality_level_id, impact_criterion_id) do nothing;
  insert into public.sri_functionality_level_impact_scores (functionality_level_id, impact_criterion_id, score)
  values ('22af3bf5-9773-5191-ae46-49fead970112', (select id from public.sri_impact_criteria where methodology_version_id=v_mid and code='health_wellbeing_accessibility'), 0) on conflict (functionality_level_id, impact_criterion_id) do nothing;
  insert into public.sri_functionality_level_impact_scores (functionality_level_id, impact_criterion_id, score)
  values ('22af3bf5-9773-5191-ae46-49fead970112', (select id from public.sri_impact_criteria where methodology_version_id=v_mid and code='maintenance_and_fault_prediction'), 0) on conflict (functionality_level_id, impact_criterion_id) do nothing;
  insert into public.sri_functionality_level_impact_scores (functionality_level_id, impact_criterion_id, score)
  values ('22af3bf5-9773-5191-ae46-49fead970112', (select id from public.sri_impact_criteria where methodology_version_id=v_mid and code='information_to_occupants'), 2) on conflict (functionality_level_id, impact_criterion_id) do nothing;
  insert into public.sri_functionality_level_impact_scores (functionality_level_id, impact_criterion_id, score)
  values ('fb8b4cca-f819-58bc-a89f-e7c5455446aa', (select id from public.sri_impact_criteria where methodology_version_id=v_mid and code='energy_efficiency'), 0) on conflict (functionality_level_id, impact_criterion_id) do nothing;
  insert into public.sri_functionality_level_impact_scores (functionality_level_id, impact_criterion_id, score)
  values ('fb8b4cca-f819-58bc-a89f-e7c5455446aa', (select id from public.sri_impact_criteria where methodology_version_id=v_mid and code='energy_flexibility_and_storage'), 1) on conflict (functionality_level_id, impact_criterion_id) do nothing;
  insert into public.sri_functionality_level_impact_scores (functionality_level_id, impact_criterion_id, score)
  values ('fb8b4cca-f819-58bc-a89f-e7c5455446aa', (select id from public.sri_impact_criteria where methodology_version_id=v_mid and code='comfort'), 0) on conflict (functionality_level_id, impact_criterion_id) do nothing;
  insert into public.sri_functionality_level_impact_scores (functionality_level_id, impact_criterion_id, score)
  values ('fb8b4cca-f819-58bc-a89f-e7c5455446aa', (select id from public.sri_impact_criteria where methodology_version_id=v_mid and code='convenience'), 1) on conflict (functionality_level_id, impact_criterion_id) do nothing;
  insert into public.sri_functionality_level_impact_scores (functionality_level_id, impact_criterion_id, score)
  values ('fb8b4cca-f819-58bc-a89f-e7c5455446aa', (select id from public.sri_impact_criteria where methodology_version_id=v_mid and code='health_wellbeing_accessibility'), 0) on conflict (functionality_level_id, impact_criterion_id) do nothing;
  insert into public.sri_functionality_level_impact_scores (functionality_level_id, impact_criterion_id, score)
  values ('fb8b4cca-f819-58bc-a89f-e7c5455446aa', (select id from public.sri_impact_criteria where methodology_version_id=v_mid and code='maintenance_and_fault_prediction'), 0) on conflict (functionality_level_id, impact_criterion_id) do nothing;
  insert into public.sri_functionality_level_impact_scores (functionality_level_id, impact_criterion_id, score)
  values ('fb8b4cca-f819-58bc-a89f-e7c5455446aa', (select id from public.sri_impact_criteria where methodology_version_id=v_mid and code='information_to_occupants'), 3) on conflict (functionality_level_id, impact_criterion_id) do nothing;

  insert into public.sri_services (id, catalogue_id, domain_id, official_code, internal_code, sort_order, official_name, service_group, purpose, when_applicable, typical_devices, preconditions, fl_max, included_in_method_a, included_in_method_b, triage_affects_max, applicability_mode, mutual_exclusion_group, standards_basis, provenance)
  values ('2ac4325b-d274-54cc-969f-a4912e03a4a6', v_cat, (select id from public.sri_technical_domains where methodology_version_id=v_mid and code='monitoring_and_control'), 'MC-3', 'M-01', 47, '{"en": "Run time management of HVAC systems", "pl": "Centralne raportowanie pracy TBS i zużycia energii"}'::jsonb, 'HVAC interaction control', '{"en": "Unified visibility of all technical building systems."}'::jsonb, '{"en": "When BMS or central monitoring exists."}'::jsonb, '{"BMS","SCADA","Energy management platforms"}', '0', 3, false, true, true, 'smart_ready', null, '{"DG ENER Technical Study 2020"}', 'VERIFIED_ANNEX_D')
  on conflict (catalogue_id, official_code) do nothing;
  insert into public.sri_functionality_levels (id, service_id, level_number, official_description)
  values ('85ed34ab-0168-5de4-91d7-a56c35d6cba4', '2ac4325b-d274-54cc-969f-a4912e03a4a6', 0, '{"en": "Manual setting"}'::jsonb) on conflict (service_id, level_number) do nothing;
  insert into public.sri_functionality_levels (id, service_id, level_number, official_description)
  values ('09a20db6-a20f-5946-9ceb-dcd69b2950be', '2ac4325b-d274-54cc-969f-a4912e03a4a6', 1, '{"en": "Runtime setting of heating and cooling plants following a predefined time schedule"}'::jsonb) on conflict (service_id, level_number) do nothing;
  insert into public.sri_functionality_levels (id, service_id, level_number, official_description)
  values ('49b69983-088a-5fc8-a2c0-668ccac2b0bb', '2ac4325b-d274-54cc-969f-a4912e03a4a6', 2, '{"en": "Heating and cooling plant on/off control based on building loads"}'::jsonb) on conflict (service_id, level_number) do nothing;
  insert into public.sri_functionality_levels (id, service_id, level_number, official_description)
  values ('f52f5e64-4006-5b5f-821e-9fab1a647d3d', '2ac4325b-d274-54cc-969f-a4912e03a4a6', 3, '{"en": "Heating and cooling plant on/off control based on predictive control or grid signals"}'::jsonb) on conflict (service_id, level_number) do nothing;
  insert into public.sri_functionality_level_impact_scores (functionality_level_id, impact_criterion_id, score)
  values ('85ed34ab-0168-5de4-91d7-a56c35d6cba4', (select id from public.sri_impact_criteria where methodology_version_id=v_mid and code='energy_efficiency'), 0) on conflict (functionality_level_id, impact_criterion_id) do nothing;
  insert into public.sri_functionality_level_impact_scores (functionality_level_id, impact_criterion_id, score)
  values ('85ed34ab-0168-5de4-91d7-a56c35d6cba4', (select id from public.sri_impact_criteria where methodology_version_id=v_mid and code='energy_flexibility_and_storage'), 0) on conflict (functionality_level_id, impact_criterion_id) do nothing;
  insert into public.sri_functionality_level_impact_scores (functionality_level_id, impact_criterion_id, score)
  values ('85ed34ab-0168-5de4-91d7-a56c35d6cba4', (select id from public.sri_impact_criteria where methodology_version_id=v_mid and code='comfort'), 0) on conflict (functionality_level_id, impact_criterion_id) do nothing;
  insert into public.sri_functionality_level_impact_scores (functionality_level_id, impact_criterion_id, score)
  values ('85ed34ab-0168-5de4-91d7-a56c35d6cba4', (select id from public.sri_impact_criteria where methodology_version_id=v_mid and code='convenience'), 0) on conflict (functionality_level_id, impact_criterion_id) do nothing;
  insert into public.sri_functionality_level_impact_scores (functionality_level_id, impact_criterion_id, score)
  values ('85ed34ab-0168-5de4-91d7-a56c35d6cba4', (select id from public.sri_impact_criteria where methodology_version_id=v_mid and code='health_wellbeing_accessibility'), 0) on conflict (functionality_level_id, impact_criterion_id) do nothing;
  insert into public.sri_functionality_level_impact_scores (functionality_level_id, impact_criterion_id, score)
  values ('85ed34ab-0168-5de4-91d7-a56c35d6cba4', (select id from public.sri_impact_criteria where methodology_version_id=v_mid and code='maintenance_and_fault_prediction'), 0) on conflict (functionality_level_id, impact_criterion_id) do nothing;
  insert into public.sri_functionality_level_impact_scores (functionality_level_id, impact_criterion_id, score)
  values ('85ed34ab-0168-5de4-91d7-a56c35d6cba4', (select id from public.sri_impact_criteria where methodology_version_id=v_mid and code='information_to_occupants'), 0) on conflict (functionality_level_id, impact_criterion_id) do nothing;
  insert into public.sri_functionality_level_impact_scores (functionality_level_id, impact_criterion_id, score)
  values ('09a20db6-a20f-5946-9ceb-dcd69b2950be', (select id from public.sri_impact_criteria where methodology_version_id=v_mid and code='energy_efficiency'), 1) on conflict (functionality_level_id, impact_criterion_id) do nothing;
  insert into public.sri_functionality_level_impact_scores (functionality_level_id, impact_criterion_id, score)
  values ('09a20db6-a20f-5946-9ceb-dcd69b2950be', (select id from public.sri_impact_criteria where methodology_version_id=v_mid and code='energy_flexibility_and_storage'), 1) on conflict (functionality_level_id, impact_criterion_id) do nothing;
  insert into public.sri_functionality_level_impact_scores (functionality_level_id, impact_criterion_id, score)
  values ('09a20db6-a20f-5946-9ceb-dcd69b2950be', (select id from public.sri_impact_criteria where methodology_version_id=v_mid and code='comfort'), 1) on conflict (functionality_level_id, impact_criterion_id) do nothing;
  insert into public.sri_functionality_level_impact_scores (functionality_level_id, impact_criterion_id, score)
  values ('09a20db6-a20f-5946-9ceb-dcd69b2950be', (select id from public.sri_impact_criteria where methodology_version_id=v_mid and code='convenience'), 1) on conflict (functionality_level_id, impact_criterion_id) do nothing;
  insert into public.sri_functionality_level_impact_scores (functionality_level_id, impact_criterion_id, score)
  values ('09a20db6-a20f-5946-9ceb-dcd69b2950be', (select id from public.sri_impact_criteria where methodology_version_id=v_mid and code='health_wellbeing_accessibility'), 0) on conflict (functionality_level_id, impact_criterion_id) do nothing;
  insert into public.sri_functionality_level_impact_scores (functionality_level_id, impact_criterion_id, score)
  values ('09a20db6-a20f-5946-9ceb-dcd69b2950be', (select id from public.sri_impact_criteria where methodology_version_id=v_mid and code='maintenance_and_fault_prediction'), 0) on conflict (functionality_level_id, impact_criterion_id) do nothing;
  insert into public.sri_functionality_level_impact_scores (functionality_level_id, impact_criterion_id, score)
  values ('09a20db6-a20f-5946-9ceb-dcd69b2950be', (select id from public.sri_impact_criteria where methodology_version_id=v_mid and code='information_to_occupants'), 0) on conflict (functionality_level_id, impact_criterion_id) do nothing;
  insert into public.sri_functionality_level_impact_scores (functionality_level_id, impact_criterion_id, score)
  values ('49b69983-088a-5fc8-a2c0-668ccac2b0bb', (select id from public.sri_impact_criteria where methodology_version_id=v_mid and code='energy_efficiency'), 2) on conflict (functionality_level_id, impact_criterion_id) do nothing;
  insert into public.sri_functionality_level_impact_scores (functionality_level_id, impact_criterion_id, score)
  values ('49b69983-088a-5fc8-a2c0-668ccac2b0bb', (select id from public.sri_impact_criteria where methodology_version_id=v_mid and code='energy_flexibility_and_storage'), 1) on conflict (functionality_level_id, impact_criterion_id) do nothing;
  insert into public.sri_functionality_level_impact_scores (functionality_level_id, impact_criterion_id, score)
  values ('49b69983-088a-5fc8-a2c0-668ccac2b0bb', (select id from public.sri_impact_criteria where methodology_version_id=v_mid and code='comfort'), 2) on conflict (functionality_level_id, impact_criterion_id) do nothing;
  insert into public.sri_functionality_level_impact_scores (functionality_level_id, impact_criterion_id, score)
  values ('49b69983-088a-5fc8-a2c0-668ccac2b0bb', (select id from public.sri_impact_criteria where methodology_version_id=v_mid and code='convenience'), 2) on conflict (functionality_level_id, impact_criterion_id) do nothing;
  insert into public.sri_functionality_level_impact_scores (functionality_level_id, impact_criterion_id, score)
  values ('49b69983-088a-5fc8-a2c0-668ccac2b0bb', (select id from public.sri_impact_criteria where methodology_version_id=v_mid and code='health_wellbeing_accessibility'), 1) on conflict (functionality_level_id, impact_criterion_id) do nothing;
  insert into public.sri_functionality_level_impact_scores (functionality_level_id, impact_criterion_id, score)
  values ('49b69983-088a-5fc8-a2c0-668ccac2b0bb', (select id from public.sri_impact_criteria where methodology_version_id=v_mid and code='maintenance_and_fault_prediction'), 0) on conflict (functionality_level_id, impact_criterion_id) do nothing;
  insert into public.sri_functionality_level_impact_scores (functionality_level_id, impact_criterion_id, score)
  values ('49b69983-088a-5fc8-a2c0-668ccac2b0bb', (select id from public.sri_impact_criteria where methodology_version_id=v_mid and code='information_to_occupants'), 0) on conflict (functionality_level_id, impact_criterion_id) do nothing;
  insert into public.sri_functionality_level_impact_scores (functionality_level_id, impact_criterion_id, score)
  values ('f52f5e64-4006-5b5f-821e-9fab1a647d3d', (select id from public.sri_impact_criteria where methodology_version_id=v_mid and code='energy_efficiency'), 3) on conflict (functionality_level_id, impact_criterion_id) do nothing;
  insert into public.sri_functionality_level_impact_scores (functionality_level_id, impact_criterion_id, score)
  values ('f52f5e64-4006-5b5f-821e-9fab1a647d3d', (select id from public.sri_impact_criteria where methodology_version_id=v_mid and code='energy_flexibility_and_storage'), 2) on conflict (functionality_level_id, impact_criterion_id) do nothing;
  insert into public.sri_functionality_level_impact_scores (functionality_level_id, impact_criterion_id, score)
  values ('f52f5e64-4006-5b5f-821e-9fab1a647d3d', (select id from public.sri_impact_criteria where methodology_version_id=v_mid and code='comfort'), 2) on conflict (functionality_level_id, impact_criterion_id) do nothing;
  insert into public.sri_functionality_level_impact_scores (functionality_level_id, impact_criterion_id, score)
  values ('f52f5e64-4006-5b5f-821e-9fab1a647d3d', (select id from public.sri_impact_criteria where methodology_version_id=v_mid and code='convenience'), 3) on conflict (functionality_level_id, impact_criterion_id) do nothing;
  insert into public.sri_functionality_level_impact_scores (functionality_level_id, impact_criterion_id, score)
  values ('f52f5e64-4006-5b5f-821e-9fab1a647d3d', (select id from public.sri_impact_criteria where methodology_version_id=v_mid and code='health_wellbeing_accessibility'), 1) on conflict (functionality_level_id, impact_criterion_id) do nothing;
  insert into public.sri_functionality_level_impact_scores (functionality_level_id, impact_criterion_id, score)
  values ('f52f5e64-4006-5b5f-821e-9fab1a647d3d', (select id from public.sri_impact_criteria where methodology_version_id=v_mid and code='maintenance_and_fault_prediction'), 0) on conflict (functionality_level_id, impact_criterion_id) do nothing;
  insert into public.sri_functionality_level_impact_scores (functionality_level_id, impact_criterion_id, score)
  values ('f52f5e64-4006-5b5f-821e-9fab1a647d3d', (select id from public.sri_impact_criteria where methodology_version_id=v_mid and code='information_to_occupants'), 0) on conflict (functionality_level_id, impact_criterion_id) do nothing;

  insert into public.sri_services (id, catalogue_id, domain_id, official_code, internal_code, sort_order, official_name, service_group, purpose, when_applicable, typical_devices, preconditions, fl_max, included_in_method_a, included_in_method_b, triage_affects_max, applicability_mode, mutual_exclusion_group, standards_basis, provenance)
  values ('1e512c7d-3dff-59aa-aebe-21f35aefdeff', v_cat, (select id from public.sri_technical_domains where methodology_version_id=v_mid and code='monitoring_and_control'), 'MC-4', 'M-02', 48, '{"en": "Detecting faults of technical building systems and providing support to the diagnosis of these faults", "pl": "Integracja z inteligentną siecią (harmonizacja TBS)"}'::jsonb, 'Fault detection', '{"en": "Coordinate building systems for grid-friendly operation."}'::jsonb, '{"en": "When grid interface or aggregator connection exists."}'::jsonb, '{"Grid interfaces","OpenADR","BMS"}', '0', 3, false, true, true, 'smart_ready', null, '{"DG ENER Technical Study 2020"}', 'VERIFIED_ANNEX_D')
  on conflict (catalogue_id, official_code) do nothing;
  insert into public.sri_functionality_levels (id, service_id, level_number, official_description)
  values ('c9cb3b5a-c5c5-5668-a817-9415f10baa4c', '1e512c7d-3dff-59aa-aebe-21f35aefdeff', 0, '{"en": "No central indication of detected faults and alarms"}'::jsonb) on conflict (service_id, level_number) do nothing;
  insert into public.sri_functionality_levels (id, service_id, level_number, official_description)
  values ('486cbb91-e8c0-572f-9f0f-512978b304c9', '1e512c7d-3dff-59aa-aebe-21f35aefdeff', 1, '{"en": "With central indication of detected faults and alarms for at least 2 relevant TBS"}'::jsonb) on conflict (service_id, level_number) do nothing;
  insert into public.sri_functionality_levels (id, service_id, level_number, official_description)
  values ('09507c85-e4ac-56a4-aa9b-74363afe4ebe', '1e512c7d-3dff-59aa-aebe-21f35aefdeff', 2, '{"en": "With central indication of detected faults and alarms for all relevant TBS"}'::jsonb) on conflict (service_id, level_number) do nothing;
  insert into public.sri_functionality_levels (id, service_id, level_number, official_description)
  values ('f68f51b5-86e3-59f4-9926-ce138a9366cf', '1e512c7d-3dff-59aa-aebe-21f35aefdeff', 3, '{"en": "With central indication of detected faults and alarms for all relevant TBS, including diagnosing functions"}'::jsonb) on conflict (service_id, level_number) do nothing;
  insert into public.sri_functionality_level_impact_scores (functionality_level_id, impact_criterion_id, score)
  values ('c9cb3b5a-c5c5-5668-a817-9415f10baa4c', (select id from public.sri_impact_criteria where methodology_version_id=v_mid and code='energy_efficiency'), 0) on conflict (functionality_level_id, impact_criterion_id) do nothing;
  insert into public.sri_functionality_level_impact_scores (functionality_level_id, impact_criterion_id, score)
  values ('c9cb3b5a-c5c5-5668-a817-9415f10baa4c', (select id from public.sri_impact_criteria where methodology_version_id=v_mid and code='energy_flexibility_and_storage'), 0) on conflict (functionality_level_id, impact_criterion_id) do nothing;
  insert into public.sri_functionality_level_impact_scores (functionality_level_id, impact_criterion_id, score)
  values ('c9cb3b5a-c5c5-5668-a817-9415f10baa4c', (select id from public.sri_impact_criteria where methodology_version_id=v_mid and code='comfort'), 0) on conflict (functionality_level_id, impact_criterion_id) do nothing;
  insert into public.sri_functionality_level_impact_scores (functionality_level_id, impact_criterion_id, score)
  values ('c9cb3b5a-c5c5-5668-a817-9415f10baa4c', (select id from public.sri_impact_criteria where methodology_version_id=v_mid and code='convenience'), 0) on conflict (functionality_level_id, impact_criterion_id) do nothing;
  insert into public.sri_functionality_level_impact_scores (functionality_level_id, impact_criterion_id, score)
  values ('c9cb3b5a-c5c5-5668-a817-9415f10baa4c', (select id from public.sri_impact_criteria where methodology_version_id=v_mid and code='health_wellbeing_accessibility'), 0) on conflict (functionality_level_id, impact_criterion_id) do nothing;
  insert into public.sri_functionality_level_impact_scores (functionality_level_id, impact_criterion_id, score)
  values ('c9cb3b5a-c5c5-5668-a817-9415f10baa4c', (select id from public.sri_impact_criteria where methodology_version_id=v_mid and code='maintenance_and_fault_prediction'), 0) on conflict (functionality_level_id, impact_criterion_id) do nothing;
  insert into public.sri_functionality_level_impact_scores (functionality_level_id, impact_criterion_id, score)
  values ('c9cb3b5a-c5c5-5668-a817-9415f10baa4c', (select id from public.sri_impact_criteria where methodology_version_id=v_mid and code='information_to_occupants'), 0) on conflict (functionality_level_id, impact_criterion_id) do nothing;
  insert into public.sri_functionality_level_impact_scores (functionality_level_id, impact_criterion_id, score)
  values ('486cbb91-e8c0-572f-9f0f-512978b304c9', (select id from public.sri_impact_criteria where methodology_version_id=v_mid and code='energy_efficiency'), 0) on conflict (functionality_level_id, impact_criterion_id) do nothing;
  insert into public.sri_functionality_level_impact_scores (functionality_level_id, impact_criterion_id, score)
  values ('486cbb91-e8c0-572f-9f0f-512978b304c9', (select id from public.sri_impact_criteria where methodology_version_id=v_mid and code='energy_flexibility_and_storage'), 0) on conflict (functionality_level_id, impact_criterion_id) do nothing;
  insert into public.sri_functionality_level_impact_scores (functionality_level_id, impact_criterion_id, score)
  values ('486cbb91-e8c0-572f-9f0f-512978b304c9', (select id from public.sri_impact_criteria where methodology_version_id=v_mid and code='comfort'), 0) on conflict (functionality_level_id, impact_criterion_id) do nothing;
  insert into public.sri_functionality_level_impact_scores (functionality_level_id, impact_criterion_id, score)
  values ('486cbb91-e8c0-572f-9f0f-512978b304c9', (select id from public.sri_impact_criteria where methodology_version_id=v_mid and code='convenience'), 1) on conflict (functionality_level_id, impact_criterion_id) do nothing;
  insert into public.sri_functionality_level_impact_scores (functionality_level_id, impact_criterion_id, score)
  values ('486cbb91-e8c0-572f-9f0f-512978b304c9', (select id from public.sri_impact_criteria where methodology_version_id=v_mid and code='health_wellbeing_accessibility'), 1) on conflict (functionality_level_id, impact_criterion_id) do nothing;
  insert into public.sri_functionality_level_impact_scores (functionality_level_id, impact_criterion_id, score)
  values ('486cbb91-e8c0-572f-9f0f-512978b304c9', (select id from public.sri_impact_criteria where methodology_version_id=v_mid and code='maintenance_and_fault_prediction'), 1) on conflict (functionality_level_id, impact_criterion_id) do nothing;
  insert into public.sri_functionality_level_impact_scores (functionality_level_id, impact_criterion_id, score)
  values ('486cbb91-e8c0-572f-9f0f-512978b304c9', (select id from public.sri_impact_criteria where methodology_version_id=v_mid and code='information_to_occupants'), 1) on conflict (functionality_level_id, impact_criterion_id) do nothing;
  insert into public.sri_functionality_level_impact_scores (functionality_level_id, impact_criterion_id, score)
  values ('09507c85-e4ac-56a4-aa9b-74363afe4ebe', (select id from public.sri_impact_criteria where methodology_version_id=v_mid and code='energy_efficiency'), 0) on conflict (functionality_level_id, impact_criterion_id) do nothing;
  insert into public.sri_functionality_level_impact_scores (functionality_level_id, impact_criterion_id, score)
  values ('09507c85-e4ac-56a4-aa9b-74363afe4ebe', (select id from public.sri_impact_criteria where methodology_version_id=v_mid and code='energy_flexibility_and_storage'), 0) on conflict (functionality_level_id, impact_criterion_id) do nothing;
  insert into public.sri_functionality_level_impact_scores (functionality_level_id, impact_criterion_id, score)
  values ('09507c85-e4ac-56a4-aa9b-74363afe4ebe', (select id from public.sri_impact_criteria where methodology_version_id=v_mid and code='comfort'), 0) on conflict (functionality_level_id, impact_criterion_id) do nothing;
  insert into public.sri_functionality_level_impact_scores (functionality_level_id, impact_criterion_id, score)
  values ('09507c85-e4ac-56a4-aa9b-74363afe4ebe', (select id from public.sri_impact_criteria where methodology_version_id=v_mid and code='convenience'), 2) on conflict (functionality_level_id, impact_criterion_id) do nothing;
  insert into public.sri_functionality_level_impact_scores (functionality_level_id, impact_criterion_id, score)
  values ('09507c85-e4ac-56a4-aa9b-74363afe4ebe', (select id from public.sri_impact_criteria where methodology_version_id=v_mid and code='health_wellbeing_accessibility'), 2) on conflict (functionality_level_id, impact_criterion_id) do nothing;
  insert into public.sri_functionality_level_impact_scores (functionality_level_id, impact_criterion_id, score)
  values ('09507c85-e4ac-56a4-aa9b-74363afe4ebe', (select id from public.sri_impact_criteria where methodology_version_id=v_mid and code='maintenance_and_fault_prediction'), 2) on conflict (functionality_level_id, impact_criterion_id) do nothing;
  insert into public.sri_functionality_level_impact_scores (functionality_level_id, impact_criterion_id, score)
  values ('09507c85-e4ac-56a4-aa9b-74363afe4ebe', (select id from public.sri_impact_criteria where methodology_version_id=v_mid and code='information_to_occupants'), 2) on conflict (functionality_level_id, impact_criterion_id) do nothing;
  insert into public.sri_functionality_level_impact_scores (functionality_level_id, impact_criterion_id, score)
  values ('f68f51b5-86e3-59f4-9926-ce138a9366cf', (select id from public.sri_impact_criteria where methodology_version_id=v_mid and code='energy_efficiency'), 0) on conflict (functionality_level_id, impact_criterion_id) do nothing;
  insert into public.sri_functionality_level_impact_scores (functionality_level_id, impact_criterion_id, score)
  values ('f68f51b5-86e3-59f4-9926-ce138a9366cf', (select id from public.sri_impact_criteria where methodology_version_id=v_mid and code='energy_flexibility_and_storage'), 0) on conflict (functionality_level_id, impact_criterion_id) do nothing;
  insert into public.sri_functionality_level_impact_scores (functionality_level_id, impact_criterion_id, score)
  values ('f68f51b5-86e3-59f4-9926-ce138a9366cf', (select id from public.sri_impact_criteria where methodology_version_id=v_mid and code='comfort'), 0) on conflict (functionality_level_id, impact_criterion_id) do nothing;
  insert into public.sri_functionality_level_impact_scores (functionality_level_id, impact_criterion_id, score)
  values ('f68f51b5-86e3-59f4-9926-ce138a9366cf', (select id from public.sri_impact_criteria where methodology_version_id=v_mid and code='convenience'), 3) on conflict (functionality_level_id, impact_criterion_id) do nothing;
  insert into public.sri_functionality_level_impact_scores (functionality_level_id, impact_criterion_id, score)
  values ('f68f51b5-86e3-59f4-9926-ce138a9366cf', (select id from public.sri_impact_criteria where methodology_version_id=v_mid and code='health_wellbeing_accessibility'), 3) on conflict (functionality_level_id, impact_criterion_id) do nothing;
  insert into public.sri_functionality_level_impact_scores (functionality_level_id, impact_criterion_id, score)
  values ('f68f51b5-86e3-59f4-9926-ce138a9366cf', (select id from public.sri_impact_criteria where methodology_version_id=v_mid and code='maintenance_and_fault_prediction'), 3) on conflict (functionality_level_id, impact_criterion_id) do nothing;
  insert into public.sri_functionality_level_impact_scores (functionality_level_id, impact_criterion_id, score)
  values ('f68f51b5-86e3-59f4-9926-ce138a9366cf', (select id from public.sri_impact_criteria where methodology_version_id=v_mid and code='information_to_occupants'), 3) on conflict (functionality_level_id, impact_criterion_id) do nothing;

  insert into public.sri_services (id, catalogue_id, domain_id, official_code, internal_code, sort_order, official_name, service_group, purpose, when_applicable, typical_devices, preconditions, fl_max, included_in_method_a, included_in_method_b, triage_affects_max, applicability_mode, mutual_exclusion_group, standards_basis, provenance)
  values ('bcaa6565-2514-57d5-9613-e40666048d45', v_cat, (select id from public.sri_technical_domains where methodology_version_id=v_mid and code='monitoring_and_control'), 'MC-9', 'M-03', 49, '{"en": "Occupancy detection: connected services", "pl": "Jedna platforma automatycznego sterowania i koordynacji TBS"}'::jsonb, 'TBS interaction control', '{"en": "Orchestrate HVAC, lighting, envelope from one platform."}'::jsonb, '{"en": "When integrated BMS/BACS platform exists."}'::jsonb, '{"BMS","IoT platforms","Digital twins"}', '0', 2, false, true, true, 'smart_ready', null, '{"DG ENER Technical Study 2020"}', 'VERIFIED_ANNEX_D')
  on conflict (catalogue_id, official_code) do nothing;
  insert into public.sri_functionality_levels (id, service_id, level_number, official_description)
  values ('cd008275-528e-5a0d-9879-fa11a364c88d', 'bcaa6565-2514-57d5-9613-e40666048d45', 0, '{"en": "None"}'::jsonb) on conflict (service_id, level_number) do nothing;
  insert into public.sri_functionality_levels (id, service_id, level_number, official_description)
  values ('03328f48-6c5d-578f-9a0c-18a40fb50e23', 'bcaa6565-2514-57d5-9613-e40666048d45', 1, '{"en": "Occupancy detection for individual functions, e.g. lighting"}'::jsonb) on conflict (service_id, level_number) do nothing;
  insert into public.sri_functionality_levels (id, service_id, level_number, official_description)
  values ('2233507a-9d54-589c-9e29-1016e3283639', 'bcaa6565-2514-57d5-9613-e40666048d45', 2, '{"en": "Centralised occupant detection which feeds in to several TBS such as lighting and heating"}'::jsonb) on conflict (service_id, level_number) do nothing;
  insert into public.sri_functionality_level_impact_scores (functionality_level_id, impact_criterion_id, score)
  values ('cd008275-528e-5a0d-9879-fa11a364c88d', (select id from public.sri_impact_criteria where methodology_version_id=v_mid and code='energy_efficiency'), 0) on conflict (functionality_level_id, impact_criterion_id) do nothing;
  insert into public.sri_functionality_level_impact_scores (functionality_level_id, impact_criterion_id, score)
  values ('cd008275-528e-5a0d-9879-fa11a364c88d', (select id from public.sri_impact_criteria where methodology_version_id=v_mid and code='energy_flexibility_and_storage'), 0) on conflict (functionality_level_id, impact_criterion_id) do nothing;
  insert into public.sri_functionality_level_impact_scores (functionality_level_id, impact_criterion_id, score)
  values ('cd008275-528e-5a0d-9879-fa11a364c88d', (select id from public.sri_impact_criteria where methodology_version_id=v_mid and code='comfort'), 0) on conflict (functionality_level_id, impact_criterion_id) do nothing;
  insert into public.sri_functionality_level_impact_scores (functionality_level_id, impact_criterion_id, score)
  values ('cd008275-528e-5a0d-9879-fa11a364c88d', (select id from public.sri_impact_criteria where methodology_version_id=v_mid and code='convenience'), 0) on conflict (functionality_level_id, impact_criterion_id) do nothing;
  insert into public.sri_functionality_level_impact_scores (functionality_level_id, impact_criterion_id, score)
  values ('cd008275-528e-5a0d-9879-fa11a364c88d', (select id from public.sri_impact_criteria where methodology_version_id=v_mid and code='health_wellbeing_accessibility'), 0) on conflict (functionality_level_id, impact_criterion_id) do nothing;
  insert into public.sri_functionality_level_impact_scores (functionality_level_id, impact_criterion_id, score)
  values ('cd008275-528e-5a0d-9879-fa11a364c88d', (select id from public.sri_impact_criteria where methodology_version_id=v_mid and code='maintenance_and_fault_prediction'), 0) on conflict (functionality_level_id, impact_criterion_id) do nothing;
  insert into public.sri_functionality_level_impact_scores (functionality_level_id, impact_criterion_id, score)
  values ('cd008275-528e-5a0d-9879-fa11a364c88d', (select id from public.sri_impact_criteria where methodology_version_id=v_mid and code='information_to_occupants'), 0) on conflict (functionality_level_id, impact_criterion_id) do nothing;
  insert into public.sri_functionality_level_impact_scores (functionality_level_id, impact_criterion_id, score)
  values ('03328f48-6c5d-578f-9a0c-18a40fb50e23', (select id from public.sri_impact_criteria where methodology_version_id=v_mid and code='energy_efficiency'), 1) on conflict (functionality_level_id, impact_criterion_id) do nothing;
  insert into public.sri_functionality_level_impact_scores (functionality_level_id, impact_criterion_id, score)
  values ('03328f48-6c5d-578f-9a0c-18a40fb50e23', (select id from public.sri_impact_criteria where methodology_version_id=v_mid and code='energy_flexibility_and_storage'), 0) on conflict (functionality_level_id, impact_criterion_id) do nothing;
  insert into public.sri_functionality_level_impact_scores (functionality_level_id, impact_criterion_id, score)
  values ('03328f48-6c5d-578f-9a0c-18a40fb50e23', (select id from public.sri_impact_criteria where methodology_version_id=v_mid and code='comfort'), 1) on conflict (functionality_level_id, impact_criterion_id) do nothing;
  insert into public.sri_functionality_level_impact_scores (functionality_level_id, impact_criterion_id, score)
  values ('03328f48-6c5d-578f-9a0c-18a40fb50e23', (select id from public.sri_impact_criteria where methodology_version_id=v_mid and code='convenience'), 1) on conflict (functionality_level_id, impact_criterion_id) do nothing;
  insert into public.sri_functionality_level_impact_scores (functionality_level_id, impact_criterion_id, score)
  values ('03328f48-6c5d-578f-9a0c-18a40fb50e23', (select id from public.sri_impact_criteria where methodology_version_id=v_mid and code='health_wellbeing_accessibility'), 0) on conflict (functionality_level_id, impact_criterion_id) do nothing;
  insert into public.sri_functionality_level_impact_scores (functionality_level_id, impact_criterion_id, score)
  values ('03328f48-6c5d-578f-9a0c-18a40fb50e23', (select id from public.sri_impact_criteria where methodology_version_id=v_mid and code='maintenance_and_fault_prediction'), 1) on conflict (functionality_level_id, impact_criterion_id) do nothing;
  insert into public.sri_functionality_level_impact_scores (functionality_level_id, impact_criterion_id, score)
  values ('03328f48-6c5d-578f-9a0c-18a40fb50e23', (select id from public.sri_impact_criteria where methodology_version_id=v_mid and code='information_to_occupants'), 0) on conflict (functionality_level_id, impact_criterion_id) do nothing;
  insert into public.sri_functionality_level_impact_scores (functionality_level_id, impact_criterion_id, score)
  values ('2233507a-9d54-589c-9e29-1016e3283639', (select id from public.sri_impact_criteria where methodology_version_id=v_mid and code='energy_efficiency'), 1) on conflict (functionality_level_id, impact_criterion_id) do nothing;
  insert into public.sri_functionality_level_impact_scores (functionality_level_id, impact_criterion_id, score)
  values ('2233507a-9d54-589c-9e29-1016e3283639', (select id from public.sri_impact_criteria where methodology_version_id=v_mid and code='energy_flexibility_and_storage'), 0) on conflict (functionality_level_id, impact_criterion_id) do nothing;
  insert into public.sri_functionality_level_impact_scores (functionality_level_id, impact_criterion_id, score)
  values ('2233507a-9d54-589c-9e29-1016e3283639', (select id from public.sri_impact_criteria where methodology_version_id=v_mid and code='comfort'), 1) on conflict (functionality_level_id, impact_criterion_id) do nothing;
  insert into public.sri_functionality_level_impact_scores (functionality_level_id, impact_criterion_id, score)
  values ('2233507a-9d54-589c-9e29-1016e3283639', (select id from public.sri_impact_criteria where methodology_version_id=v_mid and code='convenience'), 1) on conflict (functionality_level_id, impact_criterion_id) do nothing;
  insert into public.sri_functionality_level_impact_scores (functionality_level_id, impact_criterion_id, score)
  values ('2233507a-9d54-589c-9e29-1016e3283639', (select id from public.sri_impact_criteria where methodology_version_id=v_mid and code='health_wellbeing_accessibility'), 0) on conflict (functionality_level_id, impact_criterion_id) do nothing;
  insert into public.sri_functionality_level_impact_scores (functionality_level_id, impact_criterion_id, score)
  values ('2233507a-9d54-589c-9e29-1016e3283639', (select id from public.sri_impact_criteria where methodology_version_id=v_mid and code='maintenance_and_fault_prediction'), 2) on conflict (functionality_level_id, impact_criterion_id) do nothing;
  insert into public.sri_functionality_level_impact_scores (functionality_level_id, impact_criterion_id, score)
  values ('2233507a-9d54-589c-9e29-1016e3283639', (select id from public.sri_impact_criteria where methodology_version_id=v_mid and code='information_to_occupants'), 0) on conflict (functionality_level_id, impact_criterion_id) do nothing;

  insert into public.sri_services (id, catalogue_id, domain_id, official_code, internal_code, sort_order, official_name, service_group, purpose, when_applicable, typical_devices, preconditions, fl_max, included_in_method_a, included_in_method_b, triage_affects_max, applicability_mode, mutual_exclusion_group, standards_basis, provenance)
  values ('da26fc58-c544-5580-be22-aa5f24fb4e09', v_cat, (select id from public.sri_technical_domains where methodology_version_id=v_mid and code='monitoring_and_control'), 'MC-13', 'M-04', 50, '{"en": "Central reporting of TBS performance and energy use", "pl": "Harmonogramowanie pracy systemów HVAC"}'::jsonb, 'Feedback - Reporting information', '{"en": "Program HVAC operation by occupancy calendar."}'::jsonb, '{"en": "When schedulable HVAC exists."}'::jsonb, '{"BMS schedules","Time clocks"}', '0', 3, true, true, true, 'smart_ready', null, '{"EN ISO 52120-1"}', 'VERIFIED_ANNEX_D')
  on conflict (catalogue_id, official_code) do nothing;
  insert into public.sri_functionality_levels (id, service_id, level_number, official_description)
  values ('198d65cf-baa9-5b50-b428-ac4c57c93e46', 'da26fc58-c544-5580-be22-aa5f24fb4e09', 0, '{"en": "None"}'::jsonb) on conflict (service_id, level_number) do nothing;
  insert into public.sri_functionality_levels (id, service_id, level_number, official_description)
  values ('715fa40a-0906-5012-ab7e-bf61b54ff0fe', 'da26fc58-c544-5580-be22-aa5f24fb4e09', 1, '{"en": "Central or remote reporting of realtime energy use per energy carrier"}'::jsonb) on conflict (service_id, level_number) do nothing;
  insert into public.sri_functionality_levels (id, service_id, level_number, official_description)
  values ('3f30f6ed-4706-54cd-83f3-591fbfbaf949', 'da26fc58-c544-5580-be22-aa5f24fb4e09', 2, '{"en": "Central or remote reporting of realtime energy use per energy carrier, combining TBS of at least 2 domains in one interface"}'::jsonb) on conflict (service_id, level_number) do nothing;
  insert into public.sri_functionality_levels (id, service_id, level_number, official_description)
  values ('02edc03a-b9e0-534d-aeb7-f8d931b65719', 'da26fc58-c544-5580-be22-aa5f24fb4e09', 3, '{"en": "Central or remote reporting of realtime energy use per energy carrier, combining TBS of all main domains in one interface"}'::jsonb) on conflict (service_id, level_number) do nothing;
  insert into public.sri_functionality_level_impact_scores (functionality_level_id, impact_criterion_id, score)
  values ('198d65cf-baa9-5b50-b428-ac4c57c93e46', (select id from public.sri_impact_criteria where methodology_version_id=v_mid and code='energy_efficiency'), 0) on conflict (functionality_level_id, impact_criterion_id) do nothing;
  insert into public.sri_functionality_level_impact_scores (functionality_level_id, impact_criterion_id, score)
  values ('198d65cf-baa9-5b50-b428-ac4c57c93e46', (select id from public.sri_impact_criteria where methodology_version_id=v_mid and code='energy_flexibility_and_storage'), 0) on conflict (functionality_level_id, impact_criterion_id) do nothing;
  insert into public.sri_functionality_level_impact_scores (functionality_level_id, impact_criterion_id, score)
  values ('198d65cf-baa9-5b50-b428-ac4c57c93e46', (select id from public.sri_impact_criteria where methodology_version_id=v_mid and code='comfort'), 0) on conflict (functionality_level_id, impact_criterion_id) do nothing;
  insert into public.sri_functionality_level_impact_scores (functionality_level_id, impact_criterion_id, score)
  values ('198d65cf-baa9-5b50-b428-ac4c57c93e46', (select id from public.sri_impact_criteria where methodology_version_id=v_mid and code='convenience'), 0) on conflict (functionality_level_id, impact_criterion_id) do nothing;
  insert into public.sri_functionality_level_impact_scores (functionality_level_id, impact_criterion_id, score)
  values ('198d65cf-baa9-5b50-b428-ac4c57c93e46', (select id from public.sri_impact_criteria where methodology_version_id=v_mid and code='health_wellbeing_accessibility'), 0) on conflict (functionality_level_id, impact_criterion_id) do nothing;
  insert into public.sri_functionality_level_impact_scores (functionality_level_id, impact_criterion_id, score)
  values ('198d65cf-baa9-5b50-b428-ac4c57c93e46', (select id from public.sri_impact_criteria where methodology_version_id=v_mid and code='maintenance_and_fault_prediction'), 0) on conflict (functionality_level_id, impact_criterion_id) do nothing;
  insert into public.sri_functionality_level_impact_scores (functionality_level_id, impact_criterion_id, score)
  values ('198d65cf-baa9-5b50-b428-ac4c57c93e46', (select id from public.sri_impact_criteria where methodology_version_id=v_mid and code='information_to_occupants'), 0) on conflict (functionality_level_id, impact_criterion_id) do nothing;
  insert into public.sri_functionality_level_impact_scores (functionality_level_id, impact_criterion_id, score)
  values ('715fa40a-0906-5012-ab7e-bf61b54ff0fe', (select id from public.sri_impact_criteria where methodology_version_id=v_mid and code='energy_efficiency'), 1) on conflict (functionality_level_id, impact_criterion_id) do nothing;
  insert into public.sri_functionality_level_impact_scores (functionality_level_id, impact_criterion_id, score)
  values ('715fa40a-0906-5012-ab7e-bf61b54ff0fe', (select id from public.sri_impact_criteria where methodology_version_id=v_mid and code='energy_flexibility_and_storage'), 0) on conflict (functionality_level_id, impact_criterion_id) do nothing;
  insert into public.sri_functionality_level_impact_scores (functionality_level_id, impact_criterion_id, score)
  values ('715fa40a-0906-5012-ab7e-bf61b54ff0fe', (select id from public.sri_impact_criteria where methodology_version_id=v_mid and code='comfort'), 0) on conflict (functionality_level_id, impact_criterion_id) do nothing;
  insert into public.sri_functionality_level_impact_scores (functionality_level_id, impact_criterion_id, score)
  values ('715fa40a-0906-5012-ab7e-bf61b54ff0fe', (select id from public.sri_impact_criteria where methodology_version_id=v_mid and code='convenience'), 1) on conflict (functionality_level_id, impact_criterion_id) do nothing;
  insert into public.sri_functionality_level_impact_scores (functionality_level_id, impact_criterion_id, score)
  values ('715fa40a-0906-5012-ab7e-bf61b54ff0fe', (select id from public.sri_impact_criteria where methodology_version_id=v_mid and code='health_wellbeing_accessibility'), 0) on conflict (functionality_level_id, impact_criterion_id) do nothing;
  insert into public.sri_functionality_level_impact_scores (functionality_level_id, impact_criterion_id, score)
  values ('715fa40a-0906-5012-ab7e-bf61b54ff0fe', (select id from public.sri_impact_criteria where methodology_version_id=v_mid and code='maintenance_and_fault_prediction'), 1) on conflict (functionality_level_id, impact_criterion_id) do nothing;
  insert into public.sri_functionality_level_impact_scores (functionality_level_id, impact_criterion_id, score)
  values ('715fa40a-0906-5012-ab7e-bf61b54ff0fe', (select id from public.sri_impact_criteria where methodology_version_id=v_mid and code='information_to_occupants'), 1) on conflict (functionality_level_id, impact_criterion_id) do nothing;
  insert into public.sri_functionality_level_impact_scores (functionality_level_id, impact_criterion_id, score)
  values ('3f30f6ed-4706-54cd-83f3-591fbfbaf949', (select id from public.sri_impact_criteria where methodology_version_id=v_mid and code='energy_efficiency'), 1) on conflict (functionality_level_id, impact_criterion_id) do nothing;
  insert into public.sri_functionality_level_impact_scores (functionality_level_id, impact_criterion_id, score)
  values ('3f30f6ed-4706-54cd-83f3-591fbfbaf949', (select id from public.sri_impact_criteria where methodology_version_id=v_mid and code='energy_flexibility_and_storage'), 0) on conflict (functionality_level_id, impact_criterion_id) do nothing;
  insert into public.sri_functionality_level_impact_scores (functionality_level_id, impact_criterion_id, score)
  values ('3f30f6ed-4706-54cd-83f3-591fbfbaf949', (select id from public.sri_impact_criteria where methodology_version_id=v_mid and code='comfort'), 0) on conflict (functionality_level_id, impact_criterion_id) do nothing;
  insert into public.sri_functionality_level_impact_scores (functionality_level_id, impact_criterion_id, score)
  values ('3f30f6ed-4706-54cd-83f3-591fbfbaf949', (select id from public.sri_impact_criteria where methodology_version_id=v_mid and code='convenience'), 2) on conflict (functionality_level_id, impact_criterion_id) do nothing;
  insert into public.sri_functionality_level_impact_scores (functionality_level_id, impact_criterion_id, score)
  values ('3f30f6ed-4706-54cd-83f3-591fbfbaf949', (select id from public.sri_impact_criteria where methodology_version_id=v_mid and code='health_wellbeing_accessibility'), 0) on conflict (functionality_level_id, impact_criterion_id) do nothing;
  insert into public.sri_functionality_level_impact_scores (functionality_level_id, impact_criterion_id, score)
  values ('3f30f6ed-4706-54cd-83f3-591fbfbaf949', (select id from public.sri_impact_criteria where methodology_version_id=v_mid and code='maintenance_and_fault_prediction'), 2) on conflict (functionality_level_id, impact_criterion_id) do nothing;
  insert into public.sri_functionality_level_impact_scores (functionality_level_id, impact_criterion_id, score)
  values ('3f30f6ed-4706-54cd-83f3-591fbfbaf949', (select id from public.sri_impact_criteria where methodology_version_id=v_mid and code='information_to_occupants'), 2) on conflict (functionality_level_id, impact_criterion_id) do nothing;
  insert into public.sri_functionality_level_impact_scores (functionality_level_id, impact_criterion_id, score)
  values ('02edc03a-b9e0-534d-aeb7-f8d931b65719', (select id from public.sri_impact_criteria where methodology_version_id=v_mid and code='energy_efficiency'), 1) on conflict (functionality_level_id, impact_criterion_id) do nothing;
  insert into public.sri_functionality_level_impact_scores (functionality_level_id, impact_criterion_id, score)
  values ('02edc03a-b9e0-534d-aeb7-f8d931b65719', (select id from public.sri_impact_criteria where methodology_version_id=v_mid and code='energy_flexibility_and_storage'), 0) on conflict (functionality_level_id, impact_criterion_id) do nothing;
  insert into public.sri_functionality_level_impact_scores (functionality_level_id, impact_criterion_id, score)
  values ('02edc03a-b9e0-534d-aeb7-f8d931b65719', (select id from public.sri_impact_criteria where methodology_version_id=v_mid and code='comfort'), 0) on conflict (functionality_level_id, impact_criterion_id) do nothing;
  insert into public.sri_functionality_level_impact_scores (functionality_level_id, impact_criterion_id, score)
  values ('02edc03a-b9e0-534d-aeb7-f8d931b65719', (select id from public.sri_impact_criteria where methodology_version_id=v_mid and code='convenience'), 3) on conflict (functionality_level_id, impact_criterion_id) do nothing;
  insert into public.sri_functionality_level_impact_scores (functionality_level_id, impact_criterion_id, score)
  values ('02edc03a-b9e0-534d-aeb7-f8d931b65719', (select id from public.sri_impact_criteria where methodology_version_id=v_mid and code='health_wellbeing_accessibility'), 0) on conflict (functionality_level_id, impact_criterion_id) do nothing;
  insert into public.sri_functionality_level_impact_scores (functionality_level_id, impact_criterion_id, score)
  values ('02edc03a-b9e0-534d-aeb7-f8d931b65719', (select id from public.sri_impact_criteria where methodology_version_id=v_mid and code='maintenance_and_fault_prediction'), 3) on conflict (functionality_level_id, impact_criterion_id) do nothing;
  insert into public.sri_functionality_level_impact_scores (functionality_level_id, impact_criterion_id, score)
  values ('02edc03a-b9e0-534d-aeb7-f8d931b65719', (select id from public.sri_impact_criteria where methodology_version_id=v_mid and code='information_to_occupants'), 3) on conflict (functionality_level_id, impact_criterion_id) do nothing;

  insert into public.sri_services (id, catalogue_id, domain_id, official_code, internal_code, sort_order, official_name, service_group, purpose, when_applicable, typical_devices, preconditions, fl_max, included_in_method_a, included_in_method_b, triage_affects_max, applicability_mode, mutual_exclusion_group, standards_basis, provenance)
  values ('c4f34cdb-0063-5a1b-8e6d-b91852ddfcc9', v_cat, (select id from public.sri_technical_domains where methodology_version_id=v_mid and code='monitoring_and_control'), 'MC-25', 'M-05', 51, '{"en": "Smart Grid Integration", "pl": "Wykrywanie usterek TBS i wsparcie diagnostyki"}'::jsonb, 'Smart Grid Integration', '{"en": "FDD and maintenance support across systems."}'::jsonb, '{"en": "When monitoring data enables fault detection."}'::jsonb, '{"FDD software","BMS alarms","Analytics"}', 'The inspectability of the nature of the control algorithm would need to be facilitated for level 2. Service 7.5 in EN15232-1-17. Average impacts derived from multiple simulations to produce BACS factors in EN15232.', 2, true, true, true, 'smart_ready', null, '{"DG ENER Technical Study 2020"}', 'VERIFIED_ANNEX_D')
  on conflict (catalogue_id, official_code) do nothing;
  insert into public.sri_functionality_levels (id, service_id, level_number, official_description)
  values ('da7edc54-1479-5104-8912-fd3190bffde9', 'c4f34cdb-0063-5a1b-8e6d-b91852ddfcc9', 0, '{"en": "None - No harmonization between grid and TBS; building is operated independently from the grid load"}'::jsonb) on conflict (service_id, level_number) do nothing;
  insert into public.sri_functionality_levels (id, service_id, level_number, official_description)
  values ('18ba3d4e-5f82-5d9c-a267-58aafbf734bd', 'c4f34cdb-0063-5a1b-8e6d-b91852ddfcc9', 1, '{"en": "Demand side management possible for (some) individual TBS, but not coordinated over various domains"}'::jsonb) on conflict (service_id, level_number) do nothing;
  insert into public.sri_functionality_levels (id, service_id, level_number, official_description)
  values ('1828ff97-f5c5-5bd7-9a00-ff278b4ec2ac', 'c4f34cdb-0063-5a1b-8e6d-b91852ddfcc9', 2, '{"en": "Coordinated demand side management of multiple TBS"}'::jsonb) on conflict (service_id, level_number) do nothing;
  insert into public.sri_functionality_level_impact_scores (functionality_level_id, impact_criterion_id, score)
  values ('da7edc54-1479-5104-8912-fd3190bffde9', (select id from public.sri_impact_criteria where methodology_version_id=v_mid and code='energy_efficiency'), 0) on conflict (functionality_level_id, impact_criterion_id) do nothing;
  insert into public.sri_functionality_level_impact_scores (functionality_level_id, impact_criterion_id, score)
  values ('da7edc54-1479-5104-8912-fd3190bffde9', (select id from public.sri_impact_criteria where methodology_version_id=v_mid and code='energy_flexibility_and_storage'), 0) on conflict (functionality_level_id, impact_criterion_id) do nothing;
  insert into public.sri_functionality_level_impact_scores (functionality_level_id, impact_criterion_id, score)
  values ('da7edc54-1479-5104-8912-fd3190bffde9', (select id from public.sri_impact_criteria where methodology_version_id=v_mid and code='comfort'), 0) on conflict (functionality_level_id, impact_criterion_id) do nothing;
  insert into public.sri_functionality_level_impact_scores (functionality_level_id, impact_criterion_id, score)
  values ('da7edc54-1479-5104-8912-fd3190bffde9', (select id from public.sri_impact_criteria where methodology_version_id=v_mid and code='convenience'), 0) on conflict (functionality_level_id, impact_criterion_id) do nothing;
  insert into public.sri_functionality_level_impact_scores (functionality_level_id, impact_criterion_id, score)
  values ('da7edc54-1479-5104-8912-fd3190bffde9', (select id from public.sri_impact_criteria where methodology_version_id=v_mid and code='health_wellbeing_accessibility'), 0) on conflict (functionality_level_id, impact_criterion_id) do nothing;
  insert into public.sri_functionality_level_impact_scores (functionality_level_id, impact_criterion_id, score)
  values ('da7edc54-1479-5104-8912-fd3190bffde9', (select id from public.sri_impact_criteria where methodology_version_id=v_mid and code='maintenance_and_fault_prediction'), 0) on conflict (functionality_level_id, impact_criterion_id) do nothing;
  insert into public.sri_functionality_level_impact_scores (functionality_level_id, impact_criterion_id, score)
  values ('da7edc54-1479-5104-8912-fd3190bffde9', (select id from public.sri_impact_criteria where methodology_version_id=v_mid and code='information_to_occupants'), 0) on conflict (functionality_level_id, impact_criterion_id) do nothing;
  insert into public.sri_functionality_level_impact_scores (functionality_level_id, impact_criterion_id, score)
  values ('18ba3d4e-5f82-5d9c-a267-58aafbf734bd', (select id from public.sri_impact_criteria where methodology_version_id=v_mid and code='energy_efficiency'), 0) on conflict (functionality_level_id, impact_criterion_id) do nothing;
  insert into public.sri_functionality_level_impact_scores (functionality_level_id, impact_criterion_id, score)
  values ('18ba3d4e-5f82-5d9c-a267-58aafbf734bd', (select id from public.sri_impact_criteria where methodology_version_id=v_mid and code='energy_flexibility_and_storage'), 2) on conflict (functionality_level_id, impact_criterion_id) do nothing;
  insert into public.sri_functionality_level_impact_scores (functionality_level_id, impact_criterion_id, score)
  values ('18ba3d4e-5f82-5d9c-a267-58aafbf734bd', (select id from public.sri_impact_criteria where methodology_version_id=v_mid and code='comfort'), 0) on conflict (functionality_level_id, impact_criterion_id) do nothing;
  insert into public.sri_functionality_level_impact_scores (functionality_level_id, impact_criterion_id, score)
  values ('18ba3d4e-5f82-5d9c-a267-58aafbf734bd', (select id from public.sri_impact_criteria where methodology_version_id=v_mid and code='convenience'), 0) on conflict (functionality_level_id, impact_criterion_id) do nothing;
  insert into public.sri_functionality_level_impact_scores (functionality_level_id, impact_criterion_id, score)
  values ('18ba3d4e-5f82-5d9c-a267-58aafbf734bd', (select id from public.sri_impact_criteria where methodology_version_id=v_mid and code='health_wellbeing_accessibility'), 0) on conflict (functionality_level_id, impact_criterion_id) do nothing;
  insert into public.sri_functionality_level_impact_scores (functionality_level_id, impact_criterion_id, score)
  values ('18ba3d4e-5f82-5d9c-a267-58aafbf734bd', (select id from public.sri_impact_criteria where methodology_version_id=v_mid and code='maintenance_and_fault_prediction'), 0) on conflict (functionality_level_id, impact_criterion_id) do nothing;
  insert into public.sri_functionality_level_impact_scores (functionality_level_id, impact_criterion_id, score)
  values ('18ba3d4e-5f82-5d9c-a267-58aafbf734bd', (select id from public.sri_impact_criteria where methodology_version_id=v_mid and code='information_to_occupants'), 0) on conflict (functionality_level_id, impact_criterion_id) do nothing;
  insert into public.sri_functionality_level_impact_scores (functionality_level_id, impact_criterion_id, score)
  values ('1828ff97-f5c5-5bd7-9a00-ff278b4ec2ac', (select id from public.sri_impact_criteria where methodology_version_id=v_mid and code='energy_efficiency'), 1) on conflict (functionality_level_id, impact_criterion_id) do nothing;
  insert into public.sri_functionality_level_impact_scores (functionality_level_id, impact_criterion_id, score)
  values ('1828ff97-f5c5-5bd7-9a00-ff278b4ec2ac', (select id from public.sri_impact_criteria where methodology_version_id=v_mid and code='energy_flexibility_and_storage'), 3) on conflict (functionality_level_id, impact_criterion_id) do nothing;
  insert into public.sri_functionality_level_impact_scores (functionality_level_id, impact_criterion_id, score)
  values ('1828ff97-f5c5-5bd7-9a00-ff278b4ec2ac', (select id from public.sri_impact_criteria where methodology_version_id=v_mid and code='comfort'), 0) on conflict (functionality_level_id, impact_criterion_id) do nothing;
  insert into public.sri_functionality_level_impact_scores (functionality_level_id, impact_criterion_id, score)
  values ('1828ff97-f5c5-5bd7-9a00-ff278b4ec2ac', (select id from public.sri_impact_criteria where methodology_version_id=v_mid and code='convenience'), 1) on conflict (functionality_level_id, impact_criterion_id) do nothing;
  insert into public.sri_functionality_level_impact_scores (functionality_level_id, impact_criterion_id, score)
  values ('1828ff97-f5c5-5bd7-9a00-ff278b4ec2ac', (select id from public.sri_impact_criteria where methodology_version_id=v_mid and code='health_wellbeing_accessibility'), 0) on conflict (functionality_level_id, impact_criterion_id) do nothing;
  insert into public.sri_functionality_level_impact_scores (functionality_level_id, impact_criterion_id, score)
  values ('1828ff97-f5c5-5bd7-9a00-ff278b4ec2ac', (select id from public.sri_impact_criteria where methodology_version_id=v_mid and code='maintenance_and_fault_prediction'), 0) on conflict (functionality_level_id, impact_criterion_id) do nothing;
  insert into public.sri_functionality_level_impact_scores (functionality_level_id, impact_criterion_id, score)
  values ('1828ff97-f5c5-5bd7-9a00-ff278b4ec2ac', (select id from public.sri_impact_criteria where methodology_version_id=v_mid and code='information_to_occupants'), 0) on conflict (functionality_level_id, impact_criterion_id) do nothing;

  insert into public.sri_services (id, catalogue_id, domain_id, official_code, internal_code, sort_order, official_name, service_group, purpose, when_applicable, typical_devices, preconditions, fl_max, included_in_method_a, included_in_method_b, triage_affects_max, applicability_mode, mutual_exclusion_group, standards_basis, provenance)
  values ('8a9a3a75-f9f4-54f9-a54d-78bd686e4aa0', v_cat, (select id from public.sri_technical_domains where methodology_version_id=v_mid and code='monitoring_and_control'), 'MC-28', 'M-06', 52, '{"en": "Reporting information regarding demand side management performance and operation", "pl": "Detekcja obecności powiązana z usługami budynku"}'::jsonb, 'Feedback - Reporting information', '{"en": "Use occupancy to drive heating, lighting and ventilation."}'::jsonb, '{"en": "When building-wide occupancy sensing exists."}'::jsonb, '{"PIR networks","CO₂ proxy","Access control integration"}', '0', 2, false, true, true, 'smart_ready', null, '{"DG ENER Technical Study 2020"}', 'VERIFIED_ANNEX_D')
  on conflict (catalogue_id, official_code) do nothing;
  insert into public.sri_functionality_levels (id, service_id, level_number, official_description)
  values ('533a7ba5-e039-53f1-b40f-52cecd209395', '8a9a3a75-f9f4-54f9-a54d-78bd686e4aa0', 0, '{"en": "None"}'::jsonb) on conflict (service_id, level_number) do nothing;
  insert into public.sri_functionality_levels (id, service_id, level_number, official_description)
  values ('69b7fc1c-d70f-5ab3-bd63-d041d83871d0', '8a9a3a75-f9f4-54f9-a54d-78bd686e4aa0', 1, '{"en": "Reporting information on current DSM status, including managed energy flows"}'::jsonb) on conflict (service_id, level_number) do nothing;
  insert into public.sri_functionality_levels (id, service_id, level_number, official_description)
  values ('6e64ac8a-437b-529e-8fa6-ced4a229d3f3', '8a9a3a75-f9f4-54f9-a54d-78bd686e4aa0', 2, '{"en": "Reporting information on currenthistorical and predicted DSM status, including managed energy flows"}'::jsonb) on conflict (service_id, level_number) do nothing;
  insert into public.sri_functionality_level_impact_scores (functionality_level_id, impact_criterion_id, score)
  values ('533a7ba5-e039-53f1-b40f-52cecd209395', (select id from public.sri_impact_criteria where methodology_version_id=v_mid and code='energy_efficiency'), 0) on conflict (functionality_level_id, impact_criterion_id) do nothing;
  insert into public.sri_functionality_level_impact_scores (functionality_level_id, impact_criterion_id, score)
  values ('533a7ba5-e039-53f1-b40f-52cecd209395', (select id from public.sri_impact_criteria where methodology_version_id=v_mid and code='energy_flexibility_and_storage'), 0) on conflict (functionality_level_id, impact_criterion_id) do nothing;
  insert into public.sri_functionality_level_impact_scores (functionality_level_id, impact_criterion_id, score)
  values ('533a7ba5-e039-53f1-b40f-52cecd209395', (select id from public.sri_impact_criteria where methodology_version_id=v_mid and code='comfort'), 0) on conflict (functionality_level_id, impact_criterion_id) do nothing;
  insert into public.sri_functionality_level_impact_scores (functionality_level_id, impact_criterion_id, score)
  values ('533a7ba5-e039-53f1-b40f-52cecd209395', (select id from public.sri_impact_criteria where methodology_version_id=v_mid and code='convenience'), 0) on conflict (functionality_level_id, impact_criterion_id) do nothing;
  insert into public.sri_functionality_level_impact_scores (functionality_level_id, impact_criterion_id, score)
  values ('533a7ba5-e039-53f1-b40f-52cecd209395', (select id from public.sri_impact_criteria where methodology_version_id=v_mid and code='health_wellbeing_accessibility'), 0) on conflict (functionality_level_id, impact_criterion_id) do nothing;
  insert into public.sri_functionality_level_impact_scores (functionality_level_id, impact_criterion_id, score)
  values ('533a7ba5-e039-53f1-b40f-52cecd209395', (select id from public.sri_impact_criteria where methodology_version_id=v_mid and code='maintenance_and_fault_prediction'), 0) on conflict (functionality_level_id, impact_criterion_id) do nothing;
  insert into public.sri_functionality_level_impact_scores (functionality_level_id, impact_criterion_id, score)
  values ('533a7ba5-e039-53f1-b40f-52cecd209395', (select id from public.sri_impact_criteria where methodology_version_id=v_mid and code='information_to_occupants'), 0) on conflict (functionality_level_id, impact_criterion_id) do nothing;
  insert into public.sri_functionality_level_impact_scores (functionality_level_id, impact_criterion_id, score)
  values ('69b7fc1c-d70f-5ab3-bd63-d041d83871d0', (select id from public.sri_impact_criteria where methodology_version_id=v_mid and code='energy_efficiency'), 0) on conflict (functionality_level_id, impact_criterion_id) do nothing;
  insert into public.sri_functionality_level_impact_scores (functionality_level_id, impact_criterion_id, score)
  values ('69b7fc1c-d70f-5ab3-bd63-d041d83871d0', (select id from public.sri_impact_criteria where methodology_version_id=v_mid and code='energy_flexibility_and_storage'), 1) on conflict (functionality_level_id, impact_criterion_id) do nothing;
  insert into public.sri_functionality_level_impact_scores (functionality_level_id, impact_criterion_id, score)
  values ('69b7fc1c-d70f-5ab3-bd63-d041d83871d0', (select id from public.sri_impact_criteria where methodology_version_id=v_mid and code='comfort'), 0) on conflict (functionality_level_id, impact_criterion_id) do nothing;
  insert into public.sri_functionality_level_impact_scores (functionality_level_id, impact_criterion_id, score)
  values ('69b7fc1c-d70f-5ab3-bd63-d041d83871d0', (select id from public.sri_impact_criteria where methodology_version_id=v_mid and code='convenience'), 0) on conflict (functionality_level_id, impact_criterion_id) do nothing;
  insert into public.sri_functionality_level_impact_scores (functionality_level_id, impact_criterion_id, score)
  values ('69b7fc1c-d70f-5ab3-bd63-d041d83871d0', (select id from public.sri_impact_criteria where methodology_version_id=v_mid and code='health_wellbeing_accessibility'), 0) on conflict (functionality_level_id, impact_criterion_id) do nothing;
  insert into public.sri_functionality_level_impact_scores (functionality_level_id, impact_criterion_id, score)
  values ('69b7fc1c-d70f-5ab3-bd63-d041d83871d0', (select id from public.sri_impact_criteria where methodology_version_id=v_mid and code='maintenance_and_fault_prediction'), 0) on conflict (functionality_level_id, impact_criterion_id) do nothing;
  insert into public.sri_functionality_level_impact_scores (functionality_level_id, impact_criterion_id, score)
  values ('69b7fc1c-d70f-5ab3-bd63-d041d83871d0', (select id from public.sri_impact_criteria where methodology_version_id=v_mid and code='information_to_occupants'), 2) on conflict (functionality_level_id, impact_criterion_id) do nothing;
  insert into public.sri_functionality_level_impact_scores (functionality_level_id, impact_criterion_id, score)
  values ('6e64ac8a-437b-529e-8fa6-ced4a229d3f3', (select id from public.sri_impact_criteria where methodology_version_id=v_mid and code='energy_efficiency'), 0) on conflict (functionality_level_id, impact_criterion_id) do nothing;
  insert into public.sri_functionality_level_impact_scores (functionality_level_id, impact_criterion_id, score)
  values ('6e64ac8a-437b-529e-8fa6-ced4a229d3f3', (select id from public.sri_impact_criteria where methodology_version_id=v_mid and code='energy_flexibility_and_storage'), 2) on conflict (functionality_level_id, impact_criterion_id) do nothing;
  insert into public.sri_functionality_level_impact_scores (functionality_level_id, impact_criterion_id, score)
  values ('6e64ac8a-437b-529e-8fa6-ced4a229d3f3', (select id from public.sri_impact_criteria where methodology_version_id=v_mid and code='comfort'), 0) on conflict (functionality_level_id, impact_criterion_id) do nothing;
  insert into public.sri_functionality_level_impact_scores (functionality_level_id, impact_criterion_id, score)
  values ('6e64ac8a-437b-529e-8fa6-ced4a229d3f3', (select id from public.sri_impact_criteria where methodology_version_id=v_mid and code='convenience'), 0) on conflict (functionality_level_id, impact_criterion_id) do nothing;
  insert into public.sri_functionality_level_impact_scores (functionality_level_id, impact_criterion_id, score)
  values ('6e64ac8a-437b-529e-8fa6-ced4a229d3f3', (select id from public.sri_impact_criteria where methodology_version_id=v_mid and code='health_wellbeing_accessibility'), 0) on conflict (functionality_level_id, impact_criterion_id) do nothing;
  insert into public.sri_functionality_level_impact_scores (functionality_level_id, impact_criterion_id, score)
  values ('6e64ac8a-437b-529e-8fa6-ced4a229d3f3', (select id from public.sri_impact_criteria where methodology_version_id=v_mid and code='maintenance_and_fault_prediction'), 1) on conflict (functionality_level_id, impact_criterion_id) do nothing;
  insert into public.sri_functionality_level_impact_scores (functionality_level_id, impact_criterion_id, score)
  values ('6e64ac8a-437b-529e-8fa6-ced4a229d3f3', (select id from public.sri_impact_criteria where methodology_version_id=v_mid and code='information_to_occupants'), 3) on conflict (functionality_level_id, impact_criterion_id) do nothing;

  insert into public.sri_services (id, catalogue_id, domain_id, official_code, internal_code, sort_order, official_name, service_group, purpose, when_applicable, typical_devices, preconditions, fl_max, included_in_method_a, included_in_method_b, triage_affects_max, applicability_mode, mutual_exclusion_group, standards_basis, provenance)
  values ('ba0ef66e-5628-5afb-9a66-1adf8f73b8c1', v_cat, (select id from public.sri_technical_domains where methodology_version_id=v_mid and code='monitoring_and_control'), 'MC-29', 'M-07', 53, '{"en": "Override of DSM control", "pl": "Raportowanie efektów zarządzania popytem (DSM)"}'::jsonb, 'Override control', '{"en": "Report load shifting and DSM outcomes."}'::jsonb, '{"en": "When DSM strategies are implemented."}'::jsonb, '{"EMS","Utility portals"}', '0', 4, false, true, true, 'smart_ready', null, '{"DG ENER Technical Study 2020"}', 'VERIFIED_ANNEX_D')
  on conflict (catalogue_id, official_code) do nothing;
  insert into public.sri_functionality_levels (id, service_id, level_number, official_description)
  values ('7455f47e-92f7-555b-8e43-12a43c7b893f', 'ba0ef66e-5628-5afb-9a66-1adf8f73b8c1', 0, '{"en": "No DSM control"}'::jsonb) on conflict (service_id, level_number) do nothing;
  insert into public.sri_functionality_levels (id, service_id, level_number, official_description)
  values ('285d1444-004b-59b9-954c-b41c623549ab', 'ba0ef66e-5628-5afb-9a66-1adf8f73b8c1', 1, '{"en": "DSM control without the possibility to override this control by the building user (occupant or facility manager)"}'::jsonb) on conflict (service_id, level_number) do nothing;
  insert into public.sri_functionality_levels (id, service_id, level_number, official_description)
  values ('e32aba15-cb0c-5e8a-ab2d-8f3172e4268f', 'ba0ef66e-5628-5afb-9a66-1adf8f73b8c1', 2, '{"en": "Manual override and reactivation of DSM control by the building user"}'::jsonb) on conflict (service_id, level_number) do nothing;
  insert into public.sri_functionality_levels (id, service_id, level_number, official_description)
  values ('92065797-aae9-550a-9edb-c902b86366f3', 'ba0ef66e-5628-5afb-9a66-1adf8f73b8c1', 3, '{"en": "Scheduled override of DSM control (and reactivation) by the building user"}'::jsonb) on conflict (service_id, level_number) do nothing;
  insert into public.sri_functionality_levels (id, service_id, level_number, official_description)
  values ('82a2c04f-3ad7-5e6f-ae40-a834e8698abb', 'ba0ef66e-5628-5afb-9a66-1adf8f73b8c1', 4, '{"en": "Scheduled override of DSM control and reactivation with optimised control"}'::jsonb) on conflict (service_id, level_number) do nothing;
  insert into public.sri_functionality_level_impact_scores (functionality_level_id, impact_criterion_id, score)
  values ('7455f47e-92f7-555b-8e43-12a43c7b893f', (select id from public.sri_impact_criteria where methodology_version_id=v_mid and code='energy_efficiency'), 0) on conflict (functionality_level_id, impact_criterion_id) do nothing;
  insert into public.sri_functionality_level_impact_scores (functionality_level_id, impact_criterion_id, score)
  values ('7455f47e-92f7-555b-8e43-12a43c7b893f', (select id from public.sri_impact_criteria where methodology_version_id=v_mid and code='energy_flexibility_and_storage'), 0) on conflict (functionality_level_id, impact_criterion_id) do nothing;
  insert into public.sri_functionality_level_impact_scores (functionality_level_id, impact_criterion_id, score)
  values ('7455f47e-92f7-555b-8e43-12a43c7b893f', (select id from public.sri_impact_criteria where methodology_version_id=v_mid and code='comfort'), 0) on conflict (functionality_level_id, impact_criterion_id) do nothing;
  insert into public.sri_functionality_level_impact_scores (functionality_level_id, impact_criterion_id, score)
  values ('7455f47e-92f7-555b-8e43-12a43c7b893f', (select id from public.sri_impact_criteria where methodology_version_id=v_mid and code='convenience'), 0) on conflict (functionality_level_id, impact_criterion_id) do nothing;
  insert into public.sri_functionality_level_impact_scores (functionality_level_id, impact_criterion_id, score)
  values ('7455f47e-92f7-555b-8e43-12a43c7b893f', (select id from public.sri_impact_criteria where methodology_version_id=v_mid and code='health_wellbeing_accessibility'), 0) on conflict (functionality_level_id, impact_criterion_id) do nothing;
  insert into public.sri_functionality_level_impact_scores (functionality_level_id, impact_criterion_id, score)
  values ('7455f47e-92f7-555b-8e43-12a43c7b893f', (select id from public.sri_impact_criteria where methodology_version_id=v_mid and code='maintenance_and_fault_prediction'), 0) on conflict (functionality_level_id, impact_criterion_id) do nothing;
  insert into public.sri_functionality_level_impact_scores (functionality_level_id, impact_criterion_id, score)
  values ('7455f47e-92f7-555b-8e43-12a43c7b893f', (select id from public.sri_impact_criteria where methodology_version_id=v_mid and code='information_to_occupants'), 0) on conflict (functionality_level_id, impact_criterion_id) do nothing;
  insert into public.sri_functionality_level_impact_scores (functionality_level_id, impact_criterion_id, score)
  values ('285d1444-004b-59b9-954c-b41c623549ab', (select id from public.sri_impact_criteria where methodology_version_id=v_mid and code='energy_efficiency'), 0) on conflict (functionality_level_id, impact_criterion_id) do nothing;
  insert into public.sri_functionality_level_impact_scores (functionality_level_id, impact_criterion_id, score)
  values ('285d1444-004b-59b9-954c-b41c623549ab', (select id from public.sri_impact_criteria where methodology_version_id=v_mid and code='energy_flexibility_and_storage'), 3) on conflict (functionality_level_id, impact_criterion_id) do nothing;
  insert into public.sri_functionality_level_impact_scores (functionality_level_id, impact_criterion_id, score)
  values ('285d1444-004b-59b9-954c-b41c623549ab', (select id from public.sri_impact_criteria where methodology_version_id=v_mid and code='comfort'), -2) on conflict (functionality_level_id, impact_criterion_id) do nothing;
  insert into public.sri_functionality_level_impact_scores (functionality_level_id, impact_criterion_id, score)
  values ('285d1444-004b-59b9-954c-b41c623549ab', (select id from public.sri_impact_criteria where methodology_version_id=v_mid and code='convenience'), 0) on conflict (functionality_level_id, impact_criterion_id) do nothing;
  insert into public.sri_functionality_level_impact_scores (functionality_level_id, impact_criterion_id, score)
  values ('285d1444-004b-59b9-954c-b41c623549ab', (select id from public.sri_impact_criteria where methodology_version_id=v_mid and code='health_wellbeing_accessibility'), 0) on conflict (functionality_level_id, impact_criterion_id) do nothing;
  insert into public.sri_functionality_level_impact_scores (functionality_level_id, impact_criterion_id, score)
  values ('285d1444-004b-59b9-954c-b41c623549ab', (select id from public.sri_impact_criteria where methodology_version_id=v_mid and code='maintenance_and_fault_prediction'), -1) on conflict (functionality_level_id, impact_criterion_id) do nothing;
  insert into public.sri_functionality_level_impact_scores (functionality_level_id, impact_criterion_id, score)
  values ('285d1444-004b-59b9-954c-b41c623549ab', (select id from public.sri_impact_criteria where methodology_version_id=v_mid and code='information_to_occupants'), -2) on conflict (functionality_level_id, impact_criterion_id) do nothing;
  insert into public.sri_functionality_level_impact_scores (functionality_level_id, impact_criterion_id, score)
  values ('e32aba15-cb0c-5e8a-ab2d-8f3172e4268f', (select id from public.sri_impact_criteria where methodology_version_id=v_mid and code='energy_efficiency'), 0) on conflict (functionality_level_id, impact_criterion_id) do nothing;
  insert into public.sri_functionality_level_impact_scores (functionality_level_id, impact_criterion_id, score)
  values ('e32aba15-cb0c-5e8a-ab2d-8f3172e4268f', (select id from public.sri_impact_criteria where methodology_version_id=v_mid and code='energy_flexibility_and_storage'), 1) on conflict (functionality_level_id, impact_criterion_id) do nothing;
  insert into public.sri_functionality_level_impact_scores (functionality_level_id, impact_criterion_id, score)
  values ('e32aba15-cb0c-5e8a-ab2d-8f3172e4268f', (select id from public.sri_impact_criteria where methodology_version_id=v_mid and code='comfort'), 0) on conflict (functionality_level_id, impact_criterion_id) do nothing;
  insert into public.sri_functionality_level_impact_scores (functionality_level_id, impact_criterion_id, score)
  values ('e32aba15-cb0c-5e8a-ab2d-8f3172e4268f', (select id from public.sri_impact_criteria where methodology_version_id=v_mid and code='convenience'), 1) on conflict (functionality_level_id, impact_criterion_id) do nothing;
  insert into public.sri_functionality_level_impact_scores (functionality_level_id, impact_criterion_id, score)
  values ('e32aba15-cb0c-5e8a-ab2d-8f3172e4268f', (select id from public.sri_impact_criteria where methodology_version_id=v_mid and code='health_wellbeing_accessibility'), 0) on conflict (functionality_level_id, impact_criterion_id) do nothing;
  insert into public.sri_functionality_level_impact_scores (functionality_level_id, impact_criterion_id, score)
  values ('e32aba15-cb0c-5e8a-ab2d-8f3172e4268f', (select id from public.sri_impact_criteria where methodology_version_id=v_mid and code='maintenance_and_fault_prediction'), 0) on conflict (functionality_level_id, impact_criterion_id) do nothing;
  insert into public.sri_functionality_level_impact_scores (functionality_level_id, impact_criterion_id, score)
  values ('e32aba15-cb0c-5e8a-ab2d-8f3172e4268f', (select id from public.sri_impact_criteria where methodology_version_id=v_mid and code='information_to_occupants'), 0) on conflict (functionality_level_id, impact_criterion_id) do nothing;
  insert into public.sri_functionality_level_impact_scores (functionality_level_id, impact_criterion_id, score)
  values ('92065797-aae9-550a-9edb-c902b86366f3', (select id from public.sri_impact_criteria where methodology_version_id=v_mid and code='energy_efficiency'), 0) on conflict (functionality_level_id, impact_criterion_id) do nothing;
  insert into public.sri_functionality_level_impact_scores (functionality_level_id, impact_criterion_id, score)
  values ('92065797-aae9-550a-9edb-c902b86366f3', (select id from public.sri_impact_criteria where methodology_version_id=v_mid and code='energy_flexibility_and_storage'), 1) on conflict (functionality_level_id, impact_criterion_id) do nothing;
  insert into public.sri_functionality_level_impact_scores (functionality_level_id, impact_criterion_id, score)
  values ('92065797-aae9-550a-9edb-c902b86366f3', (select id from public.sri_impact_criteria where methodology_version_id=v_mid and code='comfort'), 0) on conflict (functionality_level_id, impact_criterion_id) do nothing;
  insert into public.sri_functionality_level_impact_scores (functionality_level_id, impact_criterion_id, score)
  values ('92065797-aae9-550a-9edb-c902b86366f3', (select id from public.sri_impact_criteria where methodology_version_id=v_mid and code='convenience'), 2) on conflict (functionality_level_id, impact_criterion_id) do nothing;
  insert into public.sri_functionality_level_impact_scores (functionality_level_id, impact_criterion_id, score)
  values ('92065797-aae9-550a-9edb-c902b86366f3', (select id from public.sri_impact_criteria where methodology_version_id=v_mid and code='health_wellbeing_accessibility'), 0) on conflict (functionality_level_id, impact_criterion_id) do nothing;
  insert into public.sri_functionality_level_impact_scores (functionality_level_id, impact_criterion_id, score)
  values ('92065797-aae9-550a-9edb-c902b86366f3', (select id from public.sri_impact_criteria where methodology_version_id=v_mid and code='maintenance_and_fault_prediction'), 1) on conflict (functionality_level_id, impact_criterion_id) do nothing;
  insert into public.sri_functionality_level_impact_scores (functionality_level_id, impact_criterion_id, score)
  values ('92065797-aae9-550a-9edb-c902b86366f3', (select id from public.sri_impact_criteria where methodology_version_id=v_mid and code='information_to_occupants'), 0) on conflict (functionality_level_id, impact_criterion_id) do nothing;
  insert into public.sri_functionality_level_impact_scores (functionality_level_id, impact_criterion_id, score)
  values ('82a2c04f-3ad7-5e6f-ae40-a834e8698abb', (select id from public.sri_impact_criteria where methodology_version_id=v_mid and code='energy_efficiency'), 0) on conflict (functionality_level_id, impact_criterion_id) do nothing;
  insert into public.sri_functionality_level_impact_scores (functionality_level_id, impact_criterion_id, score)
  values ('82a2c04f-3ad7-5e6f-ae40-a834e8698abb', (select id from public.sri_impact_criteria where methodology_version_id=v_mid and code='energy_flexibility_and_storage'), 2) on conflict (functionality_level_id, impact_criterion_id) do nothing;
  insert into public.sri_functionality_level_impact_scores (functionality_level_id, impact_criterion_id, score)
  values ('82a2c04f-3ad7-5e6f-ae40-a834e8698abb', (select id from public.sri_impact_criteria where methodology_version_id=v_mid and code='comfort'), 0) on conflict (functionality_level_id, impact_criterion_id) do nothing;
  insert into public.sri_functionality_level_impact_scores (functionality_level_id, impact_criterion_id, score)
  values ('82a2c04f-3ad7-5e6f-ae40-a834e8698abb', (select id from public.sri_impact_criteria where methodology_version_id=v_mid and code='convenience'), 3) on conflict (functionality_level_id, impact_criterion_id) do nothing;
  insert into public.sri_functionality_level_impact_scores (functionality_level_id, impact_criterion_id, score)
  values ('82a2c04f-3ad7-5e6f-ae40-a834e8698abb', (select id from public.sri_impact_criteria where methodology_version_id=v_mid and code='health_wellbeing_accessibility'), 0) on conflict (functionality_level_id, impact_criterion_id) do nothing;
  insert into public.sri_functionality_level_impact_scores (functionality_level_id, impact_criterion_id, score)
  values ('82a2c04f-3ad7-5e6f-ae40-a834e8698abb', (select id from public.sri_impact_criteria where methodology_version_id=v_mid and code='maintenance_and_fault_prediction'), 1) on conflict (functionality_level_id, impact_criterion_id) do nothing;
  insert into public.sri_functionality_level_impact_scores (functionality_level_id, impact_criterion_id, score)
  values ('82a2c04f-3ad7-5e6f-ae40-a834e8698abb', (select id from public.sri_impact_criteria where methodology_version_id=v_mid and code='information_to_occupants'), 0) on conflict (functionality_level_id, impact_criterion_id) do nothing;

  insert into public.sri_services (id, catalogue_id, domain_id, official_code, internal_code, sort_order, official_name, service_group, purpose, when_applicable, typical_devices, preconditions, fl_max, included_in_method_a, included_in_method_b, triage_affects_max, applicability_mode, mutual_exclusion_group, standards_basis, provenance)
  values ('29674251-2d39-5f04-b1f6-e2a99fcb4344', v_cat, (select id from public.sri_technical_domains where methodology_version_id=v_mid and code='monitoring_and_control'), 'MC-30', 'M-08', 54, '{"en": "Single platform that allows automated control & coordination between TBS + optimization of energy flow based on occupancy, weather and grid signals", "pl": "Optymalizacja przepływów energii wg obecności, pogody i sygnałów sieci"}'::jsonb, 'Single platform that allows automated control & coordination between TBS + optimization of energy flow based on occupancy, weather and grid signals', '{"en": "Holistic optimization across systems and external signals."}'::jsonb, '{"en": "When advanced BMS/EMS with external data exists."}'::jsonb, '{"EMS","Digital twin","Grid APIs"}', 'Always to be assessed', 3, true, true, true, 'smart_ready', null, '{"DG ENER Technical Study 2020"}', 'VERIFIED_ANNEX_D')
  on conflict (catalogue_id, official_code) do nothing;
  insert into public.sri_functionality_levels (id, service_id, level_number, official_description)
  values ('3131d3bb-b43b-51d9-905b-c8a74336623a', '29674251-2d39-5f04-b1f6-e2a99fcb4344', 0, '{"en": "None"}'::jsonb) on conflict (service_id, level_number) do nothing;
  insert into public.sri_functionality_levels (id, service_id, level_number, official_description)
  values ('2d41c658-198d-58da-bb66-6c73882da727', '29674251-2d39-5f04-b1f6-e2a99fcb4344', 1, '{"en": "Single platform that allows manual control of multiple TBS"}'::jsonb) on conflict (service_id, level_number) do nothing;
  insert into public.sri_functionality_levels (id, service_id, level_number, official_description)
  values ('b8d943af-e0c5-5fe4-aa9a-20362ab0e2bd', '29674251-2d39-5f04-b1f6-e2a99fcb4344', 2, '{"en": "Single platform that allows automated control & coordination between TBS"}'::jsonb) on conflict (service_id, level_number) do nothing;
  insert into public.sri_functionality_levels (id, service_id, level_number, official_description)
  values ('8367de1c-d65c-54ac-b883-5a9f8de956e9', '29674251-2d39-5f04-b1f6-e2a99fcb4344', 3, '{"en": "Single platform that allows automated control & coordination between TBS + optimization of energy flow based on occupancy, weather and grid signals"}'::jsonb) on conflict (service_id, level_number) do nothing;
  insert into public.sri_functionality_level_impact_scores (functionality_level_id, impact_criterion_id, score)
  values ('3131d3bb-b43b-51d9-905b-c8a74336623a', (select id from public.sri_impact_criteria where methodology_version_id=v_mid and code='energy_efficiency'), 0) on conflict (functionality_level_id, impact_criterion_id) do nothing;
  insert into public.sri_functionality_level_impact_scores (functionality_level_id, impact_criterion_id, score)
  values ('3131d3bb-b43b-51d9-905b-c8a74336623a', (select id from public.sri_impact_criteria where methodology_version_id=v_mid and code='energy_flexibility_and_storage'), 0) on conflict (functionality_level_id, impact_criterion_id) do nothing;
  insert into public.sri_functionality_level_impact_scores (functionality_level_id, impact_criterion_id, score)
  values ('3131d3bb-b43b-51d9-905b-c8a74336623a', (select id from public.sri_impact_criteria where methodology_version_id=v_mid and code='comfort'), 0) on conflict (functionality_level_id, impact_criterion_id) do nothing;
  insert into public.sri_functionality_level_impact_scores (functionality_level_id, impact_criterion_id, score)
  values ('3131d3bb-b43b-51d9-905b-c8a74336623a', (select id from public.sri_impact_criteria where methodology_version_id=v_mid and code='convenience'), 0) on conflict (functionality_level_id, impact_criterion_id) do nothing;
  insert into public.sri_functionality_level_impact_scores (functionality_level_id, impact_criterion_id, score)
  values ('3131d3bb-b43b-51d9-905b-c8a74336623a', (select id from public.sri_impact_criteria where methodology_version_id=v_mid and code='health_wellbeing_accessibility'), 0) on conflict (functionality_level_id, impact_criterion_id) do nothing;
  insert into public.sri_functionality_level_impact_scores (functionality_level_id, impact_criterion_id, score)
  values ('3131d3bb-b43b-51d9-905b-c8a74336623a', (select id from public.sri_impact_criteria where methodology_version_id=v_mid and code='maintenance_and_fault_prediction'), 0) on conflict (functionality_level_id, impact_criterion_id) do nothing;
  insert into public.sri_functionality_level_impact_scores (functionality_level_id, impact_criterion_id, score)
  values ('3131d3bb-b43b-51d9-905b-c8a74336623a', (select id from public.sri_impact_criteria where methodology_version_id=v_mid and code='information_to_occupants'), 0) on conflict (functionality_level_id, impact_criterion_id) do nothing;
  insert into public.sri_functionality_level_impact_scores (functionality_level_id, impact_criterion_id, score)
  values ('2d41c658-198d-58da-bb66-6c73882da727', (select id from public.sri_impact_criteria where methodology_version_id=v_mid and code='energy_efficiency'), 0) on conflict (functionality_level_id, impact_criterion_id) do nothing;
  insert into public.sri_functionality_level_impact_scores (functionality_level_id, impact_criterion_id, score)
  values ('2d41c658-198d-58da-bb66-6c73882da727', (select id from public.sri_impact_criteria where methodology_version_id=v_mid and code='energy_flexibility_and_storage'), 0) on conflict (functionality_level_id, impact_criterion_id) do nothing;
  insert into public.sri_functionality_level_impact_scores (functionality_level_id, impact_criterion_id, score)
  values ('2d41c658-198d-58da-bb66-6c73882da727', (select id from public.sri_impact_criteria where methodology_version_id=v_mid and code='comfort'), 0) on conflict (functionality_level_id, impact_criterion_id) do nothing;
  insert into public.sri_functionality_level_impact_scores (functionality_level_id, impact_criterion_id, score)
  values ('2d41c658-198d-58da-bb66-6c73882da727', (select id from public.sri_impact_criteria where methodology_version_id=v_mid and code='convenience'), 1) on conflict (functionality_level_id, impact_criterion_id) do nothing;
  insert into public.sri_functionality_level_impact_scores (functionality_level_id, impact_criterion_id, score)
  values ('2d41c658-198d-58da-bb66-6c73882da727', (select id from public.sri_impact_criteria where methodology_version_id=v_mid and code='health_wellbeing_accessibility'), 0) on conflict (functionality_level_id, impact_criterion_id) do nothing;
  insert into public.sri_functionality_level_impact_scores (functionality_level_id, impact_criterion_id, score)
  values ('2d41c658-198d-58da-bb66-6c73882da727', (select id from public.sri_impact_criteria where methodology_version_id=v_mid and code='maintenance_and_fault_prediction'), 1) on conflict (functionality_level_id, impact_criterion_id) do nothing;
  insert into public.sri_functionality_level_impact_scores (functionality_level_id, impact_criterion_id, score)
  values ('2d41c658-198d-58da-bb66-6c73882da727', (select id from public.sri_impact_criteria where methodology_version_id=v_mid and code='information_to_occupants'), 0) on conflict (functionality_level_id, impact_criterion_id) do nothing;
  insert into public.sri_functionality_level_impact_scores (functionality_level_id, impact_criterion_id, score)
  values ('b8d943af-e0c5-5fe4-aa9a-20362ab0e2bd', (select id from public.sri_impact_criteria where methodology_version_id=v_mid and code='energy_efficiency'), 1) on conflict (functionality_level_id, impact_criterion_id) do nothing;
  insert into public.sri_functionality_level_impact_scores (functionality_level_id, impact_criterion_id, score)
  values ('b8d943af-e0c5-5fe4-aa9a-20362ab0e2bd', (select id from public.sri_impact_criteria where methodology_version_id=v_mid and code='energy_flexibility_and_storage'), 0) on conflict (functionality_level_id, impact_criterion_id) do nothing;
  insert into public.sri_functionality_level_impact_scores (functionality_level_id, impact_criterion_id, score)
  values ('b8d943af-e0c5-5fe4-aa9a-20362ab0e2bd', (select id from public.sri_impact_criteria where methodology_version_id=v_mid and code='comfort'), 0) on conflict (functionality_level_id, impact_criterion_id) do nothing;
  insert into public.sri_functionality_level_impact_scores (functionality_level_id, impact_criterion_id, score)
  values ('b8d943af-e0c5-5fe4-aa9a-20362ab0e2bd', (select id from public.sri_impact_criteria where methodology_version_id=v_mid and code='convenience'), 2) on conflict (functionality_level_id, impact_criterion_id) do nothing;
  insert into public.sri_functionality_level_impact_scores (functionality_level_id, impact_criterion_id, score)
  values ('b8d943af-e0c5-5fe4-aa9a-20362ab0e2bd', (select id from public.sri_impact_criteria where methodology_version_id=v_mid and code='health_wellbeing_accessibility'), 0) on conflict (functionality_level_id, impact_criterion_id) do nothing;
  insert into public.sri_functionality_level_impact_scores (functionality_level_id, impact_criterion_id, score)
  values ('b8d943af-e0c5-5fe4-aa9a-20362ab0e2bd', (select id from public.sri_impact_criteria where methodology_version_id=v_mid and code='maintenance_and_fault_prediction'), 1) on conflict (functionality_level_id, impact_criterion_id) do nothing;
  insert into public.sri_functionality_level_impact_scores (functionality_level_id, impact_criterion_id, score)
  values ('b8d943af-e0c5-5fe4-aa9a-20362ab0e2bd', (select id from public.sri_impact_criteria where methodology_version_id=v_mid and code='information_to_occupants'), 0) on conflict (functionality_level_id, impact_criterion_id) do nothing;
  insert into public.sri_functionality_level_impact_scores (functionality_level_id, impact_criterion_id, score)
  values ('8367de1c-d65c-54ac-b883-5a9f8de956e9', (select id from public.sri_impact_criteria where methodology_version_id=v_mid and code='energy_efficiency'), 2) on conflict (functionality_level_id, impact_criterion_id) do nothing;
  insert into public.sri_functionality_level_impact_scores (functionality_level_id, impact_criterion_id, score)
  values ('8367de1c-d65c-54ac-b883-5a9f8de956e9', (select id from public.sri_impact_criteria where methodology_version_id=v_mid and code='energy_flexibility_and_storage'), 0) on conflict (functionality_level_id, impact_criterion_id) do nothing;
  insert into public.sri_functionality_level_impact_scores (functionality_level_id, impact_criterion_id, score)
  values ('8367de1c-d65c-54ac-b883-5a9f8de956e9', (select id from public.sri_impact_criteria where methodology_version_id=v_mid and code='comfort'), 0) on conflict (functionality_level_id, impact_criterion_id) do nothing;
  insert into public.sri_functionality_level_impact_scores (functionality_level_id, impact_criterion_id, score)
  values ('8367de1c-d65c-54ac-b883-5a9f8de956e9', (select id from public.sri_impact_criteria where methodology_version_id=v_mid and code='convenience'), 3) on conflict (functionality_level_id, impact_criterion_id) do nothing;
  insert into public.sri_functionality_level_impact_scores (functionality_level_id, impact_criterion_id, score)
  values ('8367de1c-d65c-54ac-b883-5a9f8de956e9', (select id from public.sri_impact_criteria where methodology_version_id=v_mid and code='health_wellbeing_accessibility'), 0) on conflict (functionality_level_id, impact_criterion_id) do nothing;
  insert into public.sri_functionality_level_impact_scores (functionality_level_id, impact_criterion_id, score)
  values ('8367de1c-d65c-54ac-b883-5a9f8de956e9', (select id from public.sri_impact_criteria where methodology_version_id=v_mid and code='maintenance_and_fault_prediction'), 1) on conflict (functionality_level_id, impact_criterion_id) do nothing;
  insert into public.sri_functionality_level_impact_scores (functionality_level_id, impact_criterion_id, score)
  values ('8367de1c-d65c-54ac-b883-5a9f8de956e9', (select id from public.sri_impact_criteria where methodology_version_id=v_mid and code='information_to_occupants'), 0) on conflict (functionality_level_id, impact_criterion_id) do nothing;

  -- wagi kryteriow W_f(ic)
  insert into public.sri_impact_criterion_weights (methodology_version_id, impact_criterion_id, building_type, weight)
  values (v_mid, (select id from public.sri_impact_criteria where methodology_version_id=v_mid and code='energy_efficiency'), 'residential', 0.1666666667) on conflict (methodology_version_id, impact_criterion_id, building_type) do nothing;
  insert into public.sri_impact_criterion_weights (methodology_version_id, impact_criterion_id, building_type, weight)
  values (v_mid, (select id from public.sri_impact_criteria where methodology_version_id=v_mid and code='energy_flexibility_and_storage'), 'residential', 0.3333333333) on conflict (methodology_version_id, impact_criterion_id, building_type) do nothing;
  insert into public.sri_impact_criterion_weights (methodology_version_id, impact_criterion_id, building_type, weight)
  values (v_mid, (select id from public.sri_impact_criteria where methodology_version_id=v_mid and code='comfort'), 'residential', 0.0833333333) on conflict (methodology_version_id, impact_criterion_id, building_type) do nothing;
  insert into public.sri_impact_criterion_weights (methodology_version_id, impact_criterion_id, building_type, weight)
  values (v_mid, (select id from public.sri_impact_criteria where methodology_version_id=v_mid and code='convenience'), 'residential', 0.0833333333) on conflict (methodology_version_id, impact_criterion_id, building_type) do nothing;
  insert into public.sri_impact_criterion_weights (methodology_version_id, impact_criterion_id, building_type, weight)
  values (v_mid, (select id from public.sri_impact_criteria where methodology_version_id=v_mid and code='health_wellbeing_accessibility'), 'residential', 0.0833333333) on conflict (methodology_version_id, impact_criterion_id, building_type) do nothing;
  insert into public.sri_impact_criterion_weights (methodology_version_id, impact_criterion_id, building_type, weight)
  values (v_mid, (select id from public.sri_impact_criteria where methodology_version_id=v_mid and code='maintenance_and_fault_prediction'), 'residential', 0.1666666667) on conflict (methodology_version_id, impact_criterion_id, building_type) do nothing;
  insert into public.sri_impact_criterion_weights (methodology_version_id, impact_criterion_id, building_type, weight)
  values (v_mid, (select id from public.sri_impact_criteria where methodology_version_id=v_mid and code='information_to_occupants'), 'residential', 0.0833333333) on conflict (methodology_version_id, impact_criterion_id, building_type) do nothing;
  insert into public.sri_impact_criterion_weights (methodology_version_id, impact_criterion_id, building_type, weight)
  values (v_mid, (select id from public.sri_impact_criteria where methodology_version_id=v_mid and code='energy_efficiency'), 'non_residential', 0.1666666667) on conflict (methodology_version_id, impact_criterion_id, building_type) do nothing;
  insert into public.sri_impact_criterion_weights (methodology_version_id, impact_criterion_id, building_type, weight)
  values (v_mid, (select id from public.sri_impact_criteria where methodology_version_id=v_mid and code='energy_flexibility_and_storage'), 'non_residential', 0.3333333333) on conflict (methodology_version_id, impact_criterion_id, building_type) do nothing;
  insert into public.sri_impact_criterion_weights (methodology_version_id, impact_criterion_id, building_type, weight)
  values (v_mid, (select id from public.sri_impact_criteria where methodology_version_id=v_mid and code='comfort'), 'non_residential', 0.0833333333) on conflict (methodology_version_id, impact_criterion_id, building_type) do nothing;
  insert into public.sri_impact_criterion_weights (methodology_version_id, impact_criterion_id, building_type, weight)
  values (v_mid, (select id from public.sri_impact_criteria where methodology_version_id=v_mid and code='convenience'), 'non_residential', 0.0833333333) on conflict (methodology_version_id, impact_criterion_id, building_type) do nothing;
  insert into public.sri_impact_criterion_weights (methodology_version_id, impact_criterion_id, building_type, weight)
  values (v_mid, (select id from public.sri_impact_criteria where methodology_version_id=v_mid and code='health_wellbeing_accessibility'), 'non_residential', 0.0833333333) on conflict (methodology_version_id, impact_criterion_id, building_type) do nothing;
  insert into public.sri_impact_criterion_weights (methodology_version_id, impact_criterion_id, building_type, weight)
  values (v_mid, (select id from public.sri_impact_criteria where methodology_version_id=v_mid and code='maintenance_and_fault_prediction'), 'non_residential', 0.1666666667) on conflict (methodology_version_id, impact_criterion_id, building_type) do nothing;
  insert into public.sri_impact_criterion_weights (methodology_version_id, impact_criterion_id, building_type, weight)
  values (v_mid, (select id from public.sri_impact_criteria where methodology_version_id=v_mid and code='information_to_occupants'), 'non_residential', 0.0833333333) on conflict (methodology_version_id, impact_criterion_id, building_type) do nothing;

  -- wagi domen W(d,ic) per typ budynku x strefa klimatyczna
  insert into public.sri_domain_impact_weights (methodology_version_id, domain_id, impact_criterion_id, building_type, climate_zone, weight)
  values (v_mid, (select id from public.sri_technical_domains where methodology_version_id=v_mid and code='heating'), (select id from public.sri_impact_criteria where methodology_version_id=v_mid and code='energy_efficiency'), 'residential', 'north_europe', 0.2990905106) on conflict (methodology_version_id, domain_id, impact_criterion_id, building_type, climate_zone) do nothing;
  insert into public.sri_domain_impact_weights (methodology_version_id, domain_id, impact_criterion_id, building_type, climate_zone, weight)
  values (v_mid, (select id from public.sri_technical_domains where methodology_version_id=v_mid and code='heating'), (select id from public.sri_impact_criteria where methodology_version_id=v_mid and code='energy_flexibility_and_storage'), 'residential', 'north_europe', 0.4267288852) on conflict (methodology_version_id, domain_id, impact_criterion_id, building_type, climate_zone) do nothing;
  insert into public.sri_domain_impact_weights (methodology_version_id, domain_id, impact_criterion_id, building_type, climate_zone, weight)
  values (v_mid, (select id from public.sri_technical_domains where methodology_version_id=v_mid and code='heating'), (select id from public.sri_impact_criteria where methodology_version_id=v_mid and code='comfort'), 'residential', 'north_europe', 0.16) on conflict (methodology_version_id, domain_id, impact_criterion_id, building_type, climate_zone) do nothing;
  insert into public.sri_domain_impact_weights (methodology_version_id, domain_id, impact_criterion_id, building_type, climate_zone, weight)
  values (v_mid, (select id from public.sri_technical_domains where methodology_version_id=v_mid and code='heating'), (select id from public.sri_impact_criteria where methodology_version_id=v_mid and code='convenience'), 'residential', 'north_europe', 0.1) on conflict (methodology_version_id, domain_id, impact_criterion_id, building_type, climate_zone) do nothing;
  insert into public.sri_domain_impact_weights (methodology_version_id, domain_id, impact_criterion_id, building_type, climate_zone, weight)
  values (v_mid, (select id from public.sri_technical_domains where methodology_version_id=v_mid and code='heating'), (select id from public.sri_impact_criteria where methodology_version_id=v_mid and code='health_wellbeing_accessibility'), 'residential', 'north_europe', 0.16) on conflict (methodology_version_id, domain_id, impact_criterion_id, building_type, climate_zone) do nothing;
  insert into public.sri_domain_impact_weights (methodology_version_id, domain_id, impact_criterion_id, building_type, climate_zone, weight)
  values (v_mid, (select id from public.sri_technical_domains where methodology_version_id=v_mid and code='heating'), (select id from public.sri_impact_criteria where methodology_version_id=v_mid and code='maintenance_and_fault_prediction'), 'residential', 'north_europe', 0.3145970715) on conflict (methodology_version_id, domain_id, impact_criterion_id, building_type, climate_zone) do nothing;
  insert into public.sri_domain_impact_weights (methodology_version_id, domain_id, impact_criterion_id, building_type, climate_zone, weight)
  values (v_mid, (select id from public.sri_technical_domains where methodology_version_id=v_mid and code='heating'), (select id from public.sri_impact_criteria where methodology_version_id=v_mid and code='information_to_occupants'), 'residential', 'north_europe', 0.1142857143) on conflict (methodology_version_id, domain_id, impact_criterion_id, building_type, climate_zone) do nothing;
  insert into public.sri_domain_impact_weights (methodology_version_id, domain_id, impact_criterion_id, building_type, climate_zone, weight)
  values (v_mid, (select id from public.sri_technical_domains where methodology_version_id=v_mid and code='domestic_hot_water'), (select id from public.sri_impact_criteria where methodology_version_id=v_mid and code='energy_efficiency'), 'residential', 'north_europe', 0.092805265) on conflict (methodology_version_id, domain_id, impact_criterion_id, building_type, climate_zone) do nothing;
  insert into public.sri_domain_impact_weights (methodology_version_id, domain_id, impact_criterion_id, building_type, climate_zone, weight)
  values (v_mid, (select id from public.sri_technical_domains where methodology_version_id=v_mid and code='domestic_hot_water'), (select id from public.sri_impact_criteria where methodology_version_id=v_mid and code='energy_flexibility_and_storage'), 'residential', 'north_europe', 0.132410377) on conflict (methodology_version_id, domain_id, impact_criterion_id, building_type, climate_zone) do nothing;
  insert into public.sri_domain_impact_weights (methodology_version_id, domain_id, impact_criterion_id, building_type, climate_zone, weight)
  values (v_mid, (select id from public.sri_technical_domains where methodology_version_id=v_mid and code='domestic_hot_water'), (select id from public.sri_impact_criteria where methodology_version_id=v_mid and code='comfort'), 'residential', 'north_europe', 0.0) on conflict (methodology_version_id, domain_id, impact_criterion_id, building_type, climate_zone) do nothing;
  insert into public.sri_domain_impact_weights (methodology_version_id, domain_id, impact_criterion_id, building_type, climate_zone, weight)
  values (v_mid, (select id from public.sri_technical_domains where methodology_version_id=v_mid and code='domestic_hot_water'), (select id from public.sri_impact_criteria where methodology_version_id=v_mid and code='convenience'), 'residential', 'north_europe', 0.1) on conflict (methodology_version_id, domain_id, impact_criterion_id, building_type, climate_zone) do nothing;
  insert into public.sri_domain_impact_weights (methodology_version_id, domain_id, impact_criterion_id, building_type, climate_zone, weight)
  values (v_mid, (select id from public.sri_technical_domains where methodology_version_id=v_mid and code='domestic_hot_water'), (select id from public.sri_impact_criteria where methodology_version_id=v_mid and code='health_wellbeing_accessibility'), 'residential', 'north_europe', 0.0) on conflict (methodology_version_id, domain_id, impact_criterion_id, building_type, climate_zone) do nothing;
  insert into public.sri_domain_impact_weights (methodology_version_id, domain_id, impact_criterion_id, building_type, climate_zone, weight)
  values (v_mid, (select id from public.sri_technical_domains where methodology_version_id=v_mid and code='domestic_hot_water'), (select id from public.sri_impact_criteria where methodology_version_id=v_mid and code='maintenance_and_fault_prediction'), 'residential', 'north_europe', 0.0976168201) on conflict (methodology_version_id, domain_id, impact_criterion_id, building_type, climate_zone) do nothing;
  insert into public.sri_domain_impact_weights (methodology_version_id, domain_id, impact_criterion_id, building_type, climate_zone, weight)
  values (v_mid, (select id from public.sri_technical_domains where methodology_version_id=v_mid and code='domestic_hot_water'), (select id from public.sri_impact_criteria where methodology_version_id=v_mid and code='information_to_occupants'), 'residential', 'north_europe', 0.1142857143) on conflict (methodology_version_id, domain_id, impact_criterion_id, building_type, climate_zone) do nothing;
  insert into public.sri_domain_impact_weights (methodology_version_id, domain_id, impact_criterion_id, building_type, climate_zone, weight)
  values (v_mid, (select id from public.sri_technical_domains where methodology_version_id=v_mid and code='cooling'), (select id from public.sri_impact_criteria where methodology_version_id=v_mid and code='energy_efficiency'), 'residential', 'north_europe', 0.0) on conflict (methodology_version_id, domain_id, impact_criterion_id, building_type, climate_zone) do nothing;
  insert into public.sri_domain_impact_weights (methodology_version_id, domain_id, impact_criterion_id, building_type, climate_zone, weight)
  values (v_mid, (select id from public.sri_technical_domains where methodology_version_id=v_mid and code='cooling'), (select id from public.sri_impact_criteria where methodology_version_id=v_mid and code='energy_flexibility_and_storage'), 'residential', 'north_europe', 0.0) on conflict (methodology_version_id, domain_id, impact_criterion_id, building_type, climate_zone) do nothing;
  insert into public.sri_domain_impact_weights (methodology_version_id, domain_id, impact_criterion_id, building_type, climate_zone, weight)
  values (v_mid, (select id from public.sri_technical_domains where methodology_version_id=v_mid and code='cooling'), (select id from public.sri_impact_criteria where methodology_version_id=v_mid and code='comfort'), 'residential', 'north_europe', 0.16) on conflict (methodology_version_id, domain_id, impact_criterion_id, building_type, climate_zone) do nothing;
  insert into public.sri_domain_impact_weights (methodology_version_id, domain_id, impact_criterion_id, building_type, climate_zone, weight)
  values (v_mid, (select id from public.sri_technical_domains where methodology_version_id=v_mid and code='cooling'), (select id from public.sri_impact_criteria where methodology_version_id=v_mid and code='convenience'), 'residential', 'north_europe', 0.1) on conflict (methodology_version_id, domain_id, impact_criterion_id, building_type, climate_zone) do nothing;
  insert into public.sri_domain_impact_weights (methodology_version_id, domain_id, impact_criterion_id, building_type, climate_zone, weight)
  values (v_mid, (select id from public.sri_technical_domains where methodology_version_id=v_mid and code='cooling'), (select id from public.sri_impact_criteria where methodology_version_id=v_mid and code='health_wellbeing_accessibility'), 'residential', 'north_europe', 0.16) on conflict (methodology_version_id, domain_id, impact_criterion_id, building_type, climate_zone) do nothing;
  insert into public.sri_domain_impact_weights (methodology_version_id, domain_id, impact_criterion_id, building_type, climate_zone, weight)
  values (v_mid, (select id from public.sri_technical_domains where methodology_version_id=v_mid and code='cooling'), (select id from public.sri_impact_criteria where methodology_version_id=v_mid and code='maintenance_and_fault_prediction'), 'residential', 'north_europe', 0.0) on conflict (methodology_version_id, domain_id, impact_criterion_id, building_type, climate_zone) do nothing;
  insert into public.sri_domain_impact_weights (methodology_version_id, domain_id, impact_criterion_id, building_type, climate_zone, weight)
  values (v_mid, (select id from public.sri_technical_domains where methodology_version_id=v_mid and code='cooling'), (select id from public.sri_impact_criteria where methodology_version_id=v_mid and code='information_to_occupants'), 'residential', 'north_europe', 0.1142857143) on conflict (methodology_version_id, domain_id, impact_criterion_id, building_type, climate_zone) do nothing;
  insert into public.sri_domain_impact_weights (methodology_version_id, domain_id, impact_criterion_id, building_type, climate_zone, weight)
  values (v_mid, (select id from public.sri_technical_domains where methodology_version_id=v_mid and code='ventilation'), (select id from public.sri_impact_criteria where methodology_version_id=v_mid and code='energy_efficiency'), 'residential', 'north_europe', 0.1873639473) on conflict (methodology_version_id, domain_id, impact_criterion_id, building_type, climate_zone) do nothing;
  insert into public.sri_domain_impact_weights (methodology_version_id, domain_id, impact_criterion_id, building_type, climate_zone, weight)
  values (v_mid, (select id from public.sri_technical_domains where methodology_version_id=v_mid and code='ventilation'), (select id from public.sri_impact_criteria where methodology_version_id=v_mid and code='energy_flexibility_and_storage'), 'residential', 'north_europe', 0.0) on conflict (methodology_version_id, domain_id, impact_criterion_id, building_type, climate_zone) do nothing;
  insert into public.sri_domain_impact_weights (methodology_version_id, domain_id, impact_criterion_id, building_type, climate_zone, weight)
  values (v_mid, (select id from public.sri_technical_domains where methodology_version_id=v_mid and code='ventilation'), (select id from public.sri_impact_criteria where methodology_version_id=v_mid and code='comfort'), 'residential', 'north_europe', 0.16) on conflict (methodology_version_id, domain_id, impact_criterion_id, building_type, climate_zone) do nothing;
  insert into public.sri_domain_impact_weights (methodology_version_id, domain_id, impact_criterion_id, building_type, climate_zone, weight)
  values (v_mid, (select id from public.sri_technical_domains where methodology_version_id=v_mid and code='ventilation'), (select id from public.sri_impact_criteria where methodology_version_id=v_mid and code='convenience'), 'residential', 'north_europe', 0.1) on conflict (methodology_version_id, domain_id, impact_criterion_id, building_type, climate_zone) do nothing;
  insert into public.sri_domain_impact_weights (methodology_version_id, domain_id, impact_criterion_id, building_type, climate_zone, weight)
  values (v_mid, (select id from public.sri_technical_domains where methodology_version_id=v_mid and code='ventilation'), (select id from public.sri_impact_criteria where methodology_version_id=v_mid and code='health_wellbeing_accessibility'), 'residential', 'north_europe', 0.16) on conflict (methodology_version_id, domain_id, impact_criterion_id, building_type, climate_zone) do nothing;
  insert into public.sri_domain_impact_weights (methodology_version_id, domain_id, impact_criterion_id, building_type, climate_zone, weight)
  values (v_mid, (select id from public.sri_technical_domains where methodology_version_id=v_mid and code='ventilation'), (select id from public.sri_impact_criteria where methodology_version_id=v_mid and code='maintenance_and_fault_prediction'), 'residential', 'north_europe', 0.1970779649) on conflict (methodology_version_id, domain_id, impact_criterion_id, building_type, climate_zone) do nothing;
  insert into public.sri_domain_impact_weights (methodology_version_id, domain_id, impact_criterion_id, building_type, climate_zone, weight)
  values (v_mid, (select id from public.sri_technical_domains where methodology_version_id=v_mid and code='ventilation'), (select id from public.sri_impact_criteria where methodology_version_id=v_mid and code='information_to_occupants'), 'residential', 'north_europe', 0.1142857143) on conflict (methodology_version_id, domain_id, impact_criterion_id, building_type, climate_zone) do nothing;
  insert into public.sri_domain_impact_weights (methodology_version_id, domain_id, impact_criterion_id, building_type, climate_zone, weight)
  values (v_mid, (select id from public.sri_technical_domains where methodology_version_id=v_mid and code='lighting'), (select id from public.sri_impact_criteria where methodology_version_id=v_mid and code='energy_efficiency'), 'residential', 'north_europe', 0.0369676699) on conflict (methodology_version_id, domain_id, impact_criterion_id, building_type, climate_zone) do nothing;
  insert into public.sri_domain_impact_weights (methodology_version_id, domain_id, impact_criterion_id, building_type, climate_zone, weight)
  values (v_mid, (select id from public.sri_technical_domains where methodology_version_id=v_mid and code='lighting'), (select id from public.sri_impact_criteria where methodology_version_id=v_mid and code='energy_flexibility_and_storage'), 'residential', 'north_europe', 0.0) on conflict (methodology_version_id, domain_id, impact_criterion_id, building_type, climate_zone) do nothing;
  insert into public.sri_domain_impact_weights (methodology_version_id, domain_id, impact_criterion_id, building_type, climate_zone, weight)
  values (v_mid, (select id from public.sri_technical_domains where methodology_version_id=v_mid and code='lighting'), (select id from public.sri_impact_criteria where methodology_version_id=v_mid and code='comfort'), 'residential', 'north_europe', 0.16) on conflict (methodology_version_id, domain_id, impact_criterion_id, building_type, climate_zone) do nothing;
  insert into public.sri_domain_impact_weights (methodology_version_id, domain_id, impact_criterion_id, building_type, climate_zone, weight)
  values (v_mid, (select id from public.sri_technical_domains where methodology_version_id=v_mid and code='lighting'), (select id from public.sri_impact_criteria where methodology_version_id=v_mid and code='convenience'), 'residential', 'north_europe', 0.1) on conflict (methodology_version_id, domain_id, impact_criterion_id, building_type, climate_zone) do nothing;
  insert into public.sri_domain_impact_weights (methodology_version_id, domain_id, impact_criterion_id, building_type, climate_zone, weight)
  values (v_mid, (select id from public.sri_technical_domains where methodology_version_id=v_mid and code='lighting'), (select id from public.sri_impact_criteria where methodology_version_id=v_mid and code='health_wellbeing_accessibility'), 'residential', 'north_europe', 0.16) on conflict (methodology_version_id, domain_id, impact_criterion_id, building_type, climate_zone) do nothing;
  insert into public.sri_domain_impact_weights (methodology_version_id, domain_id, impact_criterion_id, building_type, climate_zone, weight)
  values (v_mid, (select id from public.sri_technical_domains where methodology_version_id=v_mid and code='lighting'), (select id from public.sri_impact_criteria where methodology_version_id=v_mid and code='maintenance_and_fault_prediction'), 'residential', 'north_europe', 0.0) on conflict (methodology_version_id, domain_id, impact_criterion_id, building_type, climate_zone) do nothing;
  insert into public.sri_domain_impact_weights (methodology_version_id, domain_id, impact_criterion_id, building_type, climate_zone, weight)
  values (v_mid, (select id from public.sri_technical_domains where methodology_version_id=v_mid and code='lighting'), (select id from public.sri_impact_criteria where methodology_version_id=v_mid and code='information_to_occupants'), 'residential', 'north_europe', 0.0) on conflict (methodology_version_id, domain_id, impact_criterion_id, building_type, climate_zone) do nothing;
  insert into public.sri_domain_impact_weights (methodology_version_id, domain_id, impact_criterion_id, building_type, climate_zone, weight)
  values (v_mid, (select id from public.sri_technical_domains where methodology_version_id=v_mid and code='electricity'), (select id from public.sri_impact_criteria where methodology_version_id=v_mid and code='energy_efficiency'), 'residential', 'north_europe', 0.1337726072) on conflict (methodology_version_id, domain_id, impact_criterion_id, building_type, climate_zone) do nothing;
  insert into public.sri_domain_impact_weights (methodology_version_id, domain_id, impact_criterion_id, building_type, climate_zone, weight)
  values (v_mid, (select id from public.sri_technical_domains where methodology_version_id=v_mid and code='electricity'), (select id from public.sri_impact_criteria where methodology_version_id=v_mid and code='energy_flexibility_and_storage'), 'residential', 'north_europe', 0.1908607378) on conflict (methodology_version_id, domain_id, impact_criterion_id, building_type, climate_zone) do nothing;
  insert into public.sri_domain_impact_weights (methodology_version_id, domain_id, impact_criterion_id, building_type, climate_zone, weight)
  values (v_mid, (select id from public.sri_technical_domains where methodology_version_id=v_mid and code='electricity'), (select id from public.sri_impact_criteria where methodology_version_id=v_mid and code='comfort'), 'residential', 'north_europe', 0.0) on conflict (methodology_version_id, domain_id, impact_criterion_id, building_type, climate_zone) do nothing;
  insert into public.sri_domain_impact_weights (methodology_version_id, domain_id, impact_criterion_id, building_type, climate_zone, weight)
  values (v_mid, (select id from public.sri_technical_domains where methodology_version_id=v_mid and code='electricity'), (select id from public.sri_impact_criteria where methodology_version_id=v_mid and code='convenience'), 'residential', 'north_europe', 0.1) on conflict (methodology_version_id, domain_id, impact_criterion_id, building_type, climate_zone) do nothing;
  insert into public.sri_domain_impact_weights (methodology_version_id, domain_id, impact_criterion_id, building_type, climate_zone, weight)
  values (v_mid, (select id from public.sri_technical_domains where methodology_version_id=v_mid and code='electricity'), (select id from public.sri_impact_criteria where methodology_version_id=v_mid and code='health_wellbeing_accessibility'), 'residential', 'north_europe', 0.0) on conflict (methodology_version_id, domain_id, impact_criterion_id, building_type, climate_zone) do nothing;
  insert into public.sri_domain_impact_weights (methodology_version_id, domain_id, impact_criterion_id, building_type, climate_zone, weight)
  values (v_mid, (select id from public.sri_technical_domains where methodology_version_id=v_mid and code='electricity'), (select id from public.sri_impact_criteria where methodology_version_id=v_mid and code='maintenance_and_fault_prediction'), 'residential', 'north_europe', 0.1407081435) on conflict (methodology_version_id, domain_id, impact_criterion_id, building_type, climate_zone) do nothing;
  insert into public.sri_domain_impact_weights (methodology_version_id, domain_id, impact_criterion_id, building_type, climate_zone, weight)
  values (v_mid, (select id from public.sri_technical_domains where methodology_version_id=v_mid and code='electricity'), (select id from public.sri_impact_criteria where methodology_version_id=v_mid and code='information_to_occupants'), 'residential', 'north_europe', 0.1142857143) on conflict (methodology_version_id, domain_id, impact_criterion_id, building_type, climate_zone) do nothing;
  insert into public.sri_domain_impact_weights (methodology_version_id, domain_id, impact_criterion_id, building_type, climate_zone, weight)
  values (v_mid, (select id from public.sri_technical_domains where methodology_version_id=v_mid and code='dynamic_building_envelope'), (select id from public.sri_impact_criteria where methodology_version_id=v_mid and code='energy_efficiency'), 'residential', 'north_europe', 0.05) on conflict (methodology_version_id, domain_id, impact_criterion_id, building_type, climate_zone) do nothing;
  insert into public.sri_domain_impact_weights (methodology_version_id, domain_id, impact_criterion_id, building_type, climate_zone, weight)
  values (v_mid, (select id from public.sri_technical_domains where methodology_version_id=v_mid and code='dynamic_building_envelope'), (select id from public.sri_impact_criteria where methodology_version_id=v_mid and code='energy_flexibility_and_storage'), 'residential', 'north_europe', 0.0) on conflict (methodology_version_id, domain_id, impact_criterion_id, building_type, climate_zone) do nothing;
  insert into public.sri_domain_impact_weights (methodology_version_id, domain_id, impact_criterion_id, building_type, climate_zone, weight)
  values (v_mid, (select id from public.sri_technical_domains where methodology_version_id=v_mid and code='dynamic_building_envelope'), (select id from public.sri_impact_criteria where methodology_version_id=v_mid and code='comfort'), 'residential', 'north_europe', 0.16) on conflict (methodology_version_id, domain_id, impact_criterion_id, building_type, climate_zone) do nothing;
  insert into public.sri_domain_impact_weights (methodology_version_id, domain_id, impact_criterion_id, building_type, climate_zone, weight)
  values (v_mid, (select id from public.sri_technical_domains where methodology_version_id=v_mid and code='dynamic_building_envelope'), (select id from public.sri_impact_criteria where methodology_version_id=v_mid and code='convenience'), 'residential', 'north_europe', 0.1) on conflict (methodology_version_id, domain_id, impact_criterion_id, building_type, climate_zone) do nothing;
  insert into public.sri_domain_impact_weights (methodology_version_id, domain_id, impact_criterion_id, building_type, climate_zone, weight)
  values (v_mid, (select id from public.sri_technical_domains where methodology_version_id=v_mid and code='dynamic_building_envelope'), (select id from public.sri_impact_criteria where methodology_version_id=v_mid and code='health_wellbeing_accessibility'), 'residential', 'north_europe', 0.16) on conflict (methodology_version_id, domain_id, impact_criterion_id, building_type, climate_zone) do nothing;
  insert into public.sri_domain_impact_weights (methodology_version_id, domain_id, impact_criterion_id, building_type, climate_zone, weight)
  values (v_mid, (select id from public.sri_technical_domains where methodology_version_id=v_mid and code='dynamic_building_envelope'), (select id from public.sri_impact_criteria where methodology_version_id=v_mid and code='maintenance_and_fault_prediction'), 'residential', 'north_europe', 0.05) on conflict (methodology_version_id, domain_id, impact_criterion_id, building_type, climate_zone) do nothing;
  insert into public.sri_domain_impact_weights (methodology_version_id, domain_id, impact_criterion_id, building_type, climate_zone, weight)
  values (v_mid, (select id from public.sri_technical_domains where methodology_version_id=v_mid and code='dynamic_building_envelope'), (select id from public.sri_impact_criteria where methodology_version_id=v_mid and code='information_to_occupants'), 'residential', 'north_europe', 0.1142857143) on conflict (methodology_version_id, domain_id, impact_criterion_id, building_type, climate_zone) do nothing;
  insert into public.sri_domain_impact_weights (methodology_version_id, domain_id, impact_criterion_id, building_type, climate_zone, weight)
  values (v_mid, (select id from public.sri_technical_domains where methodology_version_id=v_mid and code='electric_vehicle_charging'), (select id from public.sri_impact_criteria where methodology_version_id=v_mid and code='energy_efficiency'), 'residential', 'north_europe', 0.0) on conflict (methodology_version_id, domain_id, impact_criterion_id, building_type, climate_zone) do nothing;
  insert into public.sri_domain_impact_weights (methodology_version_id, domain_id, impact_criterion_id, building_type, climate_zone, weight)
  values (v_mid, (select id from public.sri_technical_domains where methodology_version_id=v_mid and code='electric_vehicle_charging'), (select id from public.sri_impact_criteria where methodology_version_id=v_mid and code='energy_flexibility_and_storage'), 'residential', 'north_europe', 0.05) on conflict (methodology_version_id, domain_id, impact_criterion_id, building_type, climate_zone) do nothing;
  insert into public.sri_domain_impact_weights (methodology_version_id, domain_id, impact_criterion_id, building_type, climate_zone, weight)
  values (v_mid, (select id from public.sri_technical_domains where methodology_version_id=v_mid and code='electric_vehicle_charging'), (select id from public.sri_impact_criteria where methodology_version_id=v_mid and code='comfort'), 'residential', 'north_europe', 0.0) on conflict (methodology_version_id, domain_id, impact_criterion_id, building_type, climate_zone) do nothing;
  insert into public.sri_domain_impact_weights (methodology_version_id, domain_id, impact_criterion_id, building_type, climate_zone, weight)
  values (v_mid, (select id from public.sri_technical_domains where methodology_version_id=v_mid and code='electric_vehicle_charging'), (select id from public.sri_impact_criteria where methodology_version_id=v_mid and code='convenience'), 'residential', 'north_europe', 0.1) on conflict (methodology_version_id, domain_id, impact_criterion_id, building_type, climate_zone) do nothing;
  insert into public.sri_domain_impact_weights (methodology_version_id, domain_id, impact_criterion_id, building_type, climate_zone, weight)
  values (v_mid, (select id from public.sri_technical_domains where methodology_version_id=v_mid and code='electric_vehicle_charging'), (select id from public.sri_impact_criteria where methodology_version_id=v_mid and code='health_wellbeing_accessibility'), 'residential', 'north_europe', 0.0) on conflict (methodology_version_id, domain_id, impact_criterion_id, building_type, climate_zone) do nothing;
  insert into public.sri_domain_impact_weights (methodology_version_id, domain_id, impact_criterion_id, building_type, climate_zone, weight)
  values (v_mid, (select id from public.sri_technical_domains where methodology_version_id=v_mid and code='electric_vehicle_charging'), (select id from public.sri_impact_criteria where methodology_version_id=v_mid and code='maintenance_and_fault_prediction'), 'residential', 'north_europe', 0.0) on conflict (methodology_version_id, domain_id, impact_criterion_id, building_type, climate_zone) do nothing;
  insert into public.sri_domain_impact_weights (methodology_version_id, domain_id, impact_criterion_id, building_type, climate_zone, weight)
  values (v_mid, (select id from public.sri_technical_domains where methodology_version_id=v_mid and code='electric_vehicle_charging'), (select id from public.sri_impact_criteria where methodology_version_id=v_mid and code='information_to_occupants'), 'residential', 'north_europe', 0.1142857143) on conflict (methodology_version_id, domain_id, impact_criterion_id, building_type, climate_zone) do nothing;
  insert into public.sri_domain_impact_weights (methodology_version_id, domain_id, impact_criterion_id, building_type, climate_zone, weight)
  values (v_mid, (select id from public.sri_technical_domains where methodology_version_id=v_mid and code='monitoring_and_control'), (select id from public.sri_impact_criteria where methodology_version_id=v_mid and code='energy_efficiency'), 'residential', 'north_europe', 0.2) on conflict (methodology_version_id, domain_id, impact_criterion_id, building_type, climate_zone) do nothing;
  insert into public.sri_domain_impact_weights (methodology_version_id, domain_id, impact_criterion_id, building_type, climate_zone, weight)
  values (v_mid, (select id from public.sri_technical_domains where methodology_version_id=v_mid and code='monitoring_and_control'), (select id from public.sri_impact_criteria where methodology_version_id=v_mid and code='energy_flexibility_and_storage'), 'residential', 'north_europe', 0.2) on conflict (methodology_version_id, domain_id, impact_criterion_id, building_type, climate_zone) do nothing;
  insert into public.sri_domain_impact_weights (methodology_version_id, domain_id, impact_criterion_id, building_type, climate_zone, weight)
  values (v_mid, (select id from public.sri_technical_domains where methodology_version_id=v_mid and code='monitoring_and_control'), (select id from public.sri_impact_criteria where methodology_version_id=v_mid and code='comfort'), 'residential', 'north_europe', 0.2) on conflict (methodology_version_id, domain_id, impact_criterion_id, building_type, climate_zone) do nothing;
  insert into public.sri_domain_impact_weights (methodology_version_id, domain_id, impact_criterion_id, building_type, climate_zone, weight)
  values (v_mid, (select id from public.sri_technical_domains where methodology_version_id=v_mid and code='monitoring_and_control'), (select id from public.sri_impact_criteria where methodology_version_id=v_mid and code='convenience'), 'residential', 'north_europe', 0.2) on conflict (methodology_version_id, domain_id, impact_criterion_id, building_type, climate_zone) do nothing;
  insert into public.sri_domain_impact_weights (methodology_version_id, domain_id, impact_criterion_id, building_type, climate_zone, weight)
  values (v_mid, (select id from public.sri_technical_domains where methodology_version_id=v_mid and code='monitoring_and_control'), (select id from public.sri_impact_criteria where methodology_version_id=v_mid and code='health_wellbeing_accessibility'), 'residential', 'north_europe', 0.2) on conflict (methodology_version_id, domain_id, impact_criterion_id, building_type, climate_zone) do nothing;
  insert into public.sri_domain_impact_weights (methodology_version_id, domain_id, impact_criterion_id, building_type, climate_zone, weight)
  values (v_mid, (select id from public.sri_technical_domains where methodology_version_id=v_mid and code='monitoring_and_control'), (select id from public.sri_impact_criteria where methodology_version_id=v_mid and code='maintenance_and_fault_prediction'), 'residential', 'north_europe', 0.2) on conflict (methodology_version_id, domain_id, impact_criterion_id, building_type, climate_zone) do nothing;
  insert into public.sri_domain_impact_weights (methodology_version_id, domain_id, impact_criterion_id, building_type, climate_zone, weight)
  values (v_mid, (select id from public.sri_technical_domains where methodology_version_id=v_mid and code='monitoring_and_control'), (select id from public.sri_impact_criteria where methodology_version_id=v_mid and code='information_to_occupants'), 'residential', 'north_europe', 0.2) on conflict (methodology_version_id, domain_id, impact_criterion_id, building_type, climate_zone) do nothing;
  insert into public.sri_domain_impact_weights (methodology_version_id, domain_id, impact_criterion_id, building_type, climate_zone, weight)
  values (v_mid, (select id from public.sri_technical_domains where methodology_version_id=v_mid and code='heating'), (select id from public.sri_impact_criteria where methodology_version_id=v_mid and code='energy_efficiency'), 'residential', 'west_europe', 0.3396680152) on conflict (methodology_version_id, domain_id, impact_criterion_id, building_type, climate_zone) do nothing;
  insert into public.sri_domain_impact_weights (methodology_version_id, domain_id, impact_criterion_id, building_type, climate_zone, weight)
  values (v_mid, (select id from public.sri_technical_domains where methodology_version_id=v_mid and code='heating'), (select id from public.sri_impact_criteria where methodology_version_id=v_mid and code='energy_flexibility_and_storage'), 'residential', 'west_europe', 0.457215993) on conflict (methodology_version_id, domain_id, impact_criterion_id, building_type, climate_zone) do nothing;
  insert into public.sri_domain_impact_weights (methodology_version_id, domain_id, impact_criterion_id, building_type, climate_zone, weight)
  values (v_mid, (select id from public.sri_technical_domains where methodology_version_id=v_mid and code='heating'), (select id from public.sri_impact_criteria where methodology_version_id=v_mid and code='comfort'), 'residential', 'west_europe', 0.16) on conflict (methodology_version_id, domain_id, impact_criterion_id, building_type, climate_zone) do nothing;
  insert into public.sri_domain_impact_weights (methodology_version_id, domain_id, impact_criterion_id, building_type, climate_zone, weight)
  values (v_mid, (select id from public.sri_technical_domains where methodology_version_id=v_mid and code='heating'), (select id from public.sri_impact_criteria where methodology_version_id=v_mid and code='convenience'), 'residential', 'west_europe', 0.1) on conflict (methodology_version_id, domain_id, impact_criterion_id, building_type, climate_zone) do nothing;
  insert into public.sri_domain_impact_weights (methodology_version_id, domain_id, impact_criterion_id, building_type, climate_zone, weight)
  values (v_mid, (select id from public.sri_technical_domains where methodology_version_id=v_mid and code='heating'), (select id from public.sri_impact_criteria where methodology_version_id=v_mid and code='health_wellbeing_accessibility'), 'residential', 'west_europe', 0.16) on conflict (methodology_version_id, domain_id, impact_criterion_id, building_type, climate_zone) do nothing;
  insert into public.sri_domain_impact_weights (methodology_version_id, domain_id, impact_criterion_id, building_type, climate_zone, weight)
  values (v_mid, (select id from public.sri_technical_domains where methodology_version_id=v_mid and code='heating'), (select id from public.sri_impact_criteria where methodology_version_id=v_mid and code='maintenance_and_fault_prediction'), 'residential', 'west_europe', 0.3464347295) on conflict (methodology_version_id, domain_id, impact_criterion_id, building_type, climate_zone) do nothing;
  insert into public.sri_domain_impact_weights (methodology_version_id, domain_id, impact_criterion_id, building_type, climate_zone, weight)
  values (v_mid, (select id from public.sri_technical_domains where methodology_version_id=v_mid and code='heating'), (select id from public.sri_impact_criteria where methodology_version_id=v_mid and code='information_to_occupants'), 'residential', 'west_europe', 0.1142857143) on conflict (methodology_version_id, domain_id, impact_criterion_id, building_type, climate_zone) do nothing;
  insert into public.sri_domain_impact_weights (methodology_version_id, domain_id, impact_criterion_id, building_type, climate_zone, weight)
  values (v_mid, (select id from public.sri_technical_domains where methodology_version_id=v_mid and code='domestic_hot_water'), (select id from public.sri_impact_criteria where methodology_version_id=v_mid and code='energy_efficiency'), 'residential', 'west_europe', 0.07621044) on conflict (methodology_version_id, domain_id, impact_criterion_id, building_type, climate_zone) do nothing;
  insert into public.sri_domain_impact_weights (methodology_version_id, domain_id, impact_criterion_id, building_type, climate_zone, weight)
  values (v_mid, (select id from public.sri_technical_domains where methodology_version_id=v_mid and code='domestic_hot_water'), (select id from public.sri_impact_criteria where methodology_version_id=v_mid and code='energy_flexibility_and_storage'), 'residential', 'west_europe', 0.1025843779) on conflict (methodology_version_id, domain_id, impact_criterion_id, building_type, climate_zone) do nothing;
  insert into public.sri_domain_impact_weights (methodology_version_id, domain_id, impact_criterion_id, building_type, climate_zone, weight)
  values (v_mid, (select id from public.sri_technical_domains where methodology_version_id=v_mid and code='domestic_hot_water'), (select id from public.sri_impact_criteria where methodology_version_id=v_mid and code='comfort'), 'residential', 'west_europe', 0.0) on conflict (methodology_version_id, domain_id, impact_criterion_id, building_type, climate_zone) do nothing;
  insert into public.sri_domain_impact_weights (methodology_version_id, domain_id, impact_criterion_id, building_type, climate_zone, weight)
  values (v_mid, (select id from public.sri_technical_domains where methodology_version_id=v_mid and code='domestic_hot_water'), (select id from public.sri_impact_criteria where methodology_version_id=v_mid and code='convenience'), 'residential', 'west_europe', 0.1) on conflict (methodology_version_id, domain_id, impact_criterion_id, building_type, climate_zone) do nothing;
  insert into public.sri_domain_impact_weights (methodology_version_id, domain_id, impact_criterion_id, building_type, climate_zone, weight)
  values (v_mid, (select id from public.sri_technical_domains where methodology_version_id=v_mid and code='domestic_hot_water'), (select id from public.sri_impact_criteria where methodology_version_id=v_mid and code='health_wellbeing_accessibility'), 'residential', 'west_europe', 0.0) on conflict (methodology_version_id, domain_id, impact_criterion_id, building_type, climate_zone) do nothing;
  insert into public.sri_domain_impact_weights (methodology_version_id, domain_id, impact_criterion_id, building_type, climate_zone, weight)
  values (v_mid, (select id from public.sri_technical_domains where methodology_version_id=v_mid and code='domestic_hot_water'), (select id from public.sri_impact_criteria where methodology_version_id=v_mid and code='maintenance_and_fault_prediction'), 'residential', 'west_europe', 0.0777286703) on conflict (methodology_version_id, domain_id, impact_criterion_id, building_type, climate_zone) do nothing;
  insert into public.sri_domain_impact_weights (methodology_version_id, domain_id, impact_criterion_id, building_type, climate_zone, weight)
  values (v_mid, (select id from public.sri_technical_domains where methodology_version_id=v_mid and code='domestic_hot_water'), (select id from public.sri_impact_criteria where methodology_version_id=v_mid and code='information_to_occupants'), 'residential', 'west_europe', 0.1142857143) on conflict (methodology_version_id, domain_id, impact_criterion_id, building_type, climate_zone) do nothing;
  insert into public.sri_domain_impact_weights (methodology_version_id, domain_id, impact_criterion_id, building_type, climate_zone, weight)
  values (v_mid, (select id from public.sri_technical_domains where methodology_version_id=v_mid and code='cooling'), (select id from public.sri_impact_criteria where methodology_version_id=v_mid and code='energy_efficiency'), 'residential', 'west_europe', 0.0303893122) on conflict (methodology_version_id, domain_id, impact_criterion_id, building_type, climate_zone) do nothing;
  insert into public.sri_domain_impact_weights (methodology_version_id, domain_id, impact_criterion_id, building_type, climate_zone, weight)
  values (v_mid, (select id from public.sri_technical_domains where methodology_version_id=v_mid and code='cooling'), (select id from public.sri_impact_criteria where methodology_version_id=v_mid and code='energy_flexibility_and_storage'), 'residential', 'west_europe', 0.0409060581) on conflict (methodology_version_id, domain_id, impact_criterion_id, building_type, climate_zone) do nothing;
  insert into public.sri_domain_impact_weights (methodology_version_id, domain_id, impact_criterion_id, building_type, climate_zone, weight)
  values (v_mid, (select id from public.sri_technical_domains where methodology_version_id=v_mid and code='cooling'), (select id from public.sri_impact_criteria where methodology_version_id=v_mid and code='comfort'), 'residential', 'west_europe', 0.16) on conflict (methodology_version_id, domain_id, impact_criterion_id, building_type, climate_zone) do nothing;
  insert into public.sri_domain_impact_weights (methodology_version_id, domain_id, impact_criterion_id, building_type, climate_zone, weight)
  values (v_mid, (select id from public.sri_technical_domains where methodology_version_id=v_mid and code='cooling'), (select id from public.sri_impact_criteria where methodology_version_id=v_mid and code='convenience'), 'residential', 'west_europe', 0.1) on conflict (methodology_version_id, domain_id, impact_criterion_id, building_type, climate_zone) do nothing;
  insert into public.sri_domain_impact_weights (methodology_version_id, domain_id, impact_criterion_id, building_type, climate_zone, weight)
  values (v_mid, (select id from public.sri_technical_domains where methodology_version_id=v_mid and code='cooling'), (select id from public.sri_impact_criteria where methodology_version_id=v_mid and code='health_wellbeing_accessibility'), 'residential', 'west_europe', 0.16) on conflict (methodology_version_id, domain_id, impact_criterion_id, building_type, climate_zone) do nothing;
  insert into public.sri_domain_impact_weights (methodology_version_id, domain_id, impact_criterion_id, building_type, climate_zone, weight)
  values (v_mid, (select id from public.sri_technical_domains where methodology_version_id=v_mid and code='cooling'), (select id from public.sri_impact_criteria where methodology_version_id=v_mid and code='maintenance_and_fault_prediction'), 'residential', 'west_europe', 0.0309947145) on conflict (methodology_version_id, domain_id, impact_criterion_id, building_type, climate_zone) do nothing;
  insert into public.sri_domain_impact_weights (methodology_version_id, domain_id, impact_criterion_id, building_type, climate_zone, weight)
  values (v_mid, (select id from public.sri_technical_domains where methodology_version_id=v_mid and code='cooling'), (select id from public.sri_impact_criteria where methodology_version_id=v_mid and code='information_to_occupants'), 'residential', 'west_europe', 0.1142857143) on conflict (methodology_version_id, domain_id, impact_criterion_id, building_type, climate_zone) do nothing;
  insert into public.sri_domain_impact_weights (methodology_version_id, domain_id, impact_criterion_id, building_type, climate_zone, weight)
  values (v_mid, (select id from public.sri_technical_domains where methodology_version_id=v_mid and code='ventilation'), (select id from public.sri_impact_criteria where methodology_version_id=v_mid and code='energy_efficiency'), 'residential', 'west_europe', 0.1781719754) on conflict (methodology_version_id, domain_id, impact_criterion_id, building_type, climate_zone) do nothing;
  insert into public.sri_domain_impact_weights (methodology_version_id, domain_id, impact_criterion_id, building_type, climate_zone, weight)
  values (v_mid, (select id from public.sri_technical_domains where methodology_version_id=v_mid and code='ventilation'), (select id from public.sri_impact_criteria where methodology_version_id=v_mid and code='energy_flexibility_and_storage'), 'residential', 'west_europe', 0.0) on conflict (methodology_version_id, domain_id, impact_criterion_id, building_type, climate_zone) do nothing;
  insert into public.sri_domain_impact_weights (methodology_version_id, domain_id, impact_criterion_id, building_type, climate_zone, weight)
  values (v_mid, (select id from public.sri_technical_domains where methodology_version_id=v_mid and code='ventilation'), (select id from public.sri_impact_criteria where methodology_version_id=v_mid and code='comfort'), 'residential', 'west_europe', 0.16) on conflict (methodology_version_id, domain_id, impact_criterion_id, building_type, climate_zone) do nothing;
  insert into public.sri_domain_impact_weights (methodology_version_id, domain_id, impact_criterion_id, building_type, climate_zone, weight)
  values (v_mid, (select id from public.sri_technical_domains where methodology_version_id=v_mid and code='ventilation'), (select id from public.sri_impact_criteria where methodology_version_id=v_mid and code='convenience'), 'residential', 'west_europe', 0.1) on conflict (methodology_version_id, domain_id, impact_criterion_id, building_type, climate_zone) do nothing;
  insert into public.sri_domain_impact_weights (methodology_version_id, domain_id, impact_criterion_id, building_type, climate_zone, weight)
  values (v_mid, (select id from public.sri_technical_domains where methodology_version_id=v_mid and code='ventilation'), (select id from public.sri_impact_criteria where methodology_version_id=v_mid and code='health_wellbeing_accessibility'), 'residential', 'west_europe', 0.16) on conflict (methodology_version_id, domain_id, impact_criterion_id, building_type, climate_zone) do nothing;
  insert into public.sri_domain_impact_weights (methodology_version_id, domain_id, impact_criterion_id, building_type, climate_zone, weight)
  values (v_mid, (select id from public.sri_technical_domains where methodology_version_id=v_mid and code='ventilation'), (select id from public.sri_impact_criteria where methodology_version_id=v_mid and code='maintenance_and_fault_prediction'), 'residential', 'west_europe', 0.1817214378) on conflict (methodology_version_id, domain_id, impact_criterion_id, building_type, climate_zone) do nothing;
  insert into public.sri_domain_impact_weights (methodology_version_id, domain_id, impact_criterion_id, building_type, climate_zone, weight)
  values (v_mid, (select id from public.sri_technical_domains where methodology_version_id=v_mid and code='ventilation'), (select id from public.sri_impact_criteria where methodology_version_id=v_mid and code='information_to_occupants'), 'residential', 'west_europe', 0.1142857143) on conflict (methodology_version_id, domain_id, impact_criterion_id, building_type, climate_zone) do nothing;
  insert into public.sri_domain_impact_weights (methodology_version_id, domain_id, impact_criterion_id, building_type, climate_zone, weight)
  values (v_mid, (select id from public.sri_technical_domains where methodology_version_id=v_mid and code='lighting'), (select id from public.sri_impact_criteria where methodology_version_id=v_mid and code='energy_efficiency'), 'residential', 'west_europe', 0.0146493273) on conflict (methodology_version_id, domain_id, impact_criterion_id, building_type, climate_zone) do nothing;
  insert into public.sri_domain_impact_weights (methodology_version_id, domain_id, impact_criterion_id, building_type, climate_zone, weight)
  values (v_mid, (select id from public.sri_technical_domains where methodology_version_id=v_mid and code='lighting'), (select id from public.sri_impact_criteria where methodology_version_id=v_mid and code='energy_flexibility_and_storage'), 'residential', 'west_europe', 0.0) on conflict (methodology_version_id, domain_id, impact_criterion_id, building_type, climate_zone) do nothing;
  insert into public.sri_domain_impact_weights (methodology_version_id, domain_id, impact_criterion_id, building_type, climate_zone, weight)
  values (v_mid, (select id from public.sri_technical_domains where methodology_version_id=v_mid and code='lighting'), (select id from public.sri_impact_criteria where methodology_version_id=v_mid and code='comfort'), 'residential', 'west_europe', 0.16) on conflict (methodology_version_id, domain_id, impact_criterion_id, building_type, climate_zone) do nothing;
  insert into public.sri_domain_impact_weights (methodology_version_id, domain_id, impact_criterion_id, building_type, climate_zone, weight)
  values (v_mid, (select id from public.sri_technical_domains where methodology_version_id=v_mid and code='lighting'), (select id from public.sri_impact_criteria where methodology_version_id=v_mid and code='convenience'), 'residential', 'west_europe', 0.1) on conflict (methodology_version_id, domain_id, impact_criterion_id, building_type, climate_zone) do nothing;
  insert into public.sri_domain_impact_weights (methodology_version_id, domain_id, impact_criterion_id, building_type, climate_zone, weight)
  values (v_mid, (select id from public.sri_technical_domains where methodology_version_id=v_mid and code='lighting'), (select id from public.sri_impact_criteria where methodology_version_id=v_mid and code='health_wellbeing_accessibility'), 'residential', 'west_europe', 0.16) on conflict (methodology_version_id, domain_id, impact_criterion_id, building_type, climate_zone) do nothing;
  insert into public.sri_domain_impact_weights (methodology_version_id, domain_id, impact_criterion_id, building_type, climate_zone, weight)
  values (v_mid, (select id from public.sri_technical_domains where methodology_version_id=v_mid and code='lighting'), (select id from public.sri_impact_criteria where methodology_version_id=v_mid and code='maintenance_and_fault_prediction'), 'residential', 'west_europe', 0.0) on conflict (methodology_version_id, domain_id, impact_criterion_id, building_type, climate_zone) do nothing;
  insert into public.sri_domain_impact_weights (methodology_version_id, domain_id, impact_criterion_id, building_type, climate_zone, weight)
  values (v_mid, (select id from public.sri_technical_domains where methodology_version_id=v_mid and code='lighting'), (select id from public.sri_impact_criteria where methodology_version_id=v_mid and code='information_to_occupants'), 'residential', 'west_europe', 0.0) on conflict (methodology_version_id, domain_id, impact_criterion_id, building_type, climate_zone) do nothing;
  insert into public.sri_domain_impact_weights (methodology_version_id, domain_id, impact_criterion_id, building_type, climate_zone, weight)
  values (v_mid, (select id from public.sri_technical_domains where methodology_version_id=v_mid and code='electricity'), (select id from public.sri_impact_criteria where methodology_version_id=v_mid and code='energy_efficiency'), 'residential', 'west_europe', 0.1109109299) on conflict (methodology_version_id, domain_id, impact_criterion_id, building_type, climate_zone) do nothing;
  insert into public.sri_domain_impact_weights (methodology_version_id, domain_id, impact_criterion_id, building_type, climate_zone, weight)
  values (v_mid, (select id from public.sri_technical_domains where methodology_version_id=v_mid and code='electricity'), (select id from public.sri_impact_criteria where methodology_version_id=v_mid and code='energy_flexibility_and_storage'), 'residential', 'west_europe', 0.149293571) on conflict (methodology_version_id, domain_id, impact_criterion_id, building_type, climate_zone) do nothing;
  insert into public.sri_domain_impact_weights (methodology_version_id, domain_id, impact_criterion_id, building_type, climate_zone, weight)
  values (v_mid, (select id from public.sri_technical_domains where methodology_version_id=v_mid and code='electricity'), (select id from public.sri_impact_criteria where methodology_version_id=v_mid and code='comfort'), 'residential', 'west_europe', 0.0) on conflict (methodology_version_id, domain_id, impact_criterion_id, building_type, climate_zone) do nothing;
  insert into public.sri_domain_impact_weights (methodology_version_id, domain_id, impact_criterion_id, building_type, climate_zone, weight)
  values (v_mid, (select id from public.sri_technical_domains where methodology_version_id=v_mid and code='electricity'), (select id from public.sri_impact_criteria where methodology_version_id=v_mid and code='convenience'), 'residential', 'west_europe', 0.1) on conflict (methodology_version_id, domain_id, impact_criterion_id, building_type, climate_zone) do nothing;
  insert into public.sri_domain_impact_weights (methodology_version_id, domain_id, impact_criterion_id, building_type, climate_zone, weight)
  values (v_mid, (select id from public.sri_technical_domains where methodology_version_id=v_mid and code='electricity'), (select id from public.sri_impact_criteria where methodology_version_id=v_mid and code='health_wellbeing_accessibility'), 'residential', 'west_europe', 0.0) on conflict (methodology_version_id, domain_id, impact_criterion_id, building_type, climate_zone) do nothing;
  insert into public.sri_domain_impact_weights (methodology_version_id, domain_id, impact_criterion_id, building_type, climate_zone, weight)
  values (v_mid, (select id from public.sri_technical_domains where methodology_version_id=v_mid and code='electricity'), (select id from public.sri_impact_criteria where methodology_version_id=v_mid and code='maintenance_and_fault_prediction'), 'residential', 'west_europe', 0.1131204478) on conflict (methodology_version_id, domain_id, impact_criterion_id, building_type, climate_zone) do nothing;
  insert into public.sri_domain_impact_weights (methodology_version_id, domain_id, impact_criterion_id, building_type, climate_zone, weight)
  values (v_mid, (select id from public.sri_technical_domains where methodology_version_id=v_mid and code='electricity'), (select id from public.sri_impact_criteria where methodology_version_id=v_mid and code='information_to_occupants'), 'residential', 'west_europe', 0.1142857143) on conflict (methodology_version_id, domain_id, impact_criterion_id, building_type, climate_zone) do nothing;
  insert into public.sri_domain_impact_weights (methodology_version_id, domain_id, impact_criterion_id, building_type, climate_zone, weight)
  values (v_mid, (select id from public.sri_technical_domains where methodology_version_id=v_mid and code='dynamic_building_envelope'), (select id from public.sri_impact_criteria where methodology_version_id=v_mid and code='energy_efficiency'), 'residential', 'west_europe', 0.05) on conflict (methodology_version_id, domain_id, impact_criterion_id, building_type, climate_zone) do nothing;
  insert into public.sri_domain_impact_weights (methodology_version_id, domain_id, impact_criterion_id, building_type, climate_zone, weight)
  values (v_mid, (select id from public.sri_technical_domains where methodology_version_id=v_mid and code='dynamic_building_envelope'), (select id from public.sri_impact_criteria where methodology_version_id=v_mid and code='energy_flexibility_and_storage'), 'residential', 'west_europe', 0.0) on conflict (methodology_version_id, domain_id, impact_criterion_id, building_type, climate_zone) do nothing;
  insert into public.sri_domain_impact_weights (methodology_version_id, domain_id, impact_criterion_id, building_type, climate_zone, weight)
  values (v_mid, (select id from public.sri_technical_domains where methodology_version_id=v_mid and code='dynamic_building_envelope'), (select id from public.sri_impact_criteria where methodology_version_id=v_mid and code='comfort'), 'residential', 'west_europe', 0.16) on conflict (methodology_version_id, domain_id, impact_criterion_id, building_type, climate_zone) do nothing;
  insert into public.sri_domain_impact_weights (methodology_version_id, domain_id, impact_criterion_id, building_type, climate_zone, weight)
  values (v_mid, (select id from public.sri_technical_domains where methodology_version_id=v_mid and code='dynamic_building_envelope'), (select id from public.sri_impact_criteria where methodology_version_id=v_mid and code='convenience'), 'residential', 'west_europe', 0.1) on conflict (methodology_version_id, domain_id, impact_criterion_id, building_type, climate_zone) do nothing;
  insert into public.sri_domain_impact_weights (methodology_version_id, domain_id, impact_criterion_id, building_type, climate_zone, weight)
  values (v_mid, (select id from public.sri_technical_domains where methodology_version_id=v_mid and code='dynamic_building_envelope'), (select id from public.sri_impact_criteria where methodology_version_id=v_mid and code='health_wellbeing_accessibility'), 'residential', 'west_europe', 0.16) on conflict (methodology_version_id, domain_id, impact_criterion_id, building_type, climate_zone) do nothing;
  insert into public.sri_domain_impact_weights (methodology_version_id, domain_id, impact_criterion_id, building_type, climate_zone, weight)
  values (v_mid, (select id from public.sri_technical_domains where methodology_version_id=v_mid and code='dynamic_building_envelope'), (select id from public.sri_impact_criteria where methodology_version_id=v_mid and code='maintenance_and_fault_prediction'), 'residential', 'west_europe', 0.05) on conflict (methodology_version_id, domain_id, impact_criterion_id, building_type, climate_zone) do nothing;
  insert into public.sri_domain_impact_weights (methodology_version_id, domain_id, impact_criterion_id, building_type, climate_zone, weight)
  values (v_mid, (select id from public.sri_technical_domains where methodology_version_id=v_mid and code='dynamic_building_envelope'), (select id from public.sri_impact_criteria where methodology_version_id=v_mid and code='information_to_occupants'), 'residential', 'west_europe', 0.1142857143) on conflict (methodology_version_id, domain_id, impact_criterion_id, building_type, climate_zone) do nothing;
  insert into public.sri_domain_impact_weights (methodology_version_id, domain_id, impact_criterion_id, building_type, climate_zone, weight)
  values (v_mid, (select id from public.sri_technical_domains where methodology_version_id=v_mid and code='electric_vehicle_charging'), (select id from public.sri_impact_criteria where methodology_version_id=v_mid and code='energy_efficiency'), 'residential', 'west_europe', 0.0) on conflict (methodology_version_id, domain_id, impact_criterion_id, building_type, climate_zone) do nothing;
  insert into public.sri_domain_impact_weights (methodology_version_id, domain_id, impact_criterion_id, building_type, climate_zone, weight)
  values (v_mid, (select id from public.sri_technical_domains where methodology_version_id=v_mid and code='electric_vehicle_charging'), (select id from public.sri_impact_criteria where methodology_version_id=v_mid and code='energy_flexibility_and_storage'), 'residential', 'west_europe', 0.05) on conflict (methodology_version_id, domain_id, impact_criterion_id, building_type, climate_zone) do nothing;
  insert into public.sri_domain_impact_weights (methodology_version_id, domain_id, impact_criterion_id, building_type, climate_zone, weight)
  values (v_mid, (select id from public.sri_technical_domains where methodology_version_id=v_mid and code='electric_vehicle_charging'), (select id from public.sri_impact_criteria where methodology_version_id=v_mid and code='comfort'), 'residential', 'west_europe', 0.0) on conflict (methodology_version_id, domain_id, impact_criterion_id, building_type, climate_zone) do nothing;
  insert into public.sri_domain_impact_weights (methodology_version_id, domain_id, impact_criterion_id, building_type, climate_zone, weight)
  values (v_mid, (select id from public.sri_technical_domains where methodology_version_id=v_mid and code='electric_vehicle_charging'), (select id from public.sri_impact_criteria where methodology_version_id=v_mid and code='convenience'), 'residential', 'west_europe', 0.1) on conflict (methodology_version_id, domain_id, impact_criterion_id, building_type, climate_zone) do nothing;
  insert into public.sri_domain_impact_weights (methodology_version_id, domain_id, impact_criterion_id, building_type, climate_zone, weight)
  values (v_mid, (select id from public.sri_technical_domains where methodology_version_id=v_mid and code='electric_vehicle_charging'), (select id from public.sri_impact_criteria where methodology_version_id=v_mid and code='health_wellbeing_accessibility'), 'residential', 'west_europe', 0.0) on conflict (methodology_version_id, domain_id, impact_criterion_id, building_type, climate_zone) do nothing;
  insert into public.sri_domain_impact_weights (methodology_version_id, domain_id, impact_criterion_id, building_type, climate_zone, weight)
  values (v_mid, (select id from public.sri_technical_domains where methodology_version_id=v_mid and code='electric_vehicle_charging'), (select id from public.sri_impact_criteria where methodology_version_id=v_mid and code='maintenance_and_fault_prediction'), 'residential', 'west_europe', 0.0) on conflict (methodology_version_id, domain_id, impact_criterion_id, building_type, climate_zone) do nothing;
  insert into public.sri_domain_impact_weights (methodology_version_id, domain_id, impact_criterion_id, building_type, climate_zone, weight)
  values (v_mid, (select id from public.sri_technical_domains where methodology_version_id=v_mid and code='electric_vehicle_charging'), (select id from public.sri_impact_criteria where methodology_version_id=v_mid and code='information_to_occupants'), 'residential', 'west_europe', 0.1142857143) on conflict (methodology_version_id, domain_id, impact_criterion_id, building_type, climate_zone) do nothing;
  insert into public.sri_domain_impact_weights (methodology_version_id, domain_id, impact_criterion_id, building_type, climate_zone, weight)
  values (v_mid, (select id from public.sri_technical_domains where methodology_version_id=v_mid and code='monitoring_and_control'), (select id from public.sri_impact_criteria where methodology_version_id=v_mid and code='energy_efficiency'), 'residential', 'west_europe', 0.2) on conflict (methodology_version_id, domain_id, impact_criterion_id, building_type, climate_zone) do nothing;
  insert into public.sri_domain_impact_weights (methodology_version_id, domain_id, impact_criterion_id, building_type, climate_zone, weight)
  values (v_mid, (select id from public.sri_technical_domains where methodology_version_id=v_mid and code='monitoring_and_control'), (select id from public.sri_impact_criteria where methodology_version_id=v_mid and code='energy_flexibility_and_storage'), 'residential', 'west_europe', 0.2) on conflict (methodology_version_id, domain_id, impact_criterion_id, building_type, climate_zone) do nothing;
  insert into public.sri_domain_impact_weights (methodology_version_id, domain_id, impact_criterion_id, building_type, climate_zone, weight)
  values (v_mid, (select id from public.sri_technical_domains where methodology_version_id=v_mid and code='monitoring_and_control'), (select id from public.sri_impact_criteria where methodology_version_id=v_mid and code='comfort'), 'residential', 'west_europe', 0.2) on conflict (methodology_version_id, domain_id, impact_criterion_id, building_type, climate_zone) do nothing;
  insert into public.sri_domain_impact_weights (methodology_version_id, domain_id, impact_criterion_id, building_type, climate_zone, weight)
  values (v_mid, (select id from public.sri_technical_domains where methodology_version_id=v_mid and code='monitoring_and_control'), (select id from public.sri_impact_criteria where methodology_version_id=v_mid and code='convenience'), 'residential', 'west_europe', 0.2) on conflict (methodology_version_id, domain_id, impact_criterion_id, building_type, climate_zone) do nothing;
  insert into public.sri_domain_impact_weights (methodology_version_id, domain_id, impact_criterion_id, building_type, climate_zone, weight)
  values (v_mid, (select id from public.sri_technical_domains where methodology_version_id=v_mid and code='monitoring_and_control'), (select id from public.sri_impact_criteria where methodology_version_id=v_mid and code='health_wellbeing_accessibility'), 'residential', 'west_europe', 0.2) on conflict (methodology_version_id, domain_id, impact_criterion_id, building_type, climate_zone) do nothing;
  insert into public.sri_domain_impact_weights (methodology_version_id, domain_id, impact_criterion_id, building_type, climate_zone, weight)
  values (v_mid, (select id from public.sri_technical_domains where methodology_version_id=v_mid and code='monitoring_and_control'), (select id from public.sri_impact_criteria where methodology_version_id=v_mid and code='maintenance_and_fault_prediction'), 'residential', 'west_europe', 0.2) on conflict (methodology_version_id, domain_id, impact_criterion_id, building_type, climate_zone) do nothing;
  insert into public.sri_domain_impact_weights (methodology_version_id, domain_id, impact_criterion_id, building_type, climate_zone, weight)
  values (v_mid, (select id from public.sri_technical_domains where methodology_version_id=v_mid and code='monitoring_and_control'), (select id from public.sri_impact_criteria where methodology_version_id=v_mid and code='information_to_occupants'), 'residential', 'west_europe', 0.2) on conflict (methodology_version_id, domain_id, impact_criterion_id, building_type, climate_zone) do nothing;
  insert into public.sri_domain_impact_weights (methodology_version_id, domain_id, impact_criterion_id, building_type, climate_zone, weight)
  values (v_mid, (select id from public.sri_technical_domains where methodology_version_id=v_mid and code='heating'), (select id from public.sri_impact_criteria where methodology_version_id=v_mid and code='energy_efficiency'), 'residential', 'south_europe', 0.3166640413) on conflict (methodology_version_id, domain_id, impact_criterion_id, building_type, climate_zone) do nothing;
  insert into public.sri_domain_impact_weights (methodology_version_id, domain_id, impact_criterion_id, building_type, climate_zone, weight)
  values (v_mid, (select id from public.sri_technical_domains where methodology_version_id=v_mid and code='heating'), (select id from public.sri_impact_criteria where methodology_version_id=v_mid and code='energy_flexibility_and_storage'), 'residential', 'south_europe', 0.3762432561) on conflict (methodology_version_id, domain_id, impact_criterion_id, building_type, climate_zone) do nothing;
  insert into public.sri_domain_impact_weights (methodology_version_id, domain_id, impact_criterion_id, building_type, climate_zone, weight)
  values (v_mid, (select id from public.sri_technical_domains where methodology_version_id=v_mid and code='heating'), (select id from public.sri_impact_criteria where methodology_version_id=v_mid and code='comfort'), 'residential', 'south_europe', 0.16) on conflict (methodology_version_id, domain_id, impact_criterion_id, building_type, climate_zone) do nothing;
  insert into public.sri_domain_impact_weights (methodology_version_id, domain_id, impact_criterion_id, building_type, climate_zone, weight)
  values (v_mid, (select id from public.sri_technical_domains where methodology_version_id=v_mid and code='heating'), (select id from public.sri_impact_criteria where methodology_version_id=v_mid and code='convenience'), 'residential', 'south_europe', 0.1) on conflict (methodology_version_id, domain_id, impact_criterion_id, building_type, climate_zone) do nothing;
  insert into public.sri_domain_impact_weights (methodology_version_id, domain_id, impact_criterion_id, building_type, climate_zone, weight)
  values (v_mid, (select id from public.sri_technical_domains where methodology_version_id=v_mid and code='heating'), (select id from public.sri_impact_criteria where methodology_version_id=v_mid and code='health_wellbeing_accessibility'), 'residential', 'south_europe', 0.16) on conflict (methodology_version_id, domain_id, impact_criterion_id, building_type, climate_zone) do nothing;
  insert into public.sri_domain_impact_weights (methodology_version_id, domain_id, impact_criterion_id, building_type, climate_zone, weight)
  values (v_mid, (select id from public.sri_technical_domains where methodology_version_id=v_mid and code='heating'), (select id from public.sri_impact_criteria where methodology_version_id=v_mid and code='maintenance_and_fault_prediction'), 'residential', 'south_europe', 0.3284046521) on conflict (methodology_version_id, domain_id, impact_criterion_id, building_type, climate_zone) do nothing;
  insert into public.sri_domain_impact_weights (methodology_version_id, domain_id, impact_criterion_id, building_type, climate_zone, weight)
  values (v_mid, (select id from public.sri_technical_domains where methodology_version_id=v_mid and code='heating'), (select id from public.sri_impact_criteria where methodology_version_id=v_mid and code='information_to_occupants'), 'residential', 'south_europe', 0.1142857143) on conflict (methodology_version_id, domain_id, impact_criterion_id, building_type, climate_zone) do nothing;
  insert into public.sri_domain_impact_weights (methodology_version_id, domain_id, impact_criterion_id, building_type, climate_zone, weight)
  values (v_mid, (select id from public.sri_technical_domains where methodology_version_id=v_mid and code='domestic_hot_water'), (select id from public.sri_impact_criteria where methodology_version_id=v_mid and code='energy_efficiency'), 'residential', 'south_europe', 0.0997943494) on conflict (methodology_version_id, domain_id, impact_criterion_id, building_type, climate_zone) do nothing;
  insert into public.sri_domain_impact_weights (methodology_version_id, domain_id, impact_criterion_id, building_type, climate_zone, weight)
  values (v_mid, (select id from public.sri_technical_domains where methodology_version_id=v_mid and code='domestic_hot_water'), (select id from public.sri_impact_criteria where methodology_version_id=v_mid and code='energy_flexibility_and_storage'), 'residential', 'south_europe', 0.1185703018) on conflict (methodology_version_id, domain_id, impact_criterion_id, building_type, climate_zone) do nothing;
  insert into public.sri_domain_impact_weights (methodology_version_id, domain_id, impact_criterion_id, building_type, climate_zone, weight)
  values (v_mid, (select id from public.sri_technical_domains where methodology_version_id=v_mid and code='domestic_hot_water'), (select id from public.sri_impact_criteria where methodology_version_id=v_mid and code='comfort'), 'residential', 'south_europe', 0.0) on conflict (methodology_version_id, domain_id, impact_criterion_id, building_type, climate_zone) do nothing;
  insert into public.sri_domain_impact_weights (methodology_version_id, domain_id, impact_criterion_id, building_type, climate_zone, weight)
  values (v_mid, (select id from public.sri_technical_domains where methodology_version_id=v_mid and code='domestic_hot_water'), (select id from public.sri_impact_criteria where methodology_version_id=v_mid and code='convenience'), 'residential', 'south_europe', 0.1) on conflict (methodology_version_id, domain_id, impact_criterion_id, building_type, climate_zone) do nothing;
  insert into public.sri_domain_impact_weights (methodology_version_id, domain_id, impact_criterion_id, building_type, climate_zone, weight)
  values (v_mid, (select id from public.sri_technical_domains where methodology_version_id=v_mid and code='domestic_hot_water'), (select id from public.sri_impact_criteria where methodology_version_id=v_mid and code='health_wellbeing_accessibility'), 'residential', 'south_europe', 0.0) on conflict (methodology_version_id, domain_id, impact_criterion_id, building_type, climate_zone) do nothing;
  insert into public.sri_domain_impact_weights (methodology_version_id, domain_id, impact_criterion_id, building_type, climate_zone, weight)
  values (v_mid, (select id from public.sri_technical_domains where methodology_version_id=v_mid and code='domestic_hot_water'), (select id from public.sri_impact_criteria where methodology_version_id=v_mid and code='maintenance_and_fault_prediction'), 'residential', 'south_europe', 0.1034943167) on conflict (methodology_version_id, domain_id, impact_criterion_id, building_type, climate_zone) do nothing;
  insert into public.sri_domain_impact_weights (methodology_version_id, domain_id, impact_criterion_id, building_type, climate_zone, weight)
  values (v_mid, (select id from public.sri_technical_domains where methodology_version_id=v_mid and code='domestic_hot_water'), (select id from public.sri_impact_criteria where methodology_version_id=v_mid and code='information_to_occupants'), 'residential', 'south_europe', 0.1142857143) on conflict (methodology_version_id, domain_id, impact_criterion_id, building_type, climate_zone) do nothing;
  insert into public.sri_domain_impact_weights (methodology_version_id, domain_id, impact_criterion_id, building_type, climate_zone, weight)
  values (v_mid, (select id from public.sri_technical_domains where methodology_version_id=v_mid and code='cooling'), (select id from public.sri_impact_criteria where methodology_version_id=v_mid and code='energy_efficiency'), 'residential', 'south_europe', 0.0688087545) on conflict (methodology_version_id, domain_id, impact_criterion_id, building_type, climate_zone) do nothing;
  insert into public.sri_domain_impact_weights (methodology_version_id, domain_id, impact_criterion_id, building_type, climate_zone, weight)
  values (v_mid, (select id from public.sri_technical_domains where methodology_version_id=v_mid and code='cooling'), (select id from public.sri_impact_criteria where methodology_version_id=v_mid and code='energy_flexibility_and_storage'), 'residential', 'south_europe', 0.0817548773) on conflict (methodology_version_id, domain_id, impact_criterion_id, building_type, climate_zone) do nothing;
  insert into public.sri_domain_impact_weights (methodology_version_id, domain_id, impact_criterion_id, building_type, climate_zone, weight)
  values (v_mid, (select id from public.sri_technical_domains where methodology_version_id=v_mid and code='cooling'), (select id from public.sri_impact_criteria where methodology_version_id=v_mid and code='comfort'), 'residential', 'south_europe', 0.16) on conflict (methodology_version_id, domain_id, impact_criterion_id, building_type, climate_zone) do nothing;
  insert into public.sri_domain_impact_weights (methodology_version_id, domain_id, impact_criterion_id, building_type, climate_zone, weight)
  values (v_mid, (select id from public.sri_technical_domains where methodology_version_id=v_mid and code='cooling'), (select id from public.sri_impact_criteria where methodology_version_id=v_mid and code='convenience'), 'residential', 'south_europe', 0.1) on conflict (methodology_version_id, domain_id, impact_criterion_id, building_type, climate_zone) do nothing;
  insert into public.sri_domain_impact_weights (methodology_version_id, domain_id, impact_criterion_id, building_type, climate_zone, weight)
  values (v_mid, (select id from public.sri_technical_domains where methodology_version_id=v_mid and code='cooling'), (select id from public.sri_impact_criteria where methodology_version_id=v_mid and code='health_wellbeing_accessibility'), 'residential', 'south_europe', 0.16) on conflict (methodology_version_id, domain_id, impact_criterion_id, building_type, climate_zone) do nothing;
  insert into public.sri_domain_impact_weights (methodology_version_id, domain_id, impact_criterion_id, building_type, climate_zone, weight)
  values (v_mid, (select id from public.sri_technical_domains where methodology_version_id=v_mid and code='cooling'), (select id from public.sri_impact_criteria where methodology_version_id=v_mid and code='maintenance_and_fault_prediction'), 'residential', 'south_europe', 0.0713599024) on conflict (methodology_version_id, domain_id, impact_criterion_id, building_type, climate_zone) do nothing;
  insert into public.sri_domain_impact_weights (methodology_version_id, domain_id, impact_criterion_id, building_type, climate_zone, weight)
  values (v_mid, (select id from public.sri_technical_domains where methodology_version_id=v_mid and code='cooling'), (select id from public.sri_impact_criteria where methodology_version_id=v_mid and code='information_to_occupants'), 'residential', 'south_europe', 0.1142857143) on conflict (methodology_version_id, domain_id, impact_criterion_id, building_type, climate_zone) do nothing;
  insert into public.sri_domain_impact_weights (methodology_version_id, domain_id, impact_criterion_id, building_type, climate_zone, weight)
  values (v_mid, (select id from public.sri_technical_domains where methodology_version_id=v_mid and code='ventilation'), (select id from public.sri_impact_criteria where methodology_version_id=v_mid and code='energy_efficiency'), 'residential', 'south_europe', 0.0919518533) on conflict (methodology_version_id, domain_id, impact_criterion_id, building_type, climate_zone) do nothing;
  insert into public.sri_domain_impact_weights (methodology_version_id, domain_id, impact_criterion_id, building_type, climate_zone, weight)
  values (v_mid, (select id from public.sri_technical_domains where methodology_version_id=v_mid and code='ventilation'), (select id from public.sri_impact_criteria where methodology_version_id=v_mid and code='energy_flexibility_and_storage'), 'residential', 'south_europe', 0.0) on conflict (methodology_version_id, domain_id, impact_criterion_id, building_type, climate_zone) do nothing;
  insert into public.sri_domain_impact_weights (methodology_version_id, domain_id, impact_criterion_id, building_type, climate_zone, weight)
  values (v_mid, (select id from public.sri_technical_domains where methodology_version_id=v_mid and code='ventilation'), (select id from public.sri_impact_criteria where methodology_version_id=v_mid and code='comfort'), 'residential', 'south_europe', 0.16) on conflict (methodology_version_id, domain_id, impact_criterion_id, building_type, climate_zone) do nothing;
  insert into public.sri_domain_impact_weights (methodology_version_id, domain_id, impact_criterion_id, building_type, climate_zone, weight)
  values (v_mid, (select id from public.sri_technical_domains where methodology_version_id=v_mid and code='ventilation'), (select id from public.sri_impact_criteria where methodology_version_id=v_mid and code='convenience'), 'residential', 'south_europe', 0.1) on conflict (methodology_version_id, domain_id, impact_criterion_id, building_type, climate_zone) do nothing;
  insert into public.sri_domain_impact_weights (methodology_version_id, domain_id, impact_criterion_id, building_type, climate_zone, weight)
  values (v_mid, (select id from public.sri_technical_domains where methodology_version_id=v_mid and code='ventilation'), (select id from public.sri_impact_criteria where methodology_version_id=v_mid and code='health_wellbeing_accessibility'), 'residential', 'south_europe', 0.16) on conflict (methodology_version_id, domain_id, impact_criterion_id, building_type, climate_zone) do nothing;
  insert into public.sri_domain_impact_weights (methodology_version_id, domain_id, impact_criterion_id, building_type, climate_zone, weight)
  values (v_mid, (select id from public.sri_technical_domains where methodology_version_id=v_mid and code='ventilation'), (select id from public.sri_impact_criteria where methodology_version_id=v_mid and code='maintenance_and_fault_prediction'), 'residential', 'south_europe', 0.0953610529) on conflict (methodology_version_id, domain_id, impact_criterion_id, building_type, climate_zone) do nothing;
  insert into public.sri_domain_impact_weights (methodology_version_id, domain_id, impact_criterion_id, building_type, climate_zone, weight)
  values (v_mid, (select id from public.sri_technical_domains where methodology_version_id=v_mid and code='ventilation'), (select id from public.sri_impact_criteria where methodology_version_id=v_mid and code='information_to_occupants'), 'residential', 'south_europe', 0.1142857143) on conflict (methodology_version_id, domain_id, impact_criterion_id, building_type, climate_zone) do nothing;
  insert into public.sri_domain_impact_weights (methodology_version_id, domain_id, impact_criterion_id, building_type, climate_zone, weight)
  values (v_mid, (select id from public.sri_technical_domains where methodology_version_id=v_mid and code='lighting'), (select id from public.sri_impact_criteria where methodology_version_id=v_mid and code='energy_efficiency'), 'residential', 'south_europe', 0.0268128299) on conflict (methodology_version_id, domain_id, impact_criterion_id, building_type, climate_zone) do nothing;
  insert into public.sri_domain_impact_weights (methodology_version_id, domain_id, impact_criterion_id, building_type, climate_zone, weight)
  values (v_mid, (select id from public.sri_technical_domains where methodology_version_id=v_mid and code='lighting'), (select id from public.sri_impact_criteria where methodology_version_id=v_mid and code='energy_flexibility_and_storage'), 'residential', 'south_europe', 0.0) on conflict (methodology_version_id, domain_id, impact_criterion_id, building_type, climate_zone) do nothing;
  insert into public.sri_domain_impact_weights (methodology_version_id, domain_id, impact_criterion_id, building_type, climate_zone, weight)
  values (v_mid, (select id from public.sri_technical_domains where methodology_version_id=v_mid and code='lighting'), (select id from public.sri_impact_criteria where methodology_version_id=v_mid and code='comfort'), 'residential', 'south_europe', 0.16) on conflict (methodology_version_id, domain_id, impact_criterion_id, building_type, climate_zone) do nothing;
  insert into public.sri_domain_impact_weights (methodology_version_id, domain_id, impact_criterion_id, building_type, climate_zone, weight)
  values (v_mid, (select id from public.sri_technical_domains where methodology_version_id=v_mid and code='lighting'), (select id from public.sri_impact_criteria where methodology_version_id=v_mid and code='convenience'), 'residential', 'south_europe', 0.1) on conflict (methodology_version_id, domain_id, impact_criterion_id, building_type, climate_zone) do nothing;
  insert into public.sri_domain_impact_weights (methodology_version_id, domain_id, impact_criterion_id, building_type, climate_zone, weight)
  values (v_mid, (select id from public.sri_technical_domains where methodology_version_id=v_mid and code='lighting'), (select id from public.sri_impact_criteria where methodology_version_id=v_mid and code='health_wellbeing_accessibility'), 'residential', 'south_europe', 0.16) on conflict (methodology_version_id, domain_id, impact_criterion_id, building_type, climate_zone) do nothing;
  insert into public.sri_domain_impact_weights (methodology_version_id, domain_id, impact_criterion_id, building_type, climate_zone, weight)
  values (v_mid, (select id from public.sri_technical_domains where methodology_version_id=v_mid and code='lighting'), (select id from public.sri_impact_criteria where methodology_version_id=v_mid and code='maintenance_and_fault_prediction'), 'residential', 'south_europe', 0.0) on conflict (methodology_version_id, domain_id, impact_criterion_id, building_type, climate_zone) do nothing;
  insert into public.sri_domain_impact_weights (methodology_version_id, domain_id, impact_criterion_id, building_type, climate_zone, weight)
  values (v_mid, (select id from public.sri_technical_domains where methodology_version_id=v_mid and code='lighting'), (select id from public.sri_impact_criteria where methodology_version_id=v_mid and code='information_to_occupants'), 'residential', 'south_europe', 0.0) on conflict (methodology_version_id, domain_id, impact_criterion_id, building_type, climate_zone) do nothing;
  insert into public.sri_domain_impact_weights (methodology_version_id, domain_id, impact_criterion_id, building_type, climate_zone, weight)
  values (v_mid, (select id from public.sri_technical_domains where methodology_version_id=v_mid and code='electricity'), (select id from public.sri_impact_criteria where methodology_version_id=v_mid and code='energy_efficiency'), 'residential', 'south_europe', 0.1459681716) on conflict (methodology_version_id, domain_id, impact_criterion_id, building_type, climate_zone) do nothing;
  insert into public.sri_domain_impact_weights (methodology_version_id, domain_id, impact_criterion_id, building_type, climate_zone, weight)
  values (v_mid, (select id from public.sri_technical_domains where methodology_version_id=v_mid and code='electricity'), (select id from public.sri_impact_criteria where methodology_version_id=v_mid and code='energy_flexibility_and_storage'), 'residential', 'south_europe', 0.1734315647) on conflict (methodology_version_id, domain_id, impact_criterion_id, building_type, climate_zone) do nothing;
  insert into public.sri_domain_impact_weights (methodology_version_id, domain_id, impact_criterion_id, building_type, climate_zone, weight)
  values (v_mid, (select id from public.sri_technical_domains where methodology_version_id=v_mid and code='electricity'), (select id from public.sri_impact_criteria where methodology_version_id=v_mid and code='comfort'), 'residential', 'south_europe', 0.0) on conflict (methodology_version_id, domain_id, impact_criterion_id, building_type, climate_zone) do nothing;
  insert into public.sri_domain_impact_weights (methodology_version_id, domain_id, impact_criterion_id, building_type, climate_zone, weight)
  values (v_mid, (select id from public.sri_technical_domains where methodology_version_id=v_mid and code='electricity'), (select id from public.sri_impact_criteria where methodology_version_id=v_mid and code='convenience'), 'residential', 'south_europe', 0.1) on conflict (methodology_version_id, domain_id, impact_criterion_id, building_type, climate_zone) do nothing;
  insert into public.sri_domain_impact_weights (methodology_version_id, domain_id, impact_criterion_id, building_type, climate_zone, weight)
  values (v_mid, (select id from public.sri_technical_domains where methodology_version_id=v_mid and code='electricity'), (select id from public.sri_impact_criteria where methodology_version_id=v_mid and code='health_wellbeing_accessibility'), 'residential', 'south_europe', 0.0) on conflict (methodology_version_id, domain_id, impact_criterion_id, building_type, climate_zone) do nothing;
  insert into public.sri_domain_impact_weights (methodology_version_id, domain_id, impact_criterion_id, building_type, climate_zone, weight)
  values (v_mid, (select id from public.sri_technical_domains where methodology_version_id=v_mid and code='electricity'), (select id from public.sri_impact_criteria where methodology_version_id=v_mid and code='maintenance_and_fault_prediction'), 'residential', 'south_europe', 0.1513800759) on conflict (methodology_version_id, domain_id, impact_criterion_id, building_type, climate_zone) do nothing;
  insert into public.sri_domain_impact_weights (methodology_version_id, domain_id, impact_criterion_id, building_type, climate_zone, weight)
  values (v_mid, (select id from public.sri_technical_domains where methodology_version_id=v_mid and code='electricity'), (select id from public.sri_impact_criteria where methodology_version_id=v_mid and code='information_to_occupants'), 'residential', 'south_europe', 0.1142857143) on conflict (methodology_version_id, domain_id, impact_criterion_id, building_type, climate_zone) do nothing;
  insert into public.sri_domain_impact_weights (methodology_version_id, domain_id, impact_criterion_id, building_type, climate_zone, weight)
  values (v_mid, (select id from public.sri_technical_domains where methodology_version_id=v_mid and code='dynamic_building_envelope'), (select id from public.sri_impact_criteria where methodology_version_id=v_mid and code='energy_efficiency'), 'residential', 'south_europe', 0.05) on conflict (methodology_version_id, domain_id, impact_criterion_id, building_type, climate_zone) do nothing;
  insert into public.sri_domain_impact_weights (methodology_version_id, domain_id, impact_criterion_id, building_type, climate_zone, weight)
  values (v_mid, (select id from public.sri_technical_domains where methodology_version_id=v_mid and code='dynamic_building_envelope'), (select id from public.sri_impact_criteria where methodology_version_id=v_mid and code='energy_flexibility_and_storage'), 'residential', 'south_europe', 0.0) on conflict (methodology_version_id, domain_id, impact_criterion_id, building_type, climate_zone) do nothing;
  insert into public.sri_domain_impact_weights (methodology_version_id, domain_id, impact_criterion_id, building_type, climate_zone, weight)
  values (v_mid, (select id from public.sri_technical_domains where methodology_version_id=v_mid and code='dynamic_building_envelope'), (select id from public.sri_impact_criteria where methodology_version_id=v_mid and code='comfort'), 'residential', 'south_europe', 0.16) on conflict (methodology_version_id, domain_id, impact_criterion_id, building_type, climate_zone) do nothing;
  insert into public.sri_domain_impact_weights (methodology_version_id, domain_id, impact_criterion_id, building_type, climate_zone, weight)
  values (v_mid, (select id from public.sri_technical_domains where methodology_version_id=v_mid and code='dynamic_building_envelope'), (select id from public.sri_impact_criteria where methodology_version_id=v_mid and code='convenience'), 'residential', 'south_europe', 0.1) on conflict (methodology_version_id, domain_id, impact_criterion_id, building_type, climate_zone) do nothing;
  insert into public.sri_domain_impact_weights (methodology_version_id, domain_id, impact_criterion_id, building_type, climate_zone, weight)
  values (v_mid, (select id from public.sri_technical_domains where methodology_version_id=v_mid and code='dynamic_building_envelope'), (select id from public.sri_impact_criteria where methodology_version_id=v_mid and code='health_wellbeing_accessibility'), 'residential', 'south_europe', 0.16) on conflict (methodology_version_id, domain_id, impact_criterion_id, building_type, climate_zone) do nothing;
  insert into public.sri_domain_impact_weights (methodology_version_id, domain_id, impact_criterion_id, building_type, climate_zone, weight)
  values (v_mid, (select id from public.sri_technical_domains where methodology_version_id=v_mid and code='dynamic_building_envelope'), (select id from public.sri_impact_criteria where methodology_version_id=v_mid and code='maintenance_and_fault_prediction'), 'residential', 'south_europe', 0.05) on conflict (methodology_version_id, domain_id, impact_criterion_id, building_type, climate_zone) do nothing;
  insert into public.sri_domain_impact_weights (methodology_version_id, domain_id, impact_criterion_id, building_type, climate_zone, weight)
  values (v_mid, (select id from public.sri_technical_domains where methodology_version_id=v_mid and code='dynamic_building_envelope'), (select id from public.sri_impact_criteria where methodology_version_id=v_mid and code='information_to_occupants'), 'residential', 'south_europe', 0.1142857143) on conflict (methodology_version_id, domain_id, impact_criterion_id, building_type, climate_zone) do nothing;
  insert into public.sri_domain_impact_weights (methodology_version_id, domain_id, impact_criterion_id, building_type, climate_zone, weight)
  values (v_mid, (select id from public.sri_technical_domains where methodology_version_id=v_mid and code='electric_vehicle_charging'), (select id from public.sri_impact_criteria where methodology_version_id=v_mid and code='energy_efficiency'), 'residential', 'south_europe', 0.0) on conflict (methodology_version_id, domain_id, impact_criterion_id, building_type, climate_zone) do nothing;
  insert into public.sri_domain_impact_weights (methodology_version_id, domain_id, impact_criterion_id, building_type, climate_zone, weight)
  values (v_mid, (select id from public.sri_technical_domains where methodology_version_id=v_mid and code='electric_vehicle_charging'), (select id from public.sri_impact_criteria where methodology_version_id=v_mid and code='energy_flexibility_and_storage'), 'residential', 'south_europe', 0.05) on conflict (methodology_version_id, domain_id, impact_criterion_id, building_type, climate_zone) do nothing;
  insert into public.sri_domain_impact_weights (methodology_version_id, domain_id, impact_criterion_id, building_type, climate_zone, weight)
  values (v_mid, (select id from public.sri_technical_domains where methodology_version_id=v_mid and code='electric_vehicle_charging'), (select id from public.sri_impact_criteria where methodology_version_id=v_mid and code='comfort'), 'residential', 'south_europe', 0.0) on conflict (methodology_version_id, domain_id, impact_criterion_id, building_type, climate_zone) do nothing;
  insert into public.sri_domain_impact_weights (methodology_version_id, domain_id, impact_criterion_id, building_type, climate_zone, weight)
  values (v_mid, (select id from public.sri_technical_domains where methodology_version_id=v_mid and code='electric_vehicle_charging'), (select id from public.sri_impact_criteria where methodology_version_id=v_mid and code='convenience'), 'residential', 'south_europe', 0.1) on conflict (methodology_version_id, domain_id, impact_criterion_id, building_type, climate_zone) do nothing;
  insert into public.sri_domain_impact_weights (methodology_version_id, domain_id, impact_criterion_id, building_type, climate_zone, weight)
  values (v_mid, (select id from public.sri_technical_domains where methodology_version_id=v_mid and code='electric_vehicle_charging'), (select id from public.sri_impact_criteria where methodology_version_id=v_mid and code='health_wellbeing_accessibility'), 'residential', 'south_europe', 0.0) on conflict (methodology_version_id, domain_id, impact_criterion_id, building_type, climate_zone) do nothing;
  insert into public.sri_domain_impact_weights (methodology_version_id, domain_id, impact_criterion_id, building_type, climate_zone, weight)
  values (v_mid, (select id from public.sri_technical_domains where methodology_version_id=v_mid and code='electric_vehicle_charging'), (select id from public.sri_impact_criteria where methodology_version_id=v_mid and code='maintenance_and_fault_prediction'), 'residential', 'south_europe', 0.0) on conflict (methodology_version_id, domain_id, impact_criterion_id, building_type, climate_zone) do nothing;
  insert into public.sri_domain_impact_weights (methodology_version_id, domain_id, impact_criterion_id, building_type, climate_zone, weight)
  values (v_mid, (select id from public.sri_technical_domains where methodology_version_id=v_mid and code='electric_vehicle_charging'), (select id from public.sri_impact_criteria where methodology_version_id=v_mid and code='information_to_occupants'), 'residential', 'south_europe', 0.1142857143) on conflict (methodology_version_id, domain_id, impact_criterion_id, building_type, climate_zone) do nothing;
  insert into public.sri_domain_impact_weights (methodology_version_id, domain_id, impact_criterion_id, building_type, climate_zone, weight)
  values (v_mid, (select id from public.sri_technical_domains where methodology_version_id=v_mid and code='monitoring_and_control'), (select id from public.sri_impact_criteria where methodology_version_id=v_mid and code='energy_efficiency'), 'residential', 'south_europe', 0.2) on conflict (methodology_version_id, domain_id, impact_criterion_id, building_type, climate_zone) do nothing;
  insert into public.sri_domain_impact_weights (methodology_version_id, domain_id, impact_criterion_id, building_type, climate_zone, weight)
  values (v_mid, (select id from public.sri_technical_domains where methodology_version_id=v_mid and code='monitoring_and_control'), (select id from public.sri_impact_criteria where methodology_version_id=v_mid and code='energy_flexibility_and_storage'), 'residential', 'south_europe', 0.2) on conflict (methodology_version_id, domain_id, impact_criterion_id, building_type, climate_zone) do nothing;
  insert into public.sri_domain_impact_weights (methodology_version_id, domain_id, impact_criterion_id, building_type, climate_zone, weight)
  values (v_mid, (select id from public.sri_technical_domains where methodology_version_id=v_mid and code='monitoring_and_control'), (select id from public.sri_impact_criteria where methodology_version_id=v_mid and code='comfort'), 'residential', 'south_europe', 0.2) on conflict (methodology_version_id, domain_id, impact_criterion_id, building_type, climate_zone) do nothing;
  insert into public.sri_domain_impact_weights (methodology_version_id, domain_id, impact_criterion_id, building_type, climate_zone, weight)
  values (v_mid, (select id from public.sri_technical_domains where methodology_version_id=v_mid and code='monitoring_and_control'), (select id from public.sri_impact_criteria where methodology_version_id=v_mid and code='convenience'), 'residential', 'south_europe', 0.2) on conflict (methodology_version_id, domain_id, impact_criterion_id, building_type, climate_zone) do nothing;
  insert into public.sri_domain_impact_weights (methodology_version_id, domain_id, impact_criterion_id, building_type, climate_zone, weight)
  values (v_mid, (select id from public.sri_technical_domains where methodology_version_id=v_mid and code='monitoring_and_control'), (select id from public.sri_impact_criteria where methodology_version_id=v_mid and code='health_wellbeing_accessibility'), 'residential', 'south_europe', 0.2) on conflict (methodology_version_id, domain_id, impact_criterion_id, building_type, climate_zone) do nothing;
  insert into public.sri_domain_impact_weights (methodology_version_id, domain_id, impact_criterion_id, building_type, climate_zone, weight)
  values (v_mid, (select id from public.sri_technical_domains where methodology_version_id=v_mid and code='monitoring_and_control'), (select id from public.sri_impact_criteria where methodology_version_id=v_mid and code='maintenance_and_fault_prediction'), 'residential', 'south_europe', 0.2) on conflict (methodology_version_id, domain_id, impact_criterion_id, building_type, climate_zone) do nothing;
  insert into public.sri_domain_impact_weights (methodology_version_id, domain_id, impact_criterion_id, building_type, climate_zone, weight)
  values (v_mid, (select id from public.sri_technical_domains where methodology_version_id=v_mid and code='monitoring_and_control'), (select id from public.sri_impact_criteria where methodology_version_id=v_mid and code='information_to_occupants'), 'residential', 'south_europe', 0.2) on conflict (methodology_version_id, domain_id, impact_criterion_id, building_type, climate_zone) do nothing;
  insert into public.sri_domain_impact_weights (methodology_version_id, domain_id, impact_criterion_id, building_type, climate_zone, weight)
  values (v_mid, (select id from public.sri_technical_domains where methodology_version_id=v_mid and code='heating'), (select id from public.sri_impact_criteria where methodology_version_id=v_mid and code='energy_efficiency'), 'residential', 'north_east_europe', 0.3038297583) on conflict (methodology_version_id, domain_id, impact_criterion_id, building_type, climate_zone) do nothing;
  insert into public.sri_domain_impact_weights (methodology_version_id, domain_id, impact_criterion_id, building_type, climate_zone, weight)
  values (v_mid, (select id from public.sri_technical_domains where methodology_version_id=v_mid and code='heating'), (select id from public.sri_impact_criteria where methodology_version_id=v_mid and code='energy_flexibility_and_storage'), 'residential', 'north_east_europe', 0.4117192774) on conflict (methodology_version_id, domain_id, impact_criterion_id, building_type, climate_zone) do nothing;
  insert into public.sri_domain_impact_weights (methodology_version_id, domain_id, impact_criterion_id, building_type, climate_zone, weight)
  values (v_mid, (select id from public.sri_technical_domains where methodology_version_id=v_mid and code='heating'), (select id from public.sri_impact_criteria where methodology_version_id=v_mid and code='comfort'), 'residential', 'north_east_europe', 0.16) on conflict (methodology_version_id, domain_id, impact_criterion_id, building_type, climate_zone) do nothing;
  insert into public.sri_domain_impact_weights (methodology_version_id, domain_id, impact_criterion_id, building_type, climate_zone, weight)
  values (v_mid, (select id from public.sri_technical_domains where methodology_version_id=v_mid and code='heating'), (select id from public.sri_impact_criteria where methodology_version_id=v_mid and code='convenience'), 'residential', 'north_east_europe', 0.1) on conflict (methodology_version_id, domain_id, impact_criterion_id, building_type, climate_zone) do nothing;
  insert into public.sri_domain_impact_weights (methodology_version_id, domain_id, impact_criterion_id, building_type, climate_zone, weight)
  values (v_mid, (select id from public.sri_technical_domains where methodology_version_id=v_mid and code='heating'), (select id from public.sri_impact_criteria where methodology_version_id=v_mid and code='health_wellbeing_accessibility'), 'residential', 'north_east_europe', 0.16) on conflict (methodology_version_id, domain_id, impact_criterion_id, building_type, climate_zone) do nothing;
  insert into public.sri_domain_impact_weights (methodology_version_id, domain_id, impact_criterion_id, building_type, climate_zone, weight)
  values (v_mid, (select id from public.sri_technical_domains where methodology_version_id=v_mid and code='heating'), (select id from public.sri_impact_criteria where methodology_version_id=v_mid and code='maintenance_and_fault_prediction'), 'residential', 'north_east_europe', 0.3063631393) on conflict (methodology_version_id, domain_id, impact_criterion_id, building_type, climate_zone) do nothing;
  insert into public.sri_domain_impact_weights (methodology_version_id, domain_id, impact_criterion_id, building_type, climate_zone, weight)
  values (v_mid, (select id from public.sri_technical_domains where methodology_version_id=v_mid and code='heating'), (select id from public.sri_impact_criteria where methodology_version_id=v_mid and code='information_to_occupants'), 'residential', 'north_east_europe', 0.1142857143) on conflict (methodology_version_id, domain_id, impact_criterion_id, building_type, climate_zone) do nothing;
  insert into public.sri_domain_impact_weights (methodology_version_id, domain_id, impact_criterion_id, building_type, climate_zone, weight)
  values (v_mid, (select id from public.sri_technical_domains where methodology_version_id=v_mid and code='domestic_hot_water'), (select id from public.sri_impact_criteria where methodology_version_id=v_mid and code='energy_efficiency'), 'residential', 'north_east_europe', 0.1392768023) on conflict (methodology_version_id, domain_id, impact_criterion_id, building_type, climate_zone) do nothing;
  insert into public.sri_domain_impact_weights (methodology_version_id, domain_id, impact_criterion_id, building_type, climate_zone, weight)
  values (v_mid, (select id from public.sri_technical_domains where methodology_version_id=v_mid and code='domestic_hot_water'), (select id from public.sri_impact_criteria where methodology_version_id=v_mid and code='energy_flexibility_and_storage'), 'residential', 'north_east_europe', 0.1887337986) on conflict (methodology_version_id, domain_id, impact_criterion_id, building_type, climate_zone) do nothing;
  insert into public.sri_domain_impact_weights (methodology_version_id, domain_id, impact_criterion_id, building_type, climate_zone, weight)
  values (v_mid, (select id from public.sri_technical_domains where methodology_version_id=v_mid and code='domestic_hot_water'), (select id from public.sri_impact_criteria where methodology_version_id=v_mid and code='comfort'), 'residential', 'north_east_europe', 0.0) on conflict (methodology_version_id, domain_id, impact_criterion_id, building_type, climate_zone) do nothing;
  insert into public.sri_domain_impact_weights (methodology_version_id, domain_id, impact_criterion_id, building_type, climate_zone, weight)
  values (v_mid, (select id from public.sri_technical_domains where methodology_version_id=v_mid and code='domestic_hot_water'), (select id from public.sri_impact_criteria where methodology_version_id=v_mid and code='convenience'), 'residential', 'north_east_europe', 0.1) on conflict (methodology_version_id, domain_id, impact_criterion_id, building_type, climate_zone) do nothing;
  insert into public.sri_domain_impact_weights (methodology_version_id, domain_id, impact_criterion_id, building_type, climate_zone, weight)
  values (v_mid, (select id from public.sri_technical_domains where methodology_version_id=v_mid and code='domestic_hot_water'), (select id from public.sri_impact_criteria where methodology_version_id=v_mid and code='health_wellbeing_accessibility'), 'residential', 'north_east_europe', 0.0) on conflict (methodology_version_id, domain_id, impact_criterion_id, building_type, climate_zone) do nothing;
  insert into public.sri_domain_impact_weights (methodology_version_id, domain_id, impact_criterion_id, building_type, climate_zone, weight)
  values (v_mid, (select id from public.sri_technical_domains where methodology_version_id=v_mid and code='domestic_hot_water'), (select id from public.sri_impact_criteria where methodology_version_id=v_mid and code='maintenance_and_fault_prediction'), 'residential', 'north_east_europe', 0.1404381145) on conflict (methodology_version_id, domain_id, impact_criterion_id, building_type, climate_zone) do nothing;
  insert into public.sri_domain_impact_weights (methodology_version_id, domain_id, impact_criterion_id, building_type, climate_zone, weight)
  values (v_mid, (select id from public.sri_technical_domains where methodology_version_id=v_mid and code='domestic_hot_water'), (select id from public.sri_impact_criteria where methodology_version_id=v_mid and code='information_to_occupants'), 'residential', 'north_east_europe', 0.1142857143) on conflict (methodology_version_id, domain_id, impact_criterion_id, building_type, climate_zone) do nothing;
  insert into public.sri_domain_impact_weights (methodology_version_id, domain_id, impact_criterion_id, building_type, climate_zone, weight)
  values (v_mid, (select id from public.sri_technical_domains where methodology_version_id=v_mid and code='cooling'), (select id from public.sri_impact_criteria where methodology_version_id=v_mid and code='energy_efficiency'), 'residential', 'north_east_europe', 0.0) on conflict (methodology_version_id, domain_id, impact_criterion_id, building_type, climate_zone) do nothing;
  insert into public.sri_domain_impact_weights (methodology_version_id, domain_id, impact_criterion_id, building_type, climate_zone, weight)
  values (v_mid, (select id from public.sri_technical_domains where methodology_version_id=v_mid and code='cooling'), (select id from public.sri_impact_criteria where methodology_version_id=v_mid and code='energy_flexibility_and_storage'), 'residential', 'north_east_europe', 0.0) on conflict (methodology_version_id, domain_id, impact_criterion_id, building_type, climate_zone) do nothing;
  insert into public.sri_domain_impact_weights (methodology_version_id, domain_id, impact_criterion_id, building_type, climate_zone, weight)
  values (v_mid, (select id from public.sri_technical_domains where methodology_version_id=v_mid and code='cooling'), (select id from public.sri_impact_criteria where methodology_version_id=v_mid and code='comfort'), 'residential', 'north_east_europe', 0.16) on conflict (methodology_version_id, domain_id, impact_criterion_id, building_type, climate_zone) do nothing;
  insert into public.sri_domain_impact_weights (methodology_version_id, domain_id, impact_criterion_id, building_type, climate_zone, weight)
  values (v_mid, (select id from public.sri_technical_domains where methodology_version_id=v_mid and code='cooling'), (select id from public.sri_impact_criteria where methodology_version_id=v_mid and code='convenience'), 'residential', 'north_east_europe', 0.1) on conflict (methodology_version_id, domain_id, impact_criterion_id, building_type, climate_zone) do nothing;
  insert into public.sri_domain_impact_weights (methodology_version_id, domain_id, impact_criterion_id, building_type, climate_zone, weight)
  values (v_mid, (select id from public.sri_technical_domains where methodology_version_id=v_mid and code='cooling'), (select id from public.sri_impact_criteria where methodology_version_id=v_mid and code='health_wellbeing_accessibility'), 'residential', 'north_east_europe', 0.16) on conflict (methodology_version_id, domain_id, impact_criterion_id, building_type, climate_zone) do nothing;
  insert into public.sri_domain_impact_weights (methodology_version_id, domain_id, impact_criterion_id, building_type, climate_zone, weight)
  values (v_mid, (select id from public.sri_technical_domains where methodology_version_id=v_mid and code='cooling'), (select id from public.sri_impact_criteria where methodology_version_id=v_mid and code='maintenance_and_fault_prediction'), 'residential', 'north_east_europe', 0.0) on conflict (methodology_version_id, domain_id, impact_criterion_id, building_type, climate_zone) do nothing;
  insert into public.sri_domain_impact_weights (methodology_version_id, domain_id, impact_criterion_id, building_type, climate_zone, weight)
  values (v_mid, (select id from public.sri_technical_domains where methodology_version_id=v_mid and code='cooling'), (select id from public.sri_impact_criteria where methodology_version_id=v_mid and code='information_to_occupants'), 'residential', 'north_east_europe', 0.1142857143) on conflict (methodology_version_id, domain_id, impact_criterion_id, building_type, climate_zone) do nothing;
  insert into public.sri_domain_impact_weights (methodology_version_id, domain_id, impact_criterion_id, building_type, climate_zone, weight)
  values (v_mid, (select id from public.sri_technical_domains where methodology_version_id=v_mid and code='ventilation'), (select id from public.sri_impact_criteria where methodology_version_id=v_mid and code='energy_efficiency'), 'residential', 'north_east_europe', 0.1903328284) on conflict (methodology_version_id, domain_id, impact_criterion_id, building_type, climate_zone) do nothing;
  insert into public.sri_domain_impact_weights (methodology_version_id, domain_id, impact_criterion_id, building_type, climate_zone, weight)
  values (v_mid, (select id from public.sri_technical_domains where methodology_version_id=v_mid and code='ventilation'), (select id from public.sri_impact_criteria where methodology_version_id=v_mid and code='energy_flexibility_and_storage'), 'residential', 'north_east_europe', 0.0) on conflict (methodology_version_id, domain_id, impact_criterion_id, building_type, climate_zone) do nothing;
  insert into public.sri_domain_impact_weights (methodology_version_id, domain_id, impact_criterion_id, building_type, climate_zone, weight)
  values (v_mid, (select id from public.sri_technical_domains where methodology_version_id=v_mid and code='ventilation'), (select id from public.sri_impact_criteria where methodology_version_id=v_mid and code='comfort'), 'residential', 'north_east_europe', 0.16) on conflict (methodology_version_id, domain_id, impact_criterion_id, building_type, climate_zone) do nothing;
  insert into public.sri_domain_impact_weights (methodology_version_id, domain_id, impact_criterion_id, building_type, climate_zone, weight)
  values (v_mid, (select id from public.sri_technical_domains where methodology_version_id=v_mid and code='ventilation'), (select id from public.sri_impact_criteria where methodology_version_id=v_mid and code='convenience'), 'residential', 'north_east_europe', 0.1) on conflict (methodology_version_id, domain_id, impact_criterion_id, building_type, climate_zone) do nothing;
  insert into public.sri_domain_impact_weights (methodology_version_id, domain_id, impact_criterion_id, building_type, climate_zone, weight)
  values (v_mid, (select id from public.sri_technical_domains where methodology_version_id=v_mid and code='ventilation'), (select id from public.sri_impact_criteria where methodology_version_id=v_mid and code='health_wellbeing_accessibility'), 'residential', 'north_east_europe', 0.16) on conflict (methodology_version_id, domain_id, impact_criterion_id, building_type, climate_zone) do nothing;
  insert into public.sri_domain_impact_weights (methodology_version_id, domain_id, impact_criterion_id, building_type, climate_zone, weight)
  values (v_mid, (select id from public.sri_technical_domains where methodology_version_id=v_mid and code='ventilation'), (select id from public.sri_impact_criteria where methodology_version_id=v_mid and code='maintenance_and_fault_prediction'), 'residential', 'north_east_europe', 0.1919198539) on conflict (methodology_version_id, domain_id, impact_criterion_id, building_type, climate_zone) do nothing;
  insert into public.sri_domain_impact_weights (methodology_version_id, domain_id, impact_criterion_id, building_type, climate_zone, weight)
  values (v_mid, (select id from public.sri_technical_domains where methodology_version_id=v_mid and code='ventilation'), (select id from public.sri_impact_criteria where methodology_version_id=v_mid and code='information_to_occupants'), 'residential', 'north_east_europe', 0.1142857143) on conflict (methodology_version_id, domain_id, impact_criterion_id, building_type, climate_zone) do nothing;
  insert into public.sri_domain_impact_weights (methodology_version_id, domain_id, impact_criterion_id, building_type, climate_zone, weight)
  values (v_mid, (select id from public.sri_technical_domains where methodology_version_id=v_mid and code='lighting'), (select id from public.sri_impact_criteria where methodology_version_id=v_mid and code='energy_efficiency'), 'residential', 'north_east_europe', 0.0062019073) on conflict (methodology_version_id, domain_id, impact_criterion_id, building_type, climate_zone) do nothing;
  insert into public.sri_domain_impact_weights (methodology_version_id, domain_id, impact_criterion_id, building_type, climate_zone, weight)
  values (v_mid, (select id from public.sri_technical_domains where methodology_version_id=v_mid and code='lighting'), (select id from public.sri_impact_criteria where methodology_version_id=v_mid and code='energy_flexibility_and_storage'), 'residential', 'north_east_europe', 0.0) on conflict (methodology_version_id, domain_id, impact_criterion_id, building_type, climate_zone) do nothing;
  insert into public.sri_domain_impact_weights (methodology_version_id, domain_id, impact_criterion_id, building_type, climate_zone, weight)
  values (v_mid, (select id from public.sri_technical_domains where methodology_version_id=v_mid and code='lighting'), (select id from public.sri_impact_criteria where methodology_version_id=v_mid and code='comfort'), 'residential', 'north_east_europe', 0.16) on conflict (methodology_version_id, domain_id, impact_criterion_id, building_type, climate_zone) do nothing;
  insert into public.sri_domain_impact_weights (methodology_version_id, domain_id, impact_criterion_id, building_type, climate_zone, weight)
  values (v_mid, (select id from public.sri_technical_domains where methodology_version_id=v_mid and code='lighting'), (select id from public.sri_impact_criteria where methodology_version_id=v_mid and code='convenience'), 'residential', 'north_east_europe', 0.1) on conflict (methodology_version_id, domain_id, impact_criterion_id, building_type, climate_zone) do nothing;
  insert into public.sri_domain_impact_weights (methodology_version_id, domain_id, impact_criterion_id, building_type, climate_zone, weight)
  values (v_mid, (select id from public.sri_technical_domains where methodology_version_id=v_mid and code='lighting'), (select id from public.sri_impact_criteria where methodology_version_id=v_mid and code='health_wellbeing_accessibility'), 'residential', 'north_east_europe', 0.16) on conflict (methodology_version_id, domain_id, impact_criterion_id, building_type, climate_zone) do nothing;
  insert into public.sri_domain_impact_weights (methodology_version_id, domain_id, impact_criterion_id, building_type, climate_zone, weight)
  values (v_mid, (select id from public.sri_technical_domains where methodology_version_id=v_mid and code='lighting'), (select id from public.sri_impact_criteria where methodology_version_id=v_mid and code='maintenance_and_fault_prediction'), 'residential', 'north_east_europe', 0.0) on conflict (methodology_version_id, domain_id, impact_criterion_id, building_type, climate_zone) do nothing;
  insert into public.sri_domain_impact_weights (methodology_version_id, domain_id, impact_criterion_id, building_type, climate_zone, weight)
  values (v_mid, (select id from public.sri_technical_domains where methodology_version_id=v_mid and code='lighting'), (select id from public.sri_impact_criteria where methodology_version_id=v_mid and code='information_to_occupants'), 'residential', 'north_east_europe', 0.0) on conflict (methodology_version_id, domain_id, impact_criterion_id, building_type, climate_zone) do nothing;
  insert into public.sri_domain_impact_weights (methodology_version_id, domain_id, impact_criterion_id, building_type, climate_zone, weight)
  values (v_mid, (select id from public.sri_technical_domains where methodology_version_id=v_mid and code='electricity'), (select id from public.sri_impact_criteria where methodology_version_id=v_mid and code='energy_efficiency'), 'residential', 'north_east_europe', 0.1103587038) on conflict (methodology_version_id, domain_id, impact_criterion_id, building_type, climate_zone) do nothing;
  insert into public.sri_domain_impact_weights (methodology_version_id, domain_id, impact_criterion_id, building_type, climate_zone, weight)
  values (v_mid, (select id from public.sri_technical_domains where methodology_version_id=v_mid and code='electricity'), (select id from public.sri_impact_criteria where methodology_version_id=v_mid and code='energy_flexibility_and_storage'), 'residential', 'north_east_europe', 0.149546924) on conflict (methodology_version_id, domain_id, impact_criterion_id, building_type, climate_zone) do nothing;
  insert into public.sri_domain_impact_weights (methodology_version_id, domain_id, impact_criterion_id, building_type, climate_zone, weight)
  values (v_mid, (select id from public.sri_technical_domains where methodology_version_id=v_mid and code='electricity'), (select id from public.sri_impact_criteria where methodology_version_id=v_mid and code='comfort'), 'residential', 'north_east_europe', 0.0) on conflict (methodology_version_id, domain_id, impact_criterion_id, building_type, climate_zone) do nothing;
  insert into public.sri_domain_impact_weights (methodology_version_id, domain_id, impact_criterion_id, building_type, climate_zone, weight)
  values (v_mid, (select id from public.sri_technical_domains where methodology_version_id=v_mid and code='electricity'), (select id from public.sri_impact_criteria where methodology_version_id=v_mid and code='convenience'), 'residential', 'north_east_europe', 0.1) on conflict (methodology_version_id, domain_id, impact_criterion_id, building_type, climate_zone) do nothing;
  insert into public.sri_domain_impact_weights (methodology_version_id, domain_id, impact_criterion_id, building_type, climate_zone, weight)
  values (v_mid, (select id from public.sri_technical_domains where methodology_version_id=v_mid and code='electricity'), (select id from public.sri_impact_criteria where methodology_version_id=v_mid and code='health_wellbeing_accessibility'), 'residential', 'north_east_europe', 0.0) on conflict (methodology_version_id, domain_id, impact_criterion_id, building_type, climate_zone) do nothing;
  insert into public.sri_domain_impact_weights (methodology_version_id, domain_id, impact_criterion_id, building_type, climate_zone, weight)
  values (v_mid, (select id from public.sri_technical_domains where methodology_version_id=v_mid and code='electricity'), (select id from public.sri_impact_criteria where methodology_version_id=v_mid and code='maintenance_and_fault_prediction'), 'residential', 'north_east_europe', 0.1112788922) on conflict (methodology_version_id, domain_id, impact_criterion_id, building_type, climate_zone) do nothing;
  insert into public.sri_domain_impact_weights (methodology_version_id, domain_id, impact_criterion_id, building_type, climate_zone, weight)
  values (v_mid, (select id from public.sri_technical_domains where methodology_version_id=v_mid and code='electricity'), (select id from public.sri_impact_criteria where methodology_version_id=v_mid and code='information_to_occupants'), 'residential', 'north_east_europe', 0.1142857143) on conflict (methodology_version_id, domain_id, impact_criterion_id, building_type, climate_zone) do nothing;
  insert into public.sri_domain_impact_weights (methodology_version_id, domain_id, impact_criterion_id, building_type, climate_zone, weight)
  values (v_mid, (select id from public.sri_technical_domains where methodology_version_id=v_mid and code='dynamic_building_envelope'), (select id from public.sri_impact_criteria where methodology_version_id=v_mid and code='energy_efficiency'), 'residential', 'north_east_europe', 0.05) on conflict (methodology_version_id, domain_id, impact_criterion_id, building_type, climate_zone) do nothing;
  insert into public.sri_domain_impact_weights (methodology_version_id, domain_id, impact_criterion_id, building_type, climate_zone, weight)
  values (v_mid, (select id from public.sri_technical_domains where methodology_version_id=v_mid and code='dynamic_building_envelope'), (select id from public.sri_impact_criteria where methodology_version_id=v_mid and code='energy_flexibility_and_storage'), 'residential', 'north_east_europe', 0.0) on conflict (methodology_version_id, domain_id, impact_criterion_id, building_type, climate_zone) do nothing;
  insert into public.sri_domain_impact_weights (methodology_version_id, domain_id, impact_criterion_id, building_type, climate_zone, weight)
  values (v_mid, (select id from public.sri_technical_domains where methodology_version_id=v_mid and code='dynamic_building_envelope'), (select id from public.sri_impact_criteria where methodology_version_id=v_mid and code='comfort'), 'residential', 'north_east_europe', 0.16) on conflict (methodology_version_id, domain_id, impact_criterion_id, building_type, climate_zone) do nothing;
  insert into public.sri_domain_impact_weights (methodology_version_id, domain_id, impact_criterion_id, building_type, climate_zone, weight)
  values (v_mid, (select id from public.sri_technical_domains where methodology_version_id=v_mid and code='dynamic_building_envelope'), (select id from public.sri_impact_criteria where methodology_version_id=v_mid and code='convenience'), 'residential', 'north_east_europe', 0.1) on conflict (methodology_version_id, domain_id, impact_criterion_id, building_type, climate_zone) do nothing;
  insert into public.sri_domain_impact_weights (methodology_version_id, domain_id, impact_criterion_id, building_type, climate_zone, weight)
  values (v_mid, (select id from public.sri_technical_domains where methodology_version_id=v_mid and code='dynamic_building_envelope'), (select id from public.sri_impact_criteria where methodology_version_id=v_mid and code='health_wellbeing_accessibility'), 'residential', 'north_east_europe', 0.16) on conflict (methodology_version_id, domain_id, impact_criterion_id, building_type, climate_zone) do nothing;
  insert into public.sri_domain_impact_weights (methodology_version_id, domain_id, impact_criterion_id, building_type, climate_zone, weight)
  values (v_mid, (select id from public.sri_technical_domains where methodology_version_id=v_mid and code='dynamic_building_envelope'), (select id from public.sri_impact_criteria where methodology_version_id=v_mid and code='maintenance_and_fault_prediction'), 'residential', 'north_east_europe', 0.05) on conflict (methodology_version_id, domain_id, impact_criterion_id, building_type, climate_zone) do nothing;
  insert into public.sri_domain_impact_weights (methodology_version_id, domain_id, impact_criterion_id, building_type, climate_zone, weight)
  values (v_mid, (select id from public.sri_technical_domains where methodology_version_id=v_mid and code='dynamic_building_envelope'), (select id from public.sri_impact_criteria where methodology_version_id=v_mid and code='information_to_occupants'), 'residential', 'north_east_europe', 0.1142857143) on conflict (methodology_version_id, domain_id, impact_criterion_id, building_type, climate_zone) do nothing;
  insert into public.sri_domain_impact_weights (methodology_version_id, domain_id, impact_criterion_id, building_type, climate_zone, weight)
  values (v_mid, (select id from public.sri_technical_domains where methodology_version_id=v_mid and code='electric_vehicle_charging'), (select id from public.sri_impact_criteria where methodology_version_id=v_mid and code='energy_efficiency'), 'residential', 'north_east_europe', 0.0) on conflict (methodology_version_id, domain_id, impact_criterion_id, building_type, climate_zone) do nothing;
  insert into public.sri_domain_impact_weights (methodology_version_id, domain_id, impact_criterion_id, building_type, climate_zone, weight)
  values (v_mid, (select id from public.sri_technical_domains where methodology_version_id=v_mid and code='electric_vehicle_charging'), (select id from public.sri_impact_criteria where methodology_version_id=v_mid and code='energy_flexibility_and_storage'), 'residential', 'north_east_europe', 0.05) on conflict (methodology_version_id, domain_id, impact_criterion_id, building_type, climate_zone) do nothing;
  insert into public.sri_domain_impact_weights (methodology_version_id, domain_id, impact_criterion_id, building_type, climate_zone, weight)
  values (v_mid, (select id from public.sri_technical_domains where methodology_version_id=v_mid and code='electric_vehicle_charging'), (select id from public.sri_impact_criteria where methodology_version_id=v_mid and code='comfort'), 'residential', 'north_east_europe', 0.0) on conflict (methodology_version_id, domain_id, impact_criterion_id, building_type, climate_zone) do nothing;
  insert into public.sri_domain_impact_weights (methodology_version_id, domain_id, impact_criterion_id, building_type, climate_zone, weight)
  values (v_mid, (select id from public.sri_technical_domains where methodology_version_id=v_mid and code='electric_vehicle_charging'), (select id from public.sri_impact_criteria where methodology_version_id=v_mid and code='convenience'), 'residential', 'north_east_europe', 0.1) on conflict (methodology_version_id, domain_id, impact_criterion_id, building_type, climate_zone) do nothing;
  insert into public.sri_domain_impact_weights (methodology_version_id, domain_id, impact_criterion_id, building_type, climate_zone, weight)
  values (v_mid, (select id from public.sri_technical_domains where methodology_version_id=v_mid and code='electric_vehicle_charging'), (select id from public.sri_impact_criteria where methodology_version_id=v_mid and code='health_wellbeing_accessibility'), 'residential', 'north_east_europe', 0.0) on conflict (methodology_version_id, domain_id, impact_criterion_id, building_type, climate_zone) do nothing;
  insert into public.sri_domain_impact_weights (methodology_version_id, domain_id, impact_criterion_id, building_type, climate_zone, weight)
  values (v_mid, (select id from public.sri_technical_domains where methodology_version_id=v_mid and code='electric_vehicle_charging'), (select id from public.sri_impact_criteria where methodology_version_id=v_mid and code='maintenance_and_fault_prediction'), 'residential', 'north_east_europe', 0.0) on conflict (methodology_version_id, domain_id, impact_criterion_id, building_type, climate_zone) do nothing;
  insert into public.sri_domain_impact_weights (methodology_version_id, domain_id, impact_criterion_id, building_type, climate_zone, weight)
  values (v_mid, (select id from public.sri_technical_domains where methodology_version_id=v_mid and code='electric_vehicle_charging'), (select id from public.sri_impact_criteria where methodology_version_id=v_mid and code='information_to_occupants'), 'residential', 'north_east_europe', 0.1142857143) on conflict (methodology_version_id, domain_id, impact_criterion_id, building_type, climate_zone) do nothing;
  insert into public.sri_domain_impact_weights (methodology_version_id, domain_id, impact_criterion_id, building_type, climate_zone, weight)
  values (v_mid, (select id from public.sri_technical_domains where methodology_version_id=v_mid and code='monitoring_and_control'), (select id from public.sri_impact_criteria where methodology_version_id=v_mid and code='energy_efficiency'), 'residential', 'north_east_europe', 0.2) on conflict (methodology_version_id, domain_id, impact_criterion_id, building_type, climate_zone) do nothing;
  insert into public.sri_domain_impact_weights (methodology_version_id, domain_id, impact_criterion_id, building_type, climate_zone, weight)
  values (v_mid, (select id from public.sri_technical_domains where methodology_version_id=v_mid and code='monitoring_and_control'), (select id from public.sri_impact_criteria where methodology_version_id=v_mid and code='energy_flexibility_and_storage'), 'residential', 'north_east_europe', 0.2) on conflict (methodology_version_id, domain_id, impact_criterion_id, building_type, climate_zone) do nothing;
  insert into public.sri_domain_impact_weights (methodology_version_id, domain_id, impact_criterion_id, building_type, climate_zone, weight)
  values (v_mid, (select id from public.sri_technical_domains where methodology_version_id=v_mid and code='monitoring_and_control'), (select id from public.sri_impact_criteria where methodology_version_id=v_mid and code='comfort'), 'residential', 'north_east_europe', 0.2) on conflict (methodology_version_id, domain_id, impact_criterion_id, building_type, climate_zone) do nothing;
  insert into public.sri_domain_impact_weights (methodology_version_id, domain_id, impact_criterion_id, building_type, climate_zone, weight)
  values (v_mid, (select id from public.sri_technical_domains where methodology_version_id=v_mid and code='monitoring_and_control'), (select id from public.sri_impact_criteria where methodology_version_id=v_mid and code='convenience'), 'residential', 'north_east_europe', 0.2) on conflict (methodology_version_id, domain_id, impact_criterion_id, building_type, climate_zone) do nothing;
  insert into public.sri_domain_impact_weights (methodology_version_id, domain_id, impact_criterion_id, building_type, climate_zone, weight)
  values (v_mid, (select id from public.sri_technical_domains where methodology_version_id=v_mid and code='monitoring_and_control'), (select id from public.sri_impact_criteria where methodology_version_id=v_mid and code='health_wellbeing_accessibility'), 'residential', 'north_east_europe', 0.2) on conflict (methodology_version_id, domain_id, impact_criterion_id, building_type, climate_zone) do nothing;
  insert into public.sri_domain_impact_weights (methodology_version_id, domain_id, impact_criterion_id, building_type, climate_zone, weight)
  values (v_mid, (select id from public.sri_technical_domains where methodology_version_id=v_mid and code='monitoring_and_control'), (select id from public.sri_impact_criteria where methodology_version_id=v_mid and code='maintenance_and_fault_prediction'), 'residential', 'north_east_europe', 0.2) on conflict (methodology_version_id, domain_id, impact_criterion_id, building_type, climate_zone) do nothing;
  insert into public.sri_domain_impact_weights (methodology_version_id, domain_id, impact_criterion_id, building_type, climate_zone, weight)
  values (v_mid, (select id from public.sri_technical_domains where methodology_version_id=v_mid and code='monitoring_and_control'), (select id from public.sri_impact_criteria where methodology_version_id=v_mid and code='information_to_occupants'), 'residential', 'north_east_europe', 0.2) on conflict (methodology_version_id, domain_id, impact_criterion_id, building_type, climate_zone) do nothing;
  insert into public.sri_domain_impact_weights (methodology_version_id, domain_id, impact_criterion_id, building_type, climate_zone, weight)
  values (v_mid, (select id from public.sri_technical_domains where methodology_version_id=v_mid and code='heating'), (select id from public.sri_impact_criteria where methodology_version_id=v_mid and code='energy_efficiency'), 'residential', 'south_east_europe', 0.2062053893) on conflict (methodology_version_id, domain_id, impact_criterion_id, building_type, climate_zone) do nothing;
  insert into public.sri_domain_impact_weights (methodology_version_id, domain_id, impact_criterion_id, building_type, climate_zone, weight)
  values (v_mid, (select id from public.sri_technical_domains where methodology_version_id=v_mid and code='heating'), (select id from public.sri_impact_criteria where methodology_version_id=v_mid and code='energy_flexibility_and_storage'), 'residential', 'south_east_europe', 0.2443824513) on conflict (methodology_version_id, domain_id, impact_criterion_id, building_type, climate_zone) do nothing;
  insert into public.sri_domain_impact_weights (methodology_version_id, domain_id, impact_criterion_id, building_type, climate_zone, weight)
  values (v_mid, (select id from public.sri_technical_domains where methodology_version_id=v_mid and code='heating'), (select id from public.sri_impact_criteria where methodology_version_id=v_mid and code='comfort'), 'residential', 'south_east_europe', 0.16) on conflict (methodology_version_id, domain_id, impact_criterion_id, building_type, climate_zone) do nothing;
  insert into public.sri_domain_impact_weights (methodology_version_id, domain_id, impact_criterion_id, building_type, climate_zone, weight)
  values (v_mid, (select id from public.sri_technical_domains where methodology_version_id=v_mid and code='heating'), (select id from public.sri_impact_criteria where methodology_version_id=v_mid and code='convenience'), 'residential', 'south_east_europe', 0.1) on conflict (methodology_version_id, domain_id, impact_criterion_id, building_type, climate_zone) do nothing;
  insert into public.sri_domain_impact_weights (methodology_version_id, domain_id, impact_criterion_id, building_type, climate_zone, weight)
  values (v_mid, (select id from public.sri_technical_domains where methodology_version_id=v_mid and code='heating'), (select id from public.sri_impact_criteria where methodology_version_id=v_mid and code='health_wellbeing_accessibility'), 'residential', 'south_east_europe', 0.16) on conflict (methodology_version_id, domain_id, impact_criterion_id, building_type, climate_zone) do nothing;
  insert into public.sri_domain_impact_weights (methodology_version_id, domain_id, impact_criterion_id, building_type, climate_zone, weight)
  values (v_mid, (select id from public.sri_technical_domains where methodology_version_id=v_mid and code='heating'), (select id from public.sri_impact_criteria where methodology_version_id=v_mid and code='maintenance_and_fault_prediction'), 'residential', 'south_east_europe', 0.2087097335) on conflict (methodology_version_id, domain_id, impact_criterion_id, building_type, climate_zone) do nothing;
  insert into public.sri_domain_impact_weights (methodology_version_id, domain_id, impact_criterion_id, building_type, climate_zone, weight)
  values (v_mid, (select id from public.sri_technical_domains where methodology_version_id=v_mid and code='heating'), (select id from public.sri_impact_criteria where methodology_version_id=v_mid and code='information_to_occupants'), 'residential', 'south_east_europe', 0.1142857143) on conflict (methodology_version_id, domain_id, impact_criterion_id, building_type, climate_zone) do nothing;
  insert into public.sri_domain_impact_weights (methodology_version_id, domain_id, impact_criterion_id, building_type, climate_zone, weight)
  values (v_mid, (select id from public.sri_technical_domains where methodology_version_id=v_mid and code='domestic_hot_water'), (select id from public.sri_impact_criteria where methodology_version_id=v_mid and code='energy_efficiency'), 'residential', 'south_east_europe', 0.0580318116) on conflict (methodology_version_id, domain_id, impact_criterion_id, building_type, climate_zone) do nothing;
  insert into public.sri_domain_impact_weights (methodology_version_id, domain_id, impact_criterion_id, building_type, climate_zone, weight)
  values (v_mid, (select id from public.sri_technical_domains where methodology_version_id=v_mid and code='domestic_hot_water'), (select id from public.sri_impact_criteria where methodology_version_id=v_mid and code='energy_flexibility_and_storage'), 'residential', 'south_east_europe', 0.0687758765) on conflict (methodology_version_id, domain_id, impact_criterion_id, building_type, climate_zone) do nothing;
  insert into public.sri_domain_impact_weights (methodology_version_id, domain_id, impact_criterion_id, building_type, climate_zone, weight)
  values (v_mid, (select id from public.sri_technical_domains where methodology_version_id=v_mid and code='domestic_hot_water'), (select id from public.sri_impact_criteria where methodology_version_id=v_mid and code='comfort'), 'residential', 'south_east_europe', 0.0) on conflict (methodology_version_id, domain_id, impact_criterion_id, building_type, climate_zone) do nothing;
  insert into public.sri_domain_impact_weights (methodology_version_id, domain_id, impact_criterion_id, building_type, climate_zone, weight)
  values (v_mid, (select id from public.sri_technical_domains where methodology_version_id=v_mid and code='domestic_hot_water'), (select id from public.sri_impact_criteria where methodology_version_id=v_mid and code='convenience'), 'residential', 'south_east_europe', 0.1) on conflict (methodology_version_id, domain_id, impact_criterion_id, building_type, climate_zone) do nothing;
  insert into public.sri_domain_impact_weights (methodology_version_id, domain_id, impact_criterion_id, building_type, climate_zone, weight)
  values (v_mid, (select id from public.sri_technical_domains where methodology_version_id=v_mid and code='domestic_hot_water'), (select id from public.sri_impact_criteria where methodology_version_id=v_mid and code='health_wellbeing_accessibility'), 'residential', 'south_east_europe', 0.0) on conflict (methodology_version_id, domain_id, impact_criterion_id, building_type, climate_zone) do nothing;
  insert into public.sri_domain_impact_weights (methodology_version_id, domain_id, impact_criterion_id, building_type, climate_zone, weight)
  values (v_mid, (select id from public.sri_technical_domains where methodology_version_id=v_mid and code='domestic_hot_water'), (select id from public.sri_impact_criteria where methodology_version_id=v_mid and code='maintenance_and_fault_prediction'), 'residential', 'south_east_europe', 0.0587366023) on conflict (methodology_version_id, domain_id, impact_criterion_id, building_type, climate_zone) do nothing;
  insert into public.sri_domain_impact_weights (methodology_version_id, domain_id, impact_criterion_id, building_type, climate_zone, weight)
  values (v_mid, (select id from public.sri_technical_domains where methodology_version_id=v_mid and code='domestic_hot_water'), (select id from public.sri_impact_criteria where methodology_version_id=v_mid and code='information_to_occupants'), 'residential', 'south_east_europe', 0.1142857143) on conflict (methodology_version_id, domain_id, impact_criterion_id, building_type, climate_zone) do nothing;
  insert into public.sri_domain_impact_weights (methodology_version_id, domain_id, impact_criterion_id, building_type, climate_zone, weight)
  values (v_mid, (select id from public.sri_technical_domains where methodology_version_id=v_mid and code='cooling'), (select id from public.sri_impact_criteria where methodology_version_id=v_mid and code='energy_efficiency'), 'residential', 'south_east_europe', 0.1465927354) on conflict (methodology_version_id, domain_id, impact_criterion_id, building_type, climate_zone) do nothing;
  insert into public.sri_domain_impact_weights (methodology_version_id, domain_id, impact_criterion_id, building_type, climate_zone, weight)
  values (v_mid, (select id from public.sri_technical_domains where methodology_version_id=v_mid and code='cooling'), (select id from public.sri_impact_criteria where methodology_version_id=v_mid and code='energy_flexibility_and_storage'), 'residential', 'south_east_europe', 0.1737330539) on conflict (methodology_version_id, domain_id, impact_criterion_id, building_type, climate_zone) do nothing;
  insert into public.sri_domain_impact_weights (methodology_version_id, domain_id, impact_criterion_id, building_type, climate_zone, weight)
  values (v_mid, (select id from public.sri_technical_domains where methodology_version_id=v_mid and code='cooling'), (select id from public.sri_impact_criteria where methodology_version_id=v_mid and code='comfort'), 'residential', 'south_east_europe', 0.16) on conflict (methodology_version_id, domain_id, impact_criterion_id, building_type, climate_zone) do nothing;
  insert into public.sri_domain_impact_weights (methodology_version_id, domain_id, impact_criterion_id, building_type, climate_zone, weight)
  values (v_mid, (select id from public.sri_technical_domains where methodology_version_id=v_mid and code='cooling'), (select id from public.sri_impact_criteria where methodology_version_id=v_mid and code='convenience'), 'residential', 'south_east_europe', 0.1) on conflict (methodology_version_id, domain_id, impact_criterion_id, building_type, climate_zone) do nothing;
  insert into public.sri_domain_impact_weights (methodology_version_id, domain_id, impact_criterion_id, building_type, climate_zone, weight)
  values (v_mid, (select id from public.sri_technical_domains where methodology_version_id=v_mid and code='cooling'), (select id from public.sri_impact_criteria where methodology_version_id=v_mid and code='health_wellbeing_accessibility'), 'residential', 'south_east_europe', 0.16) on conflict (methodology_version_id, domain_id, impact_criterion_id, building_type, climate_zone) do nothing;
  insert into public.sri_domain_impact_weights (methodology_version_id, domain_id, impact_criterion_id, building_type, climate_zone, weight)
  values (v_mid, (select id from public.sri_technical_domains where methodology_version_id=v_mid and code='cooling'), (select id from public.sri_impact_criteria where methodology_version_id=v_mid and code='maintenance_and_fault_prediction'), 'residential', 'south_east_europe', 0.1483730897) on conflict (methodology_version_id, domain_id, impact_criterion_id, building_type, climate_zone) do nothing;
  insert into public.sri_domain_impact_weights (methodology_version_id, domain_id, impact_criterion_id, building_type, climate_zone, weight)
  values (v_mid, (select id from public.sri_technical_domains where methodology_version_id=v_mid and code='cooling'), (select id from public.sri_impact_criteria where methodology_version_id=v_mid and code='information_to_occupants'), 'residential', 'south_east_europe', 0.1142857143) on conflict (methodology_version_id, domain_id, impact_criterion_id, building_type, climate_zone) do nothing;
  insert into public.sri_domain_impact_weights (methodology_version_id, domain_id, impact_criterion_id, building_type, climate_zone, weight)
  values (v_mid, (select id from public.sri_technical_domains where methodology_version_id=v_mid and code='ventilation'), (select id from public.sri_impact_criteria where methodology_version_id=v_mid and code='energy_efficiency'), 'residential', 'south_east_europe', 0.1081645015) on conflict (methodology_version_id, domain_id, impact_criterion_id, building_type, climate_zone) do nothing;
  insert into public.sri_domain_impact_weights (methodology_version_id, domain_id, impact_criterion_id, building_type, climate_zone, weight)
  values (v_mid, (select id from public.sri_technical_domains where methodology_version_id=v_mid and code='ventilation'), (select id from public.sri_impact_criteria where methodology_version_id=v_mid and code='energy_flexibility_and_storage'), 'residential', 'south_east_europe', 0.0) on conflict (methodology_version_id, domain_id, impact_criterion_id, building_type, climate_zone) do nothing;
  insert into public.sri_domain_impact_weights (methodology_version_id, domain_id, impact_criterion_id, building_type, climate_zone, weight)
  values (v_mid, (select id from public.sri_technical_domains where methodology_version_id=v_mid and code='ventilation'), (select id from public.sri_impact_criteria where methodology_version_id=v_mid and code='comfort'), 'residential', 'south_east_europe', 0.16) on conflict (methodology_version_id, domain_id, impact_criterion_id, building_type, climate_zone) do nothing;
  insert into public.sri_domain_impact_weights (methodology_version_id, domain_id, impact_criterion_id, building_type, climate_zone, weight)
  values (v_mid, (select id from public.sri_technical_domains where methodology_version_id=v_mid and code='ventilation'), (select id from public.sri_impact_criteria where methodology_version_id=v_mid and code='convenience'), 'residential', 'south_east_europe', 0.1) on conflict (methodology_version_id, domain_id, impact_criterion_id, building_type, climate_zone) do nothing;
  insert into public.sri_domain_impact_weights (methodology_version_id, domain_id, impact_criterion_id, building_type, climate_zone, weight)
  values (v_mid, (select id from public.sri_technical_domains where methodology_version_id=v_mid and code='ventilation'), (select id from public.sri_impact_criteria where methodology_version_id=v_mid and code='health_wellbeing_accessibility'), 'residential', 'south_east_europe', 0.16) on conflict (methodology_version_id, domain_id, impact_criterion_id, building_type, climate_zone) do nothing;
  insert into public.sri_domain_impact_weights (methodology_version_id, domain_id, impact_criterion_id, building_type, climate_zone, weight)
  values (v_mid, (select id from public.sri_technical_domains where methodology_version_id=v_mid and code='ventilation'), (select id from public.sri_impact_criteria where methodology_version_id=v_mid and code='maintenance_and_fault_prediction'), 'residential', 'south_east_europe', 0.1094781488) on conflict (methodology_version_id, domain_id, impact_criterion_id, building_type, climate_zone) do nothing;
  insert into public.sri_domain_impact_weights (methodology_version_id, domain_id, impact_criterion_id, building_type, climate_zone, weight)
  values (v_mid, (select id from public.sri_technical_domains where methodology_version_id=v_mid and code='ventilation'), (select id from public.sri_impact_criteria where methodology_version_id=v_mid and code='information_to_occupants'), 'residential', 'south_east_europe', 0.1142857143) on conflict (methodology_version_id, domain_id, impact_criterion_id, building_type, climate_zone) do nothing;
  insert into public.sri_domain_impact_weights (methodology_version_id, domain_id, impact_criterion_id, building_type, climate_zone, weight)
  values (v_mid, (select id from public.sri_technical_domains where methodology_version_id=v_mid and code='lighting'), (select id from public.sri_impact_criteria where methodology_version_id=v_mid and code='energy_efficiency'), 'residential', 'south_east_europe', 0.0089993796) on conflict (methodology_version_id, domain_id, impact_criterion_id, building_type, climate_zone) do nothing;
  insert into public.sri_domain_impact_weights (methodology_version_id, domain_id, impact_criterion_id, building_type, climate_zone, weight)
  values (v_mid, (select id from public.sri_technical_domains where methodology_version_id=v_mid and code='lighting'), (select id from public.sri_impact_criteria where methodology_version_id=v_mid and code='energy_flexibility_and_storage'), 'residential', 'south_east_europe', 0.0) on conflict (methodology_version_id, domain_id, impact_criterion_id, building_type, climate_zone) do nothing;
  insert into public.sri_domain_impact_weights (methodology_version_id, domain_id, impact_criterion_id, building_type, climate_zone, weight)
  values (v_mid, (select id from public.sri_technical_domains where methodology_version_id=v_mid and code='lighting'), (select id from public.sri_impact_criteria where methodology_version_id=v_mid and code='comfort'), 'residential', 'south_east_europe', 0.16) on conflict (methodology_version_id, domain_id, impact_criterion_id, building_type, climate_zone) do nothing;
  insert into public.sri_domain_impact_weights (methodology_version_id, domain_id, impact_criterion_id, building_type, climate_zone, weight)
  values (v_mid, (select id from public.sri_technical_domains where methodology_version_id=v_mid and code='lighting'), (select id from public.sri_impact_criteria where methodology_version_id=v_mid and code='convenience'), 'residential', 'south_east_europe', 0.1) on conflict (methodology_version_id, domain_id, impact_criterion_id, building_type, climate_zone) do nothing;
  insert into public.sri_domain_impact_weights (methodology_version_id, domain_id, impact_criterion_id, building_type, climate_zone, weight)
  values (v_mid, (select id from public.sri_technical_domains where methodology_version_id=v_mid and code='lighting'), (select id from public.sri_impact_criteria where methodology_version_id=v_mid and code='health_wellbeing_accessibility'), 'residential', 'south_east_europe', 0.16) on conflict (methodology_version_id, domain_id, impact_criterion_id, building_type, climate_zone) do nothing;
  insert into public.sri_domain_impact_weights (methodology_version_id, domain_id, impact_criterion_id, building_type, climate_zone, weight)
  values (v_mid, (select id from public.sri_technical_domains where methodology_version_id=v_mid and code='lighting'), (select id from public.sri_impact_criteria where methodology_version_id=v_mid and code='maintenance_and_fault_prediction'), 'residential', 'south_east_europe', 0.0) on conflict (methodology_version_id, domain_id, impact_criterion_id, building_type, climate_zone) do nothing;
  insert into public.sri_domain_impact_weights (methodology_version_id, domain_id, impact_criterion_id, building_type, climate_zone, weight)
  values (v_mid, (select id from public.sri_technical_domains where methodology_version_id=v_mid and code='lighting'), (select id from public.sri_impact_criteria where methodology_version_id=v_mid and code='information_to_occupants'), 'residential', 'south_east_europe', 0.0) on conflict (methodology_version_id, domain_id, impact_criterion_id, building_type, climate_zone) do nothing;
  insert into public.sri_domain_impact_weights (methodology_version_id, domain_id, impact_criterion_id, building_type, climate_zone, weight)
  values (v_mid, (select id from public.sri_technical_domains where methodology_version_id=v_mid and code='electricity'), (select id from public.sri_impact_criteria where methodology_version_id=v_mid and code='energy_efficiency'), 'residential', 'south_east_europe', 0.2220061825) on conflict (methodology_version_id, domain_id, impact_criterion_id, building_type, climate_zone) do nothing;
  insert into public.sri_domain_impact_weights (methodology_version_id, domain_id, impact_criterion_id, building_type, climate_zone, weight)
  values (v_mid, (select id from public.sri_technical_domains where methodology_version_id=v_mid and code='electricity'), (select id from public.sri_impact_criteria where methodology_version_id=v_mid and code='energy_flexibility_and_storage'), 'residential', 'south_east_europe', 0.2631086183) on conflict (methodology_version_id, domain_id, impact_criterion_id, building_type, climate_zone) do nothing;
  insert into public.sri_domain_impact_weights (methodology_version_id, domain_id, impact_criterion_id, building_type, climate_zone, weight)
  values (v_mid, (select id from public.sri_technical_domains where methodology_version_id=v_mid and code='electricity'), (select id from public.sri_impact_criteria where methodology_version_id=v_mid and code='comfort'), 'residential', 'south_east_europe', 0.0) on conflict (methodology_version_id, domain_id, impact_criterion_id, building_type, climate_zone) do nothing;
  insert into public.sri_domain_impact_weights (methodology_version_id, domain_id, impact_criterion_id, building_type, climate_zone, weight)
  values (v_mid, (select id from public.sri_technical_domains where methodology_version_id=v_mid and code='electricity'), (select id from public.sri_impact_criteria where methodology_version_id=v_mid and code='convenience'), 'residential', 'south_east_europe', 0.1) on conflict (methodology_version_id, domain_id, impact_criterion_id, building_type, climate_zone) do nothing;
  insert into public.sri_domain_impact_weights (methodology_version_id, domain_id, impact_criterion_id, building_type, climate_zone, weight)
  values (v_mid, (select id from public.sri_technical_domains where methodology_version_id=v_mid and code='electricity'), (select id from public.sri_impact_criteria where methodology_version_id=v_mid and code='health_wellbeing_accessibility'), 'residential', 'south_east_europe', 0.0) on conflict (methodology_version_id, domain_id, impact_criterion_id, building_type, climate_zone) do nothing;
  insert into public.sri_domain_impact_weights (methodology_version_id, domain_id, impact_criterion_id, building_type, climate_zone, weight)
  values (v_mid, (select id from public.sri_technical_domains where methodology_version_id=v_mid and code='electricity'), (select id from public.sri_impact_criteria where methodology_version_id=v_mid and code='maintenance_and_fault_prediction'), 'residential', 'south_east_europe', 0.2247024257) on conflict (methodology_version_id, domain_id, impact_criterion_id, building_type, climate_zone) do nothing;
  insert into public.sri_domain_impact_weights (methodology_version_id, domain_id, impact_criterion_id, building_type, climate_zone, weight)
  values (v_mid, (select id from public.sri_technical_domains where methodology_version_id=v_mid and code='electricity'), (select id from public.sri_impact_criteria where methodology_version_id=v_mid and code='information_to_occupants'), 'residential', 'south_east_europe', 0.1142857143) on conflict (methodology_version_id, domain_id, impact_criterion_id, building_type, climate_zone) do nothing;
  insert into public.sri_domain_impact_weights (methodology_version_id, domain_id, impact_criterion_id, building_type, climate_zone, weight)
  values (v_mid, (select id from public.sri_technical_domains where methodology_version_id=v_mid and code='dynamic_building_envelope'), (select id from public.sri_impact_criteria where methodology_version_id=v_mid and code='energy_efficiency'), 'residential', 'south_east_europe', 0.05) on conflict (methodology_version_id, domain_id, impact_criterion_id, building_type, climate_zone) do nothing;
  insert into public.sri_domain_impact_weights (methodology_version_id, domain_id, impact_criterion_id, building_type, climate_zone, weight)
  values (v_mid, (select id from public.sri_technical_domains where methodology_version_id=v_mid and code='dynamic_building_envelope'), (select id from public.sri_impact_criteria where methodology_version_id=v_mid and code='energy_flexibility_and_storage'), 'residential', 'south_east_europe', 0.0) on conflict (methodology_version_id, domain_id, impact_criterion_id, building_type, climate_zone) do nothing;
  insert into public.sri_domain_impact_weights (methodology_version_id, domain_id, impact_criterion_id, building_type, climate_zone, weight)
  values (v_mid, (select id from public.sri_technical_domains where methodology_version_id=v_mid and code='dynamic_building_envelope'), (select id from public.sri_impact_criteria where methodology_version_id=v_mid and code='comfort'), 'residential', 'south_east_europe', 0.16) on conflict (methodology_version_id, domain_id, impact_criterion_id, building_type, climate_zone) do nothing;
  insert into public.sri_domain_impact_weights (methodology_version_id, domain_id, impact_criterion_id, building_type, climate_zone, weight)
  values (v_mid, (select id from public.sri_technical_domains where methodology_version_id=v_mid and code='dynamic_building_envelope'), (select id from public.sri_impact_criteria where methodology_version_id=v_mid and code='convenience'), 'residential', 'south_east_europe', 0.1) on conflict (methodology_version_id, domain_id, impact_criterion_id, building_type, climate_zone) do nothing;
  insert into public.sri_domain_impact_weights (methodology_version_id, domain_id, impact_criterion_id, building_type, climate_zone, weight)
  values (v_mid, (select id from public.sri_technical_domains where methodology_version_id=v_mid and code='dynamic_building_envelope'), (select id from public.sri_impact_criteria where methodology_version_id=v_mid and code='health_wellbeing_accessibility'), 'residential', 'south_east_europe', 0.16) on conflict (methodology_version_id, domain_id, impact_criterion_id, building_type, climate_zone) do nothing;
  insert into public.sri_domain_impact_weights (methodology_version_id, domain_id, impact_criterion_id, building_type, climate_zone, weight)
  values (v_mid, (select id from public.sri_technical_domains where methodology_version_id=v_mid and code='dynamic_building_envelope'), (select id from public.sri_impact_criteria where methodology_version_id=v_mid and code='maintenance_and_fault_prediction'), 'residential', 'south_east_europe', 0.05) on conflict (methodology_version_id, domain_id, impact_criterion_id, building_type, climate_zone) do nothing;
  insert into public.sri_domain_impact_weights (methodology_version_id, domain_id, impact_criterion_id, building_type, climate_zone, weight)
  values (v_mid, (select id from public.sri_technical_domains where methodology_version_id=v_mid and code='dynamic_building_envelope'), (select id from public.sri_impact_criteria where methodology_version_id=v_mid and code='information_to_occupants'), 'residential', 'south_east_europe', 0.1142857143) on conflict (methodology_version_id, domain_id, impact_criterion_id, building_type, climate_zone) do nothing;
  insert into public.sri_domain_impact_weights (methodology_version_id, domain_id, impact_criterion_id, building_type, climate_zone, weight)
  values (v_mid, (select id from public.sri_technical_domains where methodology_version_id=v_mid and code='electric_vehicle_charging'), (select id from public.sri_impact_criteria where methodology_version_id=v_mid and code='energy_efficiency'), 'residential', 'south_east_europe', 0.0) on conflict (methodology_version_id, domain_id, impact_criterion_id, building_type, climate_zone) do nothing;
  insert into public.sri_domain_impact_weights (methodology_version_id, domain_id, impact_criterion_id, building_type, climate_zone, weight)
  values (v_mid, (select id from public.sri_technical_domains where methodology_version_id=v_mid and code='electric_vehicle_charging'), (select id from public.sri_impact_criteria where methodology_version_id=v_mid and code='energy_flexibility_and_storage'), 'residential', 'south_east_europe', 0.05) on conflict (methodology_version_id, domain_id, impact_criterion_id, building_type, climate_zone) do nothing;
  insert into public.sri_domain_impact_weights (methodology_version_id, domain_id, impact_criterion_id, building_type, climate_zone, weight)
  values (v_mid, (select id from public.sri_technical_domains where methodology_version_id=v_mid and code='electric_vehicle_charging'), (select id from public.sri_impact_criteria where methodology_version_id=v_mid and code='comfort'), 'residential', 'south_east_europe', 0.0) on conflict (methodology_version_id, domain_id, impact_criterion_id, building_type, climate_zone) do nothing;
  insert into public.sri_domain_impact_weights (methodology_version_id, domain_id, impact_criterion_id, building_type, climate_zone, weight)
  values (v_mid, (select id from public.sri_technical_domains where methodology_version_id=v_mid and code='electric_vehicle_charging'), (select id from public.sri_impact_criteria where methodology_version_id=v_mid and code='convenience'), 'residential', 'south_east_europe', 0.1) on conflict (methodology_version_id, domain_id, impact_criterion_id, building_type, climate_zone) do nothing;
  insert into public.sri_domain_impact_weights (methodology_version_id, domain_id, impact_criterion_id, building_type, climate_zone, weight)
  values (v_mid, (select id from public.sri_technical_domains where methodology_version_id=v_mid and code='electric_vehicle_charging'), (select id from public.sri_impact_criteria where methodology_version_id=v_mid and code='health_wellbeing_accessibility'), 'residential', 'south_east_europe', 0.0) on conflict (methodology_version_id, domain_id, impact_criterion_id, building_type, climate_zone) do nothing;
  insert into public.sri_domain_impact_weights (methodology_version_id, domain_id, impact_criterion_id, building_type, climate_zone, weight)
  values (v_mid, (select id from public.sri_technical_domains where methodology_version_id=v_mid and code='electric_vehicle_charging'), (select id from public.sri_impact_criteria where methodology_version_id=v_mid and code='maintenance_and_fault_prediction'), 'residential', 'south_east_europe', 0.0) on conflict (methodology_version_id, domain_id, impact_criterion_id, building_type, climate_zone) do nothing;
  insert into public.sri_domain_impact_weights (methodology_version_id, domain_id, impact_criterion_id, building_type, climate_zone, weight)
  values (v_mid, (select id from public.sri_technical_domains where methodology_version_id=v_mid and code='electric_vehicle_charging'), (select id from public.sri_impact_criteria where methodology_version_id=v_mid and code='information_to_occupants'), 'residential', 'south_east_europe', 0.1142857143) on conflict (methodology_version_id, domain_id, impact_criterion_id, building_type, climate_zone) do nothing;
  insert into public.sri_domain_impact_weights (methodology_version_id, domain_id, impact_criterion_id, building_type, climate_zone, weight)
  values (v_mid, (select id from public.sri_technical_domains where methodology_version_id=v_mid and code='monitoring_and_control'), (select id from public.sri_impact_criteria where methodology_version_id=v_mid and code='energy_efficiency'), 'residential', 'south_east_europe', 0.2) on conflict (methodology_version_id, domain_id, impact_criterion_id, building_type, climate_zone) do nothing;
  insert into public.sri_domain_impact_weights (methodology_version_id, domain_id, impact_criterion_id, building_type, climate_zone, weight)
  values (v_mid, (select id from public.sri_technical_domains where methodology_version_id=v_mid and code='monitoring_and_control'), (select id from public.sri_impact_criteria where methodology_version_id=v_mid and code='energy_flexibility_and_storage'), 'residential', 'south_east_europe', 0.2) on conflict (methodology_version_id, domain_id, impact_criterion_id, building_type, climate_zone) do nothing;
  insert into public.sri_domain_impact_weights (methodology_version_id, domain_id, impact_criterion_id, building_type, climate_zone, weight)
  values (v_mid, (select id from public.sri_technical_domains where methodology_version_id=v_mid and code='monitoring_and_control'), (select id from public.sri_impact_criteria where methodology_version_id=v_mid and code='comfort'), 'residential', 'south_east_europe', 0.2) on conflict (methodology_version_id, domain_id, impact_criterion_id, building_type, climate_zone) do nothing;
  insert into public.sri_domain_impact_weights (methodology_version_id, domain_id, impact_criterion_id, building_type, climate_zone, weight)
  values (v_mid, (select id from public.sri_technical_domains where methodology_version_id=v_mid and code='monitoring_and_control'), (select id from public.sri_impact_criteria where methodology_version_id=v_mid and code='convenience'), 'residential', 'south_east_europe', 0.2) on conflict (methodology_version_id, domain_id, impact_criterion_id, building_type, climate_zone) do nothing;
  insert into public.sri_domain_impact_weights (methodology_version_id, domain_id, impact_criterion_id, building_type, climate_zone, weight)
  values (v_mid, (select id from public.sri_technical_domains where methodology_version_id=v_mid and code='monitoring_and_control'), (select id from public.sri_impact_criteria where methodology_version_id=v_mid and code='health_wellbeing_accessibility'), 'residential', 'south_east_europe', 0.2) on conflict (methodology_version_id, domain_id, impact_criterion_id, building_type, climate_zone) do nothing;
  insert into public.sri_domain_impact_weights (methodology_version_id, domain_id, impact_criterion_id, building_type, climate_zone, weight)
  values (v_mid, (select id from public.sri_technical_domains where methodology_version_id=v_mid and code='monitoring_and_control'), (select id from public.sri_impact_criteria where methodology_version_id=v_mid and code='maintenance_and_fault_prediction'), 'residential', 'south_east_europe', 0.2) on conflict (methodology_version_id, domain_id, impact_criterion_id, building_type, climate_zone) do nothing;
  insert into public.sri_domain_impact_weights (methodology_version_id, domain_id, impact_criterion_id, building_type, climate_zone, weight)
  values (v_mid, (select id from public.sri_technical_domains where methodology_version_id=v_mid and code='monitoring_and_control'), (select id from public.sri_impact_criteria where methodology_version_id=v_mid and code='information_to_occupants'), 'residential', 'south_east_europe', 0.2) on conflict (methodology_version_id, domain_id, impact_criterion_id, building_type, climate_zone) do nothing;
  insert into public.sri_domain_impact_weights (methodology_version_id, domain_id, impact_criterion_id, building_type, climate_zone, weight)
  values (v_mid, (select id from public.sri_technical_domains where methodology_version_id=v_mid and code='heating'), (select id from public.sri_impact_criteria where methodology_version_id=v_mid and code='energy_efficiency'), 'non_residential', 'north_europe', 0.3132189359) on conflict (methodology_version_id, domain_id, impact_criterion_id, building_type, climate_zone) do nothing;
  insert into public.sri_domain_impact_weights (methodology_version_id, domain_id, impact_criterion_id, building_type, climate_zone, weight)
  values (v_mid, (select id from public.sri_technical_domains where methodology_version_id=v_mid and code='heating'), (select id from public.sri_impact_criteria where methodology_version_id=v_mid and code='energy_flexibility_and_storage'), 'non_residential', 'north_europe', 0.4938372451) on conflict (methodology_version_id, domain_id, impact_criterion_id, building_type, climate_zone) do nothing;
  insert into public.sri_domain_impact_weights (methodology_version_id, domain_id, impact_criterion_id, building_type, climate_zone, weight)
  values (v_mid, (select id from public.sri_technical_domains where methodology_version_id=v_mid and code='heating'), (select id from public.sri_impact_criteria where methodology_version_id=v_mid and code='comfort'), 'non_residential', 'north_europe', 0.16) on conflict (methodology_version_id, domain_id, impact_criterion_id, building_type, climate_zone) do nothing;
  insert into public.sri_domain_impact_weights (methodology_version_id, domain_id, impact_criterion_id, building_type, climate_zone, weight)
  values (v_mid, (select id from public.sri_technical_domains where methodology_version_id=v_mid and code='heating'), (select id from public.sri_impact_criteria where methodology_version_id=v_mid and code='convenience'), 'non_residential', 'north_europe', 0.1) on conflict (methodology_version_id, domain_id, impact_criterion_id, building_type, climate_zone) do nothing;
  insert into public.sri_domain_impact_weights (methodology_version_id, domain_id, impact_criterion_id, building_type, climate_zone, weight)
  values (v_mid, (select id from public.sri_technical_domains where methodology_version_id=v_mid and code='heating'), (select id from public.sri_impact_criteria where methodology_version_id=v_mid and code='health_wellbeing_accessibility'), 'non_residential', 'north_europe', 0.16) on conflict (methodology_version_id, domain_id, impact_criterion_id, building_type, climate_zone) do nothing;
  insert into public.sri_domain_impact_weights (methodology_version_id, domain_id, impact_criterion_id, building_type, climate_zone, weight)
  values (v_mid, (select id from public.sri_technical_domains where methodology_version_id=v_mid and code='heating'), (select id from public.sri_impact_criteria where methodology_version_id=v_mid and code='maintenance_and_fault_prediction'), 'non_residential', 'north_europe', 0.349623516) on conflict (methodology_version_id, domain_id, impact_criterion_id, building_type, climate_zone) do nothing;
  insert into public.sri_domain_impact_weights (methodology_version_id, domain_id, impact_criterion_id, building_type, climate_zone, weight)
  values (v_mid, (select id from public.sri_technical_domains where methodology_version_id=v_mid and code='heating'), (select id from public.sri_impact_criteria where methodology_version_id=v_mid and code='information_to_occupants'), 'non_residential', 'north_europe', 0.1142857143) on conflict (methodology_version_id, domain_id, impact_criterion_id, building_type, climate_zone) do nothing;
  insert into public.sri_domain_impact_weights (methodology_version_id, domain_id, impact_criterion_id, building_type, climate_zone, weight)
  values (v_mid, (select id from public.sri_technical_domains where methodology_version_id=v_mid and code='domestic_hot_water'), (select id from public.sri_impact_criteria where methodology_version_id=v_mid and code='energy_efficiency'), 'non_residential', 'north_europe', 0.053686299) on conflict (methodology_version_id, domain_id, impact_criterion_id, building_type, climate_zone) do nothing;
  insert into public.sri_domain_impact_weights (methodology_version_id, domain_id, impact_criterion_id, building_type, climate_zone, weight)
  values (v_mid, (select id from public.sri_technical_domains where methodology_version_id=v_mid and code='domestic_hot_water'), (select id from public.sri_impact_criteria where methodology_version_id=v_mid and code='energy_flexibility_and_storage'), 'non_residential', 'north_europe', 0.0846446079) on conflict (methodology_version_id, domain_id, impact_criterion_id, building_type, climate_zone) do nothing;
  insert into public.sri_domain_impact_weights (methodology_version_id, domain_id, impact_criterion_id, building_type, climate_zone, weight)
  values (v_mid, (select id from public.sri_technical_domains where methodology_version_id=v_mid and code='domestic_hot_water'), (select id from public.sri_impact_criteria where methodology_version_id=v_mid and code='comfort'), 'non_residential', 'north_europe', 0.0) on conflict (methodology_version_id, domain_id, impact_criterion_id, building_type, climate_zone) do nothing;
  insert into public.sri_domain_impact_weights (methodology_version_id, domain_id, impact_criterion_id, building_type, climate_zone, weight)
  values (v_mid, (select id from public.sri_technical_domains where methodology_version_id=v_mid and code='domestic_hot_water'), (select id from public.sri_impact_criteria where methodology_version_id=v_mid and code='convenience'), 'non_residential', 'north_europe', 0.1) on conflict (methodology_version_id, domain_id, impact_criterion_id, building_type, climate_zone) do nothing;
  insert into public.sri_domain_impact_weights (methodology_version_id, domain_id, impact_criterion_id, building_type, climate_zone, weight)
  values (v_mid, (select id from public.sri_technical_domains where methodology_version_id=v_mid and code='domestic_hot_water'), (select id from public.sri_impact_criteria where methodology_version_id=v_mid and code='health_wellbeing_accessibility'), 'non_residential', 'north_europe', 0.0) on conflict (methodology_version_id, domain_id, impact_criterion_id, building_type, climate_zone) do nothing;
  insert into public.sri_domain_impact_weights (methodology_version_id, domain_id, impact_criterion_id, building_type, climate_zone, weight)
  values (v_mid, (select id from public.sri_technical_domains where methodology_version_id=v_mid and code='domestic_hot_water'), (select id from public.sri_impact_criteria where methodology_version_id=v_mid and code='maintenance_and_fault_prediction'), 'non_residential', 'north_europe', 0.0599261107) on conflict (methodology_version_id, domain_id, impact_criterion_id, building_type, climate_zone) do nothing;
  insert into public.sri_domain_impact_weights (methodology_version_id, domain_id, impact_criterion_id, building_type, climate_zone, weight)
  values (v_mid, (select id from public.sri_technical_domains where methodology_version_id=v_mid and code='domestic_hot_water'), (select id from public.sri_impact_criteria where methodology_version_id=v_mid and code='information_to_occupants'), 'non_residential', 'north_europe', 0.1142857143) on conflict (methodology_version_id, domain_id, impact_criterion_id, building_type, climate_zone) do nothing;
  insert into public.sri_domain_impact_weights (methodology_version_id, domain_id, impact_criterion_id, building_type, climate_zone, weight)
  values (v_mid, (select id from public.sri_technical_domains where methodology_version_id=v_mid and code='cooling'), (select id from public.sri_impact_criteria where methodology_version_id=v_mid and code='energy_efficiency'), 'non_residential', 'north_europe', 0.0936961876) on conflict (methodology_version_id, domain_id, impact_criterion_id, building_type, climate_zone) do nothing;
  insert into public.sri_domain_impact_weights (methodology_version_id, domain_id, impact_criterion_id, building_type, climate_zone, weight)
  values (v_mid, (select id from public.sri_technical_domains where methodology_version_id=v_mid and code='cooling'), (select id from public.sri_impact_criteria where methodology_version_id=v_mid and code='energy_flexibility_and_storage'), 'non_residential', 'north_europe', 0.1477262766) on conflict (methodology_version_id, domain_id, impact_criterion_id, building_type, climate_zone) do nothing;
  insert into public.sri_domain_impact_weights (methodology_version_id, domain_id, impact_criterion_id, building_type, climate_zone, weight)
  values (v_mid, (select id from public.sri_technical_domains where methodology_version_id=v_mid and code='cooling'), (select id from public.sri_impact_criteria where methodology_version_id=v_mid and code='comfort'), 'non_residential', 'north_europe', 0.16) on conflict (methodology_version_id, domain_id, impact_criterion_id, building_type, climate_zone) do nothing;
  insert into public.sri_domain_impact_weights (methodology_version_id, domain_id, impact_criterion_id, building_type, climate_zone, weight)
  values (v_mid, (select id from public.sri_technical_domains where methodology_version_id=v_mid and code='cooling'), (select id from public.sri_impact_criteria where methodology_version_id=v_mid and code='convenience'), 'non_residential', 'north_europe', 0.1) on conflict (methodology_version_id, domain_id, impact_criterion_id, building_type, climate_zone) do nothing;
  insert into public.sri_domain_impact_weights (methodology_version_id, domain_id, impact_criterion_id, building_type, climate_zone, weight)
  values (v_mid, (select id from public.sri_technical_domains where methodology_version_id=v_mid and code='cooling'), (select id from public.sri_impact_criteria where methodology_version_id=v_mid and code='health_wellbeing_accessibility'), 'non_residential', 'north_europe', 0.16) on conflict (methodology_version_id, domain_id, impact_criterion_id, building_type, climate_zone) do nothing;
  insert into public.sri_domain_impact_weights (methodology_version_id, domain_id, impact_criterion_id, building_type, climate_zone, weight)
  values (v_mid, (select id from public.sri_technical_domains where methodology_version_id=v_mid and code='cooling'), (select id from public.sri_impact_criteria where methodology_version_id=v_mid and code='maintenance_and_fault_prediction'), 'non_residential', 'north_europe', 0.1045862392) on conflict (methodology_version_id, domain_id, impact_criterion_id, building_type, climate_zone) do nothing;
  insert into public.sri_domain_impact_weights (methodology_version_id, domain_id, impact_criterion_id, building_type, climate_zone, weight)
  values (v_mid, (select id from public.sri_technical_domains where methodology_version_id=v_mid and code='cooling'), (select id from public.sri_impact_criteria where methodology_version_id=v_mid and code='information_to_occupants'), 'non_residential', 'north_europe', 0.1142857143) on conflict (methodology_version_id, domain_id, impact_criterion_id, building_type, climate_zone) do nothing;
  insert into public.sri_domain_impact_weights (methodology_version_id, domain_id, impact_criterion_id, building_type, climate_zone, weight)
  values (v_mid, (select id from public.sri_technical_domains where methodology_version_id=v_mid and code='ventilation'), (select id from public.sri_impact_criteria where methodology_version_id=v_mid and code='energy_efficiency'), 'non_residential', 'north_europe', 0.1962146378) on conflict (methodology_version_id, domain_id, impact_criterion_id, building_type, climate_zone) do nothing;
  insert into public.sri_domain_impact_weights (methodology_version_id, domain_id, impact_criterion_id, building_type, climate_zone, weight)
  values (v_mid, (select id from public.sri_technical_domains where methodology_version_id=v_mid and code='ventilation'), (select id from public.sri_impact_criteria where methodology_version_id=v_mid and code='energy_flexibility_and_storage'), 'non_residential', 'north_europe', 0.0) on conflict (methodology_version_id, domain_id, impact_criterion_id, building_type, climate_zone) do nothing;
  insert into public.sri_domain_impact_weights (methodology_version_id, domain_id, impact_criterion_id, building_type, climate_zone, weight)
  values (v_mid, (select id from public.sri_technical_domains where methodology_version_id=v_mid and code='ventilation'), (select id from public.sri_impact_criteria where methodology_version_id=v_mid and code='comfort'), 'non_residential', 'north_europe', 0.16) on conflict (methodology_version_id, domain_id, impact_criterion_id, building_type, climate_zone) do nothing;
  insert into public.sri_domain_impact_weights (methodology_version_id, domain_id, impact_criterion_id, building_type, climate_zone, weight)
  values (v_mid, (select id from public.sri_technical_domains where methodology_version_id=v_mid and code='ventilation'), (select id from public.sri_impact_criteria where methodology_version_id=v_mid and code='convenience'), 'non_residential', 'north_europe', 0.1) on conflict (methodology_version_id, domain_id, impact_criterion_id, building_type, climate_zone) do nothing;
  insert into public.sri_domain_impact_weights (methodology_version_id, domain_id, impact_criterion_id, building_type, climate_zone, weight)
  values (v_mid, (select id from public.sri_technical_domains where methodology_version_id=v_mid and code='ventilation'), (select id from public.sri_impact_criteria where methodology_version_id=v_mid and code='health_wellbeing_accessibility'), 'non_residential', 'north_europe', 0.16) on conflict (methodology_version_id, domain_id, impact_criterion_id, building_type, climate_zone) do nothing;
  insert into public.sri_domain_impact_weights (methodology_version_id, domain_id, impact_criterion_id, building_type, climate_zone, weight)
  values (v_mid, (select id from public.sri_technical_domains where methodology_version_id=v_mid and code='ventilation'), (select id from public.sri_impact_criteria where methodology_version_id=v_mid and code='maintenance_and_fault_prediction'), 'non_residential', 'north_europe', 0.2190201284) on conflict (methodology_version_id, domain_id, impact_criterion_id, building_type, climate_zone) do nothing;
  insert into public.sri_domain_impact_weights (methodology_version_id, domain_id, impact_criterion_id, building_type, climate_zone, weight)
  values (v_mid, (select id from public.sri_technical_domains where methodology_version_id=v_mid and code='ventilation'), (select id from public.sri_impact_criteria where methodology_version_id=v_mid and code='information_to_occupants'), 'non_residential', 'north_europe', 0.1142857143) on conflict (methodology_version_id, domain_id, impact_criterion_id, building_type, climate_zone) do nothing;
  insert into public.sri_domain_impact_weights (methodology_version_id, domain_id, impact_criterion_id, building_type, climate_zone, weight)
  values (v_mid, (select id from public.sri_technical_domains where methodology_version_id=v_mid and code='lighting'), (select id from public.sri_impact_criteria where methodology_version_id=v_mid and code='energy_efficiency'), 'non_residential', 'north_europe', 0.0780938177) on conflict (methodology_version_id, domain_id, impact_criterion_id, building_type, climate_zone) do nothing;
  insert into public.sri_domain_impact_weights (methodology_version_id, domain_id, impact_criterion_id, building_type, climate_zone, weight)
  values (v_mid, (select id from public.sri_technical_domains where methodology_version_id=v_mid and code='lighting'), (select id from public.sri_impact_criteria where methodology_version_id=v_mid and code='energy_flexibility_and_storage'), 'non_residential', 'north_europe', 0.0) on conflict (methodology_version_id, domain_id, impact_criterion_id, building_type, climate_zone) do nothing;
  insert into public.sri_domain_impact_weights (methodology_version_id, domain_id, impact_criterion_id, building_type, climate_zone, weight)
  values (v_mid, (select id from public.sri_technical_domains where methodology_version_id=v_mid and code='lighting'), (select id from public.sri_impact_criteria where methodology_version_id=v_mid and code='comfort'), 'non_residential', 'north_europe', 0.16) on conflict (methodology_version_id, domain_id, impact_criterion_id, building_type, climate_zone) do nothing;
  insert into public.sri_domain_impact_weights (methodology_version_id, domain_id, impact_criterion_id, building_type, climate_zone, weight)
  values (v_mid, (select id from public.sri_technical_domains where methodology_version_id=v_mid and code='lighting'), (select id from public.sri_impact_criteria where methodology_version_id=v_mid and code='convenience'), 'non_residential', 'north_europe', 0.1) on conflict (methodology_version_id, domain_id, impact_criterion_id, building_type, climate_zone) do nothing;
  insert into public.sri_domain_impact_weights (methodology_version_id, domain_id, impact_criterion_id, building_type, climate_zone, weight)
  values (v_mid, (select id from public.sri_technical_domains where methodology_version_id=v_mid and code='lighting'), (select id from public.sri_impact_criteria where methodology_version_id=v_mid and code='health_wellbeing_accessibility'), 'non_residential', 'north_europe', 0.16) on conflict (methodology_version_id, domain_id, impact_criterion_id, building_type, climate_zone) do nothing;
  insert into public.sri_domain_impact_weights (methodology_version_id, domain_id, impact_criterion_id, building_type, climate_zone, weight)
  values (v_mid, (select id from public.sri_technical_domains where methodology_version_id=v_mid and code='lighting'), (select id from public.sri_impact_criteria where methodology_version_id=v_mid and code='maintenance_and_fault_prediction'), 'non_residential', 'north_europe', 0.0) on conflict (methodology_version_id, domain_id, impact_criterion_id, building_type, climate_zone) do nothing;
  insert into public.sri_domain_impact_weights (methodology_version_id, domain_id, impact_criterion_id, building_type, climate_zone, weight)
  values (v_mid, (select id from public.sri_technical_domains where methodology_version_id=v_mid and code='lighting'), (select id from public.sri_impact_criteria where methodology_version_id=v_mid and code='information_to_occupants'), 'non_residential', 'north_europe', 0.0) on conflict (methodology_version_id, domain_id, impact_criterion_id, building_type, climate_zone) do nothing;
  insert into public.sri_domain_impact_weights (methodology_version_id, domain_id, impact_criterion_id, building_type, climate_zone, weight)
  values (v_mid, (select id from public.sri_technical_domains where methodology_version_id=v_mid and code='electricity'), (select id from public.sri_impact_criteria where methodology_version_id=v_mid and code='energy_efficiency'), 'non_residential', 'north_europe', 0.0150901221) on conflict (methodology_version_id, domain_id, impact_criterion_id, building_type, climate_zone) do nothing;
  insert into public.sri_domain_impact_weights (methodology_version_id, domain_id, impact_criterion_id, building_type, climate_zone, weight)
  values (v_mid, (select id from public.sri_technical_domains where methodology_version_id=v_mid and code='electricity'), (select id from public.sri_impact_criteria where methodology_version_id=v_mid and code='energy_flexibility_and_storage'), 'non_residential', 'north_europe', 0.0237918704) on conflict (methodology_version_id, domain_id, impact_criterion_id, building_type, climate_zone) do nothing;
  insert into public.sri_domain_impact_weights (methodology_version_id, domain_id, impact_criterion_id, building_type, climate_zone, weight)
  values (v_mid, (select id from public.sri_technical_domains where methodology_version_id=v_mid and code='electricity'), (select id from public.sri_impact_criteria where methodology_version_id=v_mid and code='comfort'), 'non_residential', 'north_europe', 0.0) on conflict (methodology_version_id, domain_id, impact_criterion_id, building_type, climate_zone) do nothing;
  insert into public.sri_domain_impact_weights (methodology_version_id, domain_id, impact_criterion_id, building_type, climate_zone, weight)
  values (v_mid, (select id from public.sri_technical_domains where methodology_version_id=v_mid and code='electricity'), (select id from public.sri_impact_criteria where methodology_version_id=v_mid and code='convenience'), 'non_residential', 'north_europe', 0.1) on conflict (methodology_version_id, domain_id, impact_criterion_id, building_type, climate_zone) do nothing;
  insert into public.sri_domain_impact_weights (methodology_version_id, domain_id, impact_criterion_id, building_type, climate_zone, weight)
  values (v_mid, (select id from public.sri_technical_domains where methodology_version_id=v_mid and code='electricity'), (select id from public.sri_impact_criteria where methodology_version_id=v_mid and code='health_wellbeing_accessibility'), 'non_residential', 'north_europe', 0.0) on conflict (methodology_version_id, domain_id, impact_criterion_id, building_type, climate_zone) do nothing;
  insert into public.sri_domain_impact_weights (methodology_version_id, domain_id, impact_criterion_id, building_type, climate_zone, weight)
  values (v_mid, (select id from public.sri_technical_domains where methodology_version_id=v_mid and code='electricity'), (select id from public.sri_impact_criteria where methodology_version_id=v_mid and code='maintenance_and_fault_prediction'), 'non_residential', 'north_europe', 0.0168440057) on conflict (methodology_version_id, domain_id, impact_criterion_id, building_type, climate_zone) do nothing;
  insert into public.sri_domain_impact_weights (methodology_version_id, domain_id, impact_criterion_id, building_type, climate_zone, weight)
  values (v_mid, (select id from public.sri_technical_domains where methodology_version_id=v_mid and code='electricity'), (select id from public.sri_impact_criteria where methodology_version_id=v_mid and code='information_to_occupants'), 'non_residential', 'north_europe', 0.1142857143) on conflict (methodology_version_id, domain_id, impact_criterion_id, building_type, climate_zone) do nothing;
  insert into public.sri_domain_impact_weights (methodology_version_id, domain_id, impact_criterion_id, building_type, climate_zone, weight)
  values (v_mid, (select id from public.sri_technical_domains where methodology_version_id=v_mid and code='dynamic_building_envelope'), (select id from public.sri_impact_criteria where methodology_version_id=v_mid and code='energy_efficiency'), 'non_residential', 'north_europe', 0.05) on conflict (methodology_version_id, domain_id, impact_criterion_id, building_type, climate_zone) do nothing;
  insert into public.sri_domain_impact_weights (methodology_version_id, domain_id, impact_criterion_id, building_type, climate_zone, weight)
  values (v_mid, (select id from public.sri_technical_domains where methodology_version_id=v_mid and code='dynamic_building_envelope'), (select id from public.sri_impact_criteria where methodology_version_id=v_mid and code='energy_flexibility_and_storage'), 'non_residential', 'north_europe', 0.0) on conflict (methodology_version_id, domain_id, impact_criterion_id, building_type, climate_zone) do nothing;
  insert into public.sri_domain_impact_weights (methodology_version_id, domain_id, impact_criterion_id, building_type, climate_zone, weight)
  values (v_mid, (select id from public.sri_technical_domains where methodology_version_id=v_mid and code='dynamic_building_envelope'), (select id from public.sri_impact_criteria where methodology_version_id=v_mid and code='comfort'), 'non_residential', 'north_europe', 0.16) on conflict (methodology_version_id, domain_id, impact_criterion_id, building_type, climate_zone) do nothing;
  insert into public.sri_domain_impact_weights (methodology_version_id, domain_id, impact_criterion_id, building_type, climate_zone, weight)
  values (v_mid, (select id from public.sri_technical_domains where methodology_version_id=v_mid and code='dynamic_building_envelope'), (select id from public.sri_impact_criteria where methodology_version_id=v_mid and code='convenience'), 'non_residential', 'north_europe', 0.1) on conflict (methodology_version_id, domain_id, impact_criterion_id, building_type, climate_zone) do nothing;
  insert into public.sri_domain_impact_weights (methodology_version_id, domain_id, impact_criterion_id, building_type, climate_zone, weight)
  values (v_mid, (select id from public.sri_technical_domains where methodology_version_id=v_mid and code='dynamic_building_envelope'), (select id from public.sri_impact_criteria where methodology_version_id=v_mid and code='health_wellbeing_accessibility'), 'non_residential', 'north_europe', 0.16) on conflict (methodology_version_id, domain_id, impact_criterion_id, building_type, climate_zone) do nothing;
  insert into public.sri_domain_impact_weights (methodology_version_id, domain_id, impact_criterion_id, building_type, climate_zone, weight)
  values (v_mid, (select id from public.sri_technical_domains where methodology_version_id=v_mid and code='dynamic_building_envelope'), (select id from public.sri_impact_criteria where methodology_version_id=v_mid and code='maintenance_and_fault_prediction'), 'non_residential', 'north_europe', 0.05) on conflict (methodology_version_id, domain_id, impact_criterion_id, building_type, climate_zone) do nothing;
  insert into public.sri_domain_impact_weights (methodology_version_id, domain_id, impact_criterion_id, building_type, climate_zone, weight)
  values (v_mid, (select id from public.sri_technical_domains where methodology_version_id=v_mid and code='dynamic_building_envelope'), (select id from public.sri_impact_criteria where methodology_version_id=v_mid and code='information_to_occupants'), 'non_residential', 'north_europe', 0.1142857143) on conflict (methodology_version_id, domain_id, impact_criterion_id, building_type, climate_zone) do nothing;
  insert into public.sri_domain_impact_weights (methodology_version_id, domain_id, impact_criterion_id, building_type, climate_zone, weight)
  values (v_mid, (select id from public.sri_technical_domains where methodology_version_id=v_mid and code='electric_vehicle_charging'), (select id from public.sri_impact_criteria where methodology_version_id=v_mid and code='energy_efficiency'), 'non_residential', 'north_europe', 0.0) on conflict (methodology_version_id, domain_id, impact_criterion_id, building_type, climate_zone) do nothing;
  insert into public.sri_domain_impact_weights (methodology_version_id, domain_id, impact_criterion_id, building_type, climate_zone, weight)
  values (v_mid, (select id from public.sri_technical_domains where methodology_version_id=v_mid and code='electric_vehicle_charging'), (select id from public.sri_impact_criteria where methodology_version_id=v_mid and code='energy_flexibility_and_storage'), 'non_residential', 'north_europe', 0.05) on conflict (methodology_version_id, domain_id, impact_criterion_id, building_type, climate_zone) do nothing;
  insert into public.sri_domain_impact_weights (methodology_version_id, domain_id, impact_criterion_id, building_type, climate_zone, weight)
  values (v_mid, (select id from public.sri_technical_domains where methodology_version_id=v_mid and code='electric_vehicle_charging'), (select id from public.sri_impact_criteria where methodology_version_id=v_mid and code='comfort'), 'non_residential', 'north_europe', 0.0) on conflict (methodology_version_id, domain_id, impact_criterion_id, building_type, climate_zone) do nothing;
  insert into public.sri_domain_impact_weights (methodology_version_id, domain_id, impact_criterion_id, building_type, climate_zone, weight)
  values (v_mid, (select id from public.sri_technical_domains where methodology_version_id=v_mid and code='electric_vehicle_charging'), (select id from public.sri_impact_criteria where methodology_version_id=v_mid and code='convenience'), 'non_residential', 'north_europe', 0.1) on conflict (methodology_version_id, domain_id, impact_criterion_id, building_type, climate_zone) do nothing;
  insert into public.sri_domain_impact_weights (methodology_version_id, domain_id, impact_criterion_id, building_type, climate_zone, weight)
  values (v_mid, (select id from public.sri_technical_domains where methodology_version_id=v_mid and code='electric_vehicle_charging'), (select id from public.sri_impact_criteria where methodology_version_id=v_mid and code='health_wellbeing_accessibility'), 'non_residential', 'north_europe', 0.0) on conflict (methodology_version_id, domain_id, impact_criterion_id, building_type, climate_zone) do nothing;
  insert into public.sri_domain_impact_weights (methodology_version_id, domain_id, impact_criterion_id, building_type, climate_zone, weight)
  values (v_mid, (select id from public.sri_technical_domains where methodology_version_id=v_mid and code='electric_vehicle_charging'), (select id from public.sri_impact_criteria where methodology_version_id=v_mid and code='maintenance_and_fault_prediction'), 'non_residential', 'north_europe', 0.0) on conflict (methodology_version_id, domain_id, impact_criterion_id, building_type, climate_zone) do nothing;
  insert into public.sri_domain_impact_weights (methodology_version_id, domain_id, impact_criterion_id, building_type, climate_zone, weight)
  values (v_mid, (select id from public.sri_technical_domains where methodology_version_id=v_mid and code='electric_vehicle_charging'), (select id from public.sri_impact_criteria where methodology_version_id=v_mid and code='information_to_occupants'), 'non_residential', 'north_europe', 0.1142857143) on conflict (methodology_version_id, domain_id, impact_criterion_id, building_type, climate_zone) do nothing;
  insert into public.sri_domain_impact_weights (methodology_version_id, domain_id, impact_criterion_id, building_type, climate_zone, weight)
  values (v_mid, (select id from public.sri_technical_domains where methodology_version_id=v_mid and code='monitoring_and_control'), (select id from public.sri_impact_criteria where methodology_version_id=v_mid and code='energy_efficiency'), 'non_residential', 'north_europe', 0.2) on conflict (methodology_version_id, domain_id, impact_criterion_id, building_type, climate_zone) do nothing;
  insert into public.sri_domain_impact_weights (methodology_version_id, domain_id, impact_criterion_id, building_type, climate_zone, weight)
  values (v_mid, (select id from public.sri_technical_domains where methodology_version_id=v_mid and code='monitoring_and_control'), (select id from public.sri_impact_criteria where methodology_version_id=v_mid and code='energy_flexibility_and_storage'), 'non_residential', 'north_europe', 0.2) on conflict (methodology_version_id, domain_id, impact_criterion_id, building_type, climate_zone) do nothing;
  insert into public.sri_domain_impact_weights (methodology_version_id, domain_id, impact_criterion_id, building_type, climate_zone, weight)
  values (v_mid, (select id from public.sri_technical_domains where methodology_version_id=v_mid and code='monitoring_and_control'), (select id from public.sri_impact_criteria where methodology_version_id=v_mid and code='comfort'), 'non_residential', 'north_europe', 0.2) on conflict (methodology_version_id, domain_id, impact_criterion_id, building_type, climate_zone) do nothing;
  insert into public.sri_domain_impact_weights (methodology_version_id, domain_id, impact_criterion_id, building_type, climate_zone, weight)
  values (v_mid, (select id from public.sri_technical_domains where methodology_version_id=v_mid and code='monitoring_and_control'), (select id from public.sri_impact_criteria where methodology_version_id=v_mid and code='convenience'), 'non_residential', 'north_europe', 0.2) on conflict (methodology_version_id, domain_id, impact_criterion_id, building_type, climate_zone) do nothing;
  insert into public.sri_domain_impact_weights (methodology_version_id, domain_id, impact_criterion_id, building_type, climate_zone, weight)
  values (v_mid, (select id from public.sri_technical_domains where methodology_version_id=v_mid and code='monitoring_and_control'), (select id from public.sri_impact_criteria where methodology_version_id=v_mid and code='health_wellbeing_accessibility'), 'non_residential', 'north_europe', 0.2) on conflict (methodology_version_id, domain_id, impact_criterion_id, building_type, climate_zone) do nothing;
  insert into public.sri_domain_impact_weights (methodology_version_id, domain_id, impact_criterion_id, building_type, climate_zone, weight)
  values (v_mid, (select id from public.sri_technical_domains where methodology_version_id=v_mid and code='monitoring_and_control'), (select id from public.sri_impact_criteria where methodology_version_id=v_mid and code='maintenance_and_fault_prediction'), 'non_residential', 'north_europe', 0.2) on conflict (methodology_version_id, domain_id, impact_criterion_id, building_type, climate_zone) do nothing;
  insert into public.sri_domain_impact_weights (methodology_version_id, domain_id, impact_criterion_id, building_type, climate_zone, weight)
  values (v_mid, (select id from public.sri_technical_domains where methodology_version_id=v_mid and code='monitoring_and_control'), (select id from public.sri_impact_criteria where methodology_version_id=v_mid and code='information_to_occupants'), 'non_residential', 'north_europe', 0.2) on conflict (methodology_version_id, domain_id, impact_criterion_id, building_type, climate_zone) do nothing;
  insert into public.sri_domain_impact_weights (methodology_version_id, domain_id, impact_criterion_id, building_type, climate_zone, weight)
  values (v_mid, (select id from public.sri_technical_domains where methodology_version_id=v_mid and code='heating'), (select id from public.sri_impact_criteria where methodology_version_id=v_mid and code='energy_efficiency'), 'non_residential', 'west_europe', 0.2727808723) on conflict (methodology_version_id, domain_id, impact_criterion_id, building_type, climate_zone) do nothing;
  insert into public.sri_domain_impact_weights (methodology_version_id, domain_id, impact_criterion_id, building_type, climate_zone, weight)
  values (v_mid, (select id from public.sri_technical_domains where methodology_version_id=v_mid and code='heating'), (select id from public.sri_impact_criteria where methodology_version_id=v_mid and code='energy_flexibility_and_storage'), 'non_residential', 'west_europe', 0.4066222315) on conflict (methodology_version_id, domain_id, impact_criterion_id, building_type, climate_zone) do nothing;
  insert into public.sri_domain_impact_weights (methodology_version_id, domain_id, impact_criterion_id, building_type, climate_zone, weight)
  values (v_mid, (select id from public.sri_technical_domains where methodology_version_id=v_mid and code='heating'), (select id from public.sri_impact_criteria where methodology_version_id=v_mid and code='comfort'), 'non_residential', 'west_europe', 0.16) on conflict (methodology_version_id, domain_id, impact_criterion_id, building_type, climate_zone) do nothing;
  insert into public.sri_domain_impact_weights (methodology_version_id, domain_id, impact_criterion_id, building_type, climate_zone, weight)
  values (v_mid, (select id from public.sri_technical_domains where methodology_version_id=v_mid and code='heating'), (select id from public.sri_impact_criteria where methodology_version_id=v_mid and code='convenience'), 'non_residential', 'west_europe', 0.1) on conflict (methodology_version_id, domain_id, impact_criterion_id, building_type, climate_zone) do nothing;
  insert into public.sri_domain_impact_weights (methodology_version_id, domain_id, impact_criterion_id, building_type, climate_zone, weight)
  values (v_mid, (select id from public.sri_technical_domains where methodology_version_id=v_mid and code='heating'), (select id from public.sri_impact_criteria where methodology_version_id=v_mid and code='health_wellbeing_accessibility'), 'non_residential', 'west_europe', 0.16) on conflict (methodology_version_id, domain_id, impact_criterion_id, building_type, climate_zone) do nothing;
  insert into public.sri_domain_impact_weights (methodology_version_id, domain_id, impact_criterion_id, building_type, climate_zone, weight)
  values (v_mid, (select id from public.sri_technical_domains where methodology_version_id=v_mid and code='heating'), (select id from public.sri_impact_criteria where methodology_version_id=v_mid and code='maintenance_and_fault_prediction'), 'non_residential', 'west_europe', 0.3165877765) on conflict (methodology_version_id, domain_id, impact_criterion_id, building_type, climate_zone) do nothing;
  insert into public.sri_domain_impact_weights (methodology_version_id, domain_id, impact_criterion_id, building_type, climate_zone, weight)
  values (v_mid, (select id from public.sri_technical_domains where methodology_version_id=v_mid and code='heating'), (select id from public.sri_impact_criteria where methodology_version_id=v_mid and code='information_to_occupants'), 'non_residential', 'west_europe', 0.1142857143) on conflict (methodology_version_id, domain_id, impact_criterion_id, building_type, climate_zone) do nothing;
  insert into public.sri_domain_impact_weights (methodology_version_id, domain_id, impact_criterion_id, building_type, climate_zone, weight)
  values (v_mid, (select id from public.sri_technical_domains where methodology_version_id=v_mid and code='domestic_hot_water'), (select id from public.sri_impact_criteria where methodology_version_id=v_mid and code='energy_efficiency'), 'non_residential', 'west_europe', 0.0825849794) on conflict (methodology_version_id, domain_id, impact_criterion_id, building_type, climate_zone) do nothing;
  insert into public.sri_domain_impact_weights (methodology_version_id, domain_id, impact_criterion_id, building_type, climate_zone, weight)
  values (v_mid, (select id from public.sri_technical_domains where methodology_version_id=v_mid and code='domestic_hot_water'), (select id from public.sri_impact_criteria where methodology_version_id=v_mid and code='energy_flexibility_and_storage'), 'non_residential', 'west_europe', 0.1231057307) on conflict (methodology_version_id, domain_id, impact_criterion_id, building_type, climate_zone) do nothing;
  insert into public.sri_domain_impact_weights (methodology_version_id, domain_id, impact_criterion_id, building_type, climate_zone, weight)
  values (v_mid, (select id from public.sri_technical_domains where methodology_version_id=v_mid and code='domestic_hot_water'), (select id from public.sri_impact_criteria where methodology_version_id=v_mid and code='comfort'), 'non_residential', 'west_europe', 0.0) on conflict (methodology_version_id, domain_id, impact_criterion_id, building_type, climate_zone) do nothing;
  insert into public.sri_domain_impact_weights (methodology_version_id, domain_id, impact_criterion_id, building_type, climate_zone, weight)
  values (v_mid, (select id from public.sri_technical_domains where methodology_version_id=v_mid and code='domestic_hot_water'), (select id from public.sri_impact_criteria where methodology_version_id=v_mid and code='convenience'), 'non_residential', 'west_europe', 0.1) on conflict (methodology_version_id, domain_id, impact_criterion_id, building_type, climate_zone) do nothing;
  insert into public.sri_domain_impact_weights (methodology_version_id, domain_id, impact_criterion_id, building_type, climate_zone, weight)
  values (v_mid, (select id from public.sri_technical_domains where methodology_version_id=v_mid and code='domestic_hot_water'), (select id from public.sri_impact_criteria where methodology_version_id=v_mid and code='health_wellbeing_accessibility'), 'non_residential', 'west_europe', 0.0) on conflict (methodology_version_id, domain_id, impact_criterion_id, building_type, climate_zone) do nothing;
  insert into public.sri_domain_impact_weights (methodology_version_id, domain_id, impact_criterion_id, building_type, climate_zone, weight)
  values (v_mid, (select id from public.sri_technical_domains where methodology_version_id=v_mid and code='domestic_hot_water'), (select id from public.sri_impact_criteria where methodology_version_id=v_mid and code='maintenance_and_fault_prediction'), 'non_residential', 'west_europe', 0.0958476112) on conflict (methodology_version_id, domain_id, impact_criterion_id, building_type, climate_zone) do nothing;
  insert into public.sri_domain_impact_weights (methodology_version_id, domain_id, impact_criterion_id, building_type, climate_zone, weight)
  values (v_mid, (select id from public.sri_technical_domains where methodology_version_id=v_mid and code='domestic_hot_water'), (select id from public.sri_impact_criteria where methodology_version_id=v_mid and code='information_to_occupants'), 'non_residential', 'west_europe', 0.1142857143) on conflict (methodology_version_id, domain_id, impact_criterion_id, building_type, climate_zone) do nothing;
  insert into public.sri_domain_impact_weights (methodology_version_id, domain_id, impact_criterion_id, building_type, climate_zone, weight)
  values (v_mid, (select id from public.sri_technical_domains where methodology_version_id=v_mid and code='cooling'), (select id from public.sri_impact_criteria where methodology_version_id=v_mid and code='energy_efficiency'), 'non_residential', 'west_europe', 0.1267015258) on conflict (methodology_version_id, domain_id, impact_criterion_id, building_type, climate_zone) do nothing;
  insert into public.sri_domain_impact_weights (methodology_version_id, domain_id, impact_criterion_id, building_type, climate_zone, weight)
  values (v_mid, (select id from public.sri_technical_domains where methodology_version_id=v_mid and code='cooling'), (select id from public.sri_impact_criteria where methodology_version_id=v_mid and code='energy_flexibility_and_storage'), 'non_residential', 'west_europe', 0.1888682909) on conflict (methodology_version_id, domain_id, impact_criterion_id, building_type, climate_zone) do nothing;
  insert into public.sri_domain_impact_weights (methodology_version_id, domain_id, impact_criterion_id, building_type, climate_zone, weight)
  values (v_mid, (select id from public.sri_technical_domains where methodology_version_id=v_mid and code='cooling'), (select id from public.sri_impact_criteria where methodology_version_id=v_mid and code='comfort'), 'non_residential', 'west_europe', 0.16) on conflict (methodology_version_id, domain_id, impact_criterion_id, building_type, climate_zone) do nothing;
  insert into public.sri_domain_impact_weights (methodology_version_id, domain_id, impact_criterion_id, building_type, climate_zone, weight)
  values (v_mid, (select id from public.sri_technical_domains where methodology_version_id=v_mid and code='cooling'), (select id from public.sri_impact_criteria where methodology_version_id=v_mid and code='convenience'), 'non_residential', 'west_europe', 0.1) on conflict (methodology_version_id, domain_id, impact_criterion_id, building_type, climate_zone) do nothing;
  insert into public.sri_domain_impact_weights (methodology_version_id, domain_id, impact_criterion_id, building_type, climate_zone, weight)
  values (v_mid, (select id from public.sri_technical_domains where methodology_version_id=v_mid and code='cooling'), (select id from public.sri_impact_criteria where methodology_version_id=v_mid and code='health_wellbeing_accessibility'), 'non_residential', 'west_europe', 0.16) on conflict (methodology_version_id, domain_id, impact_criterion_id, building_type, climate_zone) do nothing;
  insert into public.sri_domain_impact_weights (methodology_version_id, domain_id, impact_criterion_id, building_type, climate_zone, weight)
  values (v_mid, (select id from public.sri_technical_domains where methodology_version_id=v_mid and code='cooling'), (select id from public.sri_impact_criteria where methodology_version_id=v_mid and code='maintenance_and_fault_prediction'), 'non_residential', 'west_europe', 0.1470489994) on conflict (methodology_version_id, domain_id, impact_criterion_id, building_type, climate_zone) do nothing;
  insert into public.sri_domain_impact_weights (methodology_version_id, domain_id, impact_criterion_id, building_type, climate_zone, weight)
  values (v_mid, (select id from public.sri_technical_domains where methodology_version_id=v_mid and code='cooling'), (select id from public.sri_impact_criteria where methodology_version_id=v_mid and code='information_to_occupants'), 'non_residential', 'west_europe', 0.1142857143) on conflict (methodology_version_id, domain_id, impact_criterion_id, building_type, climate_zone) do nothing;
  insert into public.sri_domain_impact_weights (methodology_version_id, domain_id, impact_criterion_id, building_type, climate_zone, weight)
  values (v_mid, (select id from public.sri_technical_domains where methodology_version_id=v_mid and code='ventilation'), (select id from public.sri_impact_criteria where methodology_version_id=v_mid and code='energy_efficiency'), 'non_residential', 'west_europe', 0.1430864983) on conflict (methodology_version_id, domain_id, impact_criterion_id, building_type, climate_zone) do nothing;
  insert into public.sri_domain_impact_weights (methodology_version_id, domain_id, impact_criterion_id, building_type, climate_zone, weight)
  values (v_mid, (select id from public.sri_technical_domains where methodology_version_id=v_mid and code='ventilation'), (select id from public.sri_impact_criteria where methodology_version_id=v_mid and code='energy_flexibility_and_storage'), 'non_residential', 'west_europe', 0.0) on conflict (methodology_version_id, domain_id, impact_criterion_id, building_type, climate_zone) do nothing;
  insert into public.sri_domain_impact_weights (methodology_version_id, domain_id, impact_criterion_id, building_type, climate_zone, weight)
  values (v_mid, (select id from public.sri_technical_domains where methodology_version_id=v_mid and code='ventilation'), (select id from public.sri_impact_criteria where methodology_version_id=v_mid and code='comfort'), 'non_residential', 'west_europe', 0.16) on conflict (methodology_version_id, domain_id, impact_criterion_id, building_type, climate_zone) do nothing;
  insert into public.sri_domain_impact_weights (methodology_version_id, domain_id, impact_criterion_id, building_type, climate_zone, weight)
  values (v_mid, (select id from public.sri_technical_domains where methodology_version_id=v_mid and code='ventilation'), (select id from public.sri_impact_criteria where methodology_version_id=v_mid and code='convenience'), 'non_residential', 'west_europe', 0.1) on conflict (methodology_version_id, domain_id, impact_criterion_id, building_type, climate_zone) do nothing;
  insert into public.sri_domain_impact_weights (methodology_version_id, domain_id, impact_criterion_id, building_type, climate_zone, weight)
  values (v_mid, (select id from public.sri_technical_domains where methodology_version_id=v_mid and code='ventilation'), (select id from public.sri_impact_criteria where methodology_version_id=v_mid and code='health_wellbeing_accessibility'), 'non_residential', 'west_europe', 0.16) on conflict (methodology_version_id, domain_id, impact_criterion_id, building_type, climate_zone) do nothing;
  insert into public.sri_domain_impact_weights (methodology_version_id, domain_id, impact_criterion_id, building_type, climate_zone, weight)
  values (v_mid, (select id from public.sri_technical_domains where methodology_version_id=v_mid and code='ventilation'), (select id from public.sri_impact_criteria where methodology_version_id=v_mid and code='maintenance_and_fault_prediction'), 'non_residential', 'west_europe', 0.1660652961) on conflict (methodology_version_id, domain_id, impact_criterion_id, building_type, climate_zone) do nothing;
  insert into public.sri_domain_impact_weights (methodology_version_id, domain_id, impact_criterion_id, building_type, climate_zone, weight)
  values (v_mid, (select id from public.sri_technical_domains where methodology_version_id=v_mid and code='ventilation'), (select id from public.sri_impact_criteria where methodology_version_id=v_mid and code='information_to_occupants'), 'non_residential', 'west_europe', 0.1142857143) on conflict (methodology_version_id, domain_id, impact_criterion_id, building_type, climate_zone) do nothing;
  insert into public.sri_domain_impact_weights (methodology_version_id, domain_id, impact_criterion_id, building_type, climate_zone, weight)
  values (v_mid, (select id from public.sri_technical_domains where methodology_version_id=v_mid and code='lighting'), (select id from public.sri_impact_criteria where methodology_version_id=v_mid and code='energy_efficiency'), 'non_residential', 'west_europe', 0.1037790482) on conflict (methodology_version_id, domain_id, impact_criterion_id, building_type, climate_zone) do nothing;
  insert into public.sri_domain_impact_weights (methodology_version_id, domain_id, impact_criterion_id, building_type, climate_zone, weight)
  values (v_mid, (select id from public.sri_technical_domains where methodology_version_id=v_mid and code='lighting'), (select id from public.sri_impact_criteria where methodology_version_id=v_mid and code='energy_flexibility_and_storage'), 'non_residential', 'west_europe', 0.0) on conflict (methodology_version_id, domain_id, impact_criterion_id, building_type, climate_zone) do nothing;
  insert into public.sri_domain_impact_weights (methodology_version_id, domain_id, impact_criterion_id, building_type, climate_zone, weight)
  values (v_mid, (select id from public.sri_technical_domains where methodology_version_id=v_mid and code='lighting'), (select id from public.sri_impact_criteria where methodology_version_id=v_mid and code='comfort'), 'non_residential', 'west_europe', 0.16) on conflict (methodology_version_id, domain_id, impact_criterion_id, building_type, climate_zone) do nothing;
  insert into public.sri_domain_impact_weights (methodology_version_id, domain_id, impact_criterion_id, building_type, climate_zone, weight)
  values (v_mid, (select id from public.sri_technical_domains where methodology_version_id=v_mid and code='lighting'), (select id from public.sri_impact_criteria where methodology_version_id=v_mid and code='convenience'), 'non_residential', 'west_europe', 0.1) on conflict (methodology_version_id, domain_id, impact_criterion_id, building_type, climate_zone) do nothing;
  insert into public.sri_domain_impact_weights (methodology_version_id, domain_id, impact_criterion_id, building_type, climate_zone, weight)
  values (v_mid, (select id from public.sri_technical_domains where methodology_version_id=v_mid and code='lighting'), (select id from public.sri_impact_criteria where methodology_version_id=v_mid and code='health_wellbeing_accessibility'), 'non_residential', 'west_europe', 0.16) on conflict (methodology_version_id, domain_id, impact_criterion_id, building_type, climate_zone) do nothing;
  insert into public.sri_domain_impact_weights (methodology_version_id, domain_id, impact_criterion_id, building_type, climate_zone, weight)
  values (v_mid, (select id from public.sri_technical_domains where methodology_version_id=v_mid and code='lighting'), (select id from public.sri_impact_criteria where methodology_version_id=v_mid and code='maintenance_and_fault_prediction'), 'non_residential', 'west_europe', 0.0) on conflict (methodology_version_id, domain_id, impact_criterion_id, building_type, climate_zone) do nothing;
  insert into public.sri_domain_impact_weights (methodology_version_id, domain_id, impact_criterion_id, building_type, climate_zone, weight)
  values (v_mid, (select id from public.sri_technical_domains where methodology_version_id=v_mid and code='lighting'), (select id from public.sri_impact_criteria where methodology_version_id=v_mid and code='information_to_occupants'), 'non_residential', 'west_europe', 0.0) on conflict (methodology_version_id, domain_id, impact_criterion_id, building_type, climate_zone) do nothing;
  insert into public.sri_domain_impact_weights (methodology_version_id, domain_id, impact_criterion_id, building_type, climate_zone, weight)
  values (v_mid, (select id from public.sri_technical_domains where methodology_version_id=v_mid and code='electricity'), (select id from public.sri_impact_criteria where methodology_version_id=v_mid and code='energy_efficiency'), 'non_residential', 'west_europe', 0.021067076) on conflict (methodology_version_id, domain_id, impact_criterion_id, building_type, climate_zone) do nothing;
  insert into public.sri_domain_impact_weights (methodology_version_id, domain_id, impact_criterion_id, building_type, climate_zone, weight)
  values (v_mid, (select id from public.sri_technical_domains where methodology_version_id=v_mid and code='electricity'), (select id from public.sri_impact_criteria where methodology_version_id=v_mid and code='energy_flexibility_and_storage'), 'non_residential', 'west_europe', 0.0314037469) on conflict (methodology_version_id, domain_id, impact_criterion_id, building_type, climate_zone) do nothing;
  insert into public.sri_domain_impact_weights (methodology_version_id, domain_id, impact_criterion_id, building_type, climate_zone, weight)
  values (v_mid, (select id from public.sri_technical_domains where methodology_version_id=v_mid and code='electricity'), (select id from public.sri_impact_criteria where methodology_version_id=v_mid and code='comfort'), 'non_residential', 'west_europe', 0.0) on conflict (methodology_version_id, domain_id, impact_criterion_id, building_type, climate_zone) do nothing;
  insert into public.sri_domain_impact_weights (methodology_version_id, domain_id, impact_criterion_id, building_type, climate_zone, weight)
  values (v_mid, (select id from public.sri_technical_domains where methodology_version_id=v_mid and code='electricity'), (select id from public.sri_impact_criteria where methodology_version_id=v_mid and code='convenience'), 'non_residential', 'west_europe', 0.1) on conflict (methodology_version_id, domain_id, impact_criterion_id, building_type, climate_zone) do nothing;
  insert into public.sri_domain_impact_weights (methodology_version_id, domain_id, impact_criterion_id, building_type, climate_zone, weight)
  values (v_mid, (select id from public.sri_technical_domains where methodology_version_id=v_mid and code='electricity'), (select id from public.sri_impact_criteria where methodology_version_id=v_mid and code='health_wellbeing_accessibility'), 'non_residential', 'west_europe', 0.0) on conflict (methodology_version_id, domain_id, impact_criterion_id, building_type, climate_zone) do nothing;
  insert into public.sri_domain_impact_weights (methodology_version_id, domain_id, impact_criterion_id, building_type, climate_zone, weight)
  values (v_mid, (select id from public.sri_technical_domains where methodology_version_id=v_mid and code='electricity'), (select id from public.sri_impact_criteria where methodology_version_id=v_mid and code='maintenance_and_fault_prediction'), 'non_residential', 'west_europe', 0.0244503168) on conflict (methodology_version_id, domain_id, impact_criterion_id, building_type, climate_zone) do nothing;
  insert into public.sri_domain_impact_weights (methodology_version_id, domain_id, impact_criterion_id, building_type, climate_zone, weight)
  values (v_mid, (select id from public.sri_technical_domains where methodology_version_id=v_mid and code='electricity'), (select id from public.sri_impact_criteria where methodology_version_id=v_mid and code='information_to_occupants'), 'non_residential', 'west_europe', 0.1142857143) on conflict (methodology_version_id, domain_id, impact_criterion_id, building_type, climate_zone) do nothing;
  insert into public.sri_domain_impact_weights (methodology_version_id, domain_id, impact_criterion_id, building_type, climate_zone, weight)
  values (v_mid, (select id from public.sri_technical_domains where methodology_version_id=v_mid and code='dynamic_building_envelope'), (select id from public.sri_impact_criteria where methodology_version_id=v_mid and code='energy_efficiency'), 'non_residential', 'west_europe', 0.05) on conflict (methodology_version_id, domain_id, impact_criterion_id, building_type, climate_zone) do nothing;
  insert into public.sri_domain_impact_weights (methodology_version_id, domain_id, impact_criterion_id, building_type, climate_zone, weight)
  values (v_mid, (select id from public.sri_technical_domains where methodology_version_id=v_mid and code='dynamic_building_envelope'), (select id from public.sri_impact_criteria where methodology_version_id=v_mid and code='energy_flexibility_and_storage'), 'non_residential', 'west_europe', 0.0) on conflict (methodology_version_id, domain_id, impact_criterion_id, building_type, climate_zone) do nothing;
  insert into public.sri_domain_impact_weights (methodology_version_id, domain_id, impact_criterion_id, building_type, climate_zone, weight)
  values (v_mid, (select id from public.sri_technical_domains where methodology_version_id=v_mid and code='dynamic_building_envelope'), (select id from public.sri_impact_criteria where methodology_version_id=v_mid and code='comfort'), 'non_residential', 'west_europe', 0.16) on conflict (methodology_version_id, domain_id, impact_criterion_id, building_type, climate_zone) do nothing;
  insert into public.sri_domain_impact_weights (methodology_version_id, domain_id, impact_criterion_id, building_type, climate_zone, weight)
  values (v_mid, (select id from public.sri_technical_domains where methodology_version_id=v_mid and code='dynamic_building_envelope'), (select id from public.sri_impact_criteria where methodology_version_id=v_mid and code='convenience'), 'non_residential', 'west_europe', 0.1) on conflict (methodology_version_id, domain_id, impact_criterion_id, building_type, climate_zone) do nothing;
  insert into public.sri_domain_impact_weights (methodology_version_id, domain_id, impact_criterion_id, building_type, climate_zone, weight)
  values (v_mid, (select id from public.sri_technical_domains where methodology_version_id=v_mid and code='dynamic_building_envelope'), (select id from public.sri_impact_criteria where methodology_version_id=v_mid and code='health_wellbeing_accessibility'), 'non_residential', 'west_europe', 0.16) on conflict (methodology_version_id, domain_id, impact_criterion_id, building_type, climate_zone) do nothing;
  insert into public.sri_domain_impact_weights (methodology_version_id, domain_id, impact_criterion_id, building_type, climate_zone, weight)
  values (v_mid, (select id from public.sri_technical_domains where methodology_version_id=v_mid and code='dynamic_building_envelope'), (select id from public.sri_impact_criteria where methodology_version_id=v_mid and code='maintenance_and_fault_prediction'), 'non_residential', 'west_europe', 0.05) on conflict (methodology_version_id, domain_id, impact_criterion_id, building_type, climate_zone) do nothing;
  insert into public.sri_domain_impact_weights (methodology_version_id, domain_id, impact_criterion_id, building_type, climate_zone, weight)
  values (v_mid, (select id from public.sri_technical_domains where methodology_version_id=v_mid and code='dynamic_building_envelope'), (select id from public.sri_impact_criteria where methodology_version_id=v_mid and code='information_to_occupants'), 'non_residential', 'west_europe', 0.1142857143) on conflict (methodology_version_id, domain_id, impact_criterion_id, building_type, climate_zone) do nothing;
  insert into public.sri_domain_impact_weights (methodology_version_id, domain_id, impact_criterion_id, building_type, climate_zone, weight)
  values (v_mid, (select id from public.sri_technical_domains where methodology_version_id=v_mid and code='electric_vehicle_charging'), (select id from public.sri_impact_criteria where methodology_version_id=v_mid and code='energy_efficiency'), 'non_residential', 'west_europe', 0.0) on conflict (methodology_version_id, domain_id, impact_criterion_id, building_type, climate_zone) do nothing;
  insert into public.sri_domain_impact_weights (methodology_version_id, domain_id, impact_criterion_id, building_type, climate_zone, weight)
  values (v_mid, (select id from public.sri_technical_domains where methodology_version_id=v_mid and code='electric_vehicle_charging'), (select id from public.sri_impact_criteria where methodology_version_id=v_mid and code='energy_flexibility_and_storage'), 'non_residential', 'west_europe', 0.05) on conflict (methodology_version_id, domain_id, impact_criterion_id, building_type, climate_zone) do nothing;
  insert into public.sri_domain_impact_weights (methodology_version_id, domain_id, impact_criterion_id, building_type, climate_zone, weight)
  values (v_mid, (select id from public.sri_technical_domains where methodology_version_id=v_mid and code='electric_vehicle_charging'), (select id from public.sri_impact_criteria where methodology_version_id=v_mid and code='comfort'), 'non_residential', 'west_europe', 0.0) on conflict (methodology_version_id, domain_id, impact_criterion_id, building_type, climate_zone) do nothing;
  insert into public.sri_domain_impact_weights (methodology_version_id, domain_id, impact_criterion_id, building_type, climate_zone, weight)
  values (v_mid, (select id from public.sri_technical_domains where methodology_version_id=v_mid and code='electric_vehicle_charging'), (select id from public.sri_impact_criteria where methodology_version_id=v_mid and code='convenience'), 'non_residential', 'west_europe', 0.1) on conflict (methodology_version_id, domain_id, impact_criterion_id, building_type, climate_zone) do nothing;
  insert into public.sri_domain_impact_weights (methodology_version_id, domain_id, impact_criterion_id, building_type, climate_zone, weight)
  values (v_mid, (select id from public.sri_technical_domains where methodology_version_id=v_mid and code='electric_vehicle_charging'), (select id from public.sri_impact_criteria where methodology_version_id=v_mid and code='health_wellbeing_accessibility'), 'non_residential', 'west_europe', 0.0) on conflict (methodology_version_id, domain_id, impact_criterion_id, building_type, climate_zone) do nothing;
  insert into public.sri_domain_impact_weights (methodology_version_id, domain_id, impact_criterion_id, building_type, climate_zone, weight)
  values (v_mid, (select id from public.sri_technical_domains where methodology_version_id=v_mid and code='electric_vehicle_charging'), (select id from public.sri_impact_criteria where methodology_version_id=v_mid and code='maintenance_and_fault_prediction'), 'non_residential', 'west_europe', 0.0) on conflict (methodology_version_id, domain_id, impact_criterion_id, building_type, climate_zone) do nothing;
  insert into public.sri_domain_impact_weights (methodology_version_id, domain_id, impact_criterion_id, building_type, climate_zone, weight)
  values (v_mid, (select id from public.sri_technical_domains where methodology_version_id=v_mid and code='electric_vehicle_charging'), (select id from public.sri_impact_criteria where methodology_version_id=v_mid and code='information_to_occupants'), 'non_residential', 'west_europe', 0.1142857143) on conflict (methodology_version_id, domain_id, impact_criterion_id, building_type, climate_zone) do nothing;
  insert into public.sri_domain_impact_weights (methodology_version_id, domain_id, impact_criterion_id, building_type, climate_zone, weight)
  values (v_mid, (select id from public.sri_technical_domains where methodology_version_id=v_mid and code='monitoring_and_control'), (select id from public.sri_impact_criteria where methodology_version_id=v_mid and code='energy_efficiency'), 'non_residential', 'west_europe', 0.2) on conflict (methodology_version_id, domain_id, impact_criterion_id, building_type, climate_zone) do nothing;
  insert into public.sri_domain_impact_weights (methodology_version_id, domain_id, impact_criterion_id, building_type, climate_zone, weight)
  values (v_mid, (select id from public.sri_technical_domains where methodology_version_id=v_mid and code='monitoring_and_control'), (select id from public.sri_impact_criteria where methodology_version_id=v_mid and code='energy_flexibility_and_storage'), 'non_residential', 'west_europe', 0.2) on conflict (methodology_version_id, domain_id, impact_criterion_id, building_type, climate_zone) do nothing;
  insert into public.sri_domain_impact_weights (methodology_version_id, domain_id, impact_criterion_id, building_type, climate_zone, weight)
  values (v_mid, (select id from public.sri_technical_domains where methodology_version_id=v_mid and code='monitoring_and_control'), (select id from public.sri_impact_criteria where methodology_version_id=v_mid and code='comfort'), 'non_residential', 'west_europe', 0.2) on conflict (methodology_version_id, domain_id, impact_criterion_id, building_type, climate_zone) do nothing;
  insert into public.sri_domain_impact_weights (methodology_version_id, domain_id, impact_criterion_id, building_type, climate_zone, weight)
  values (v_mid, (select id from public.sri_technical_domains where methodology_version_id=v_mid and code='monitoring_and_control'), (select id from public.sri_impact_criteria where methodology_version_id=v_mid and code='convenience'), 'non_residential', 'west_europe', 0.2) on conflict (methodology_version_id, domain_id, impact_criterion_id, building_type, climate_zone) do nothing;
  insert into public.sri_domain_impact_weights (methodology_version_id, domain_id, impact_criterion_id, building_type, climate_zone, weight)
  values (v_mid, (select id from public.sri_technical_domains where methodology_version_id=v_mid and code='monitoring_and_control'), (select id from public.sri_impact_criteria where methodology_version_id=v_mid and code='health_wellbeing_accessibility'), 'non_residential', 'west_europe', 0.2) on conflict (methodology_version_id, domain_id, impact_criterion_id, building_type, climate_zone) do nothing;
  insert into public.sri_domain_impact_weights (methodology_version_id, domain_id, impact_criterion_id, building_type, climate_zone, weight)
  values (v_mid, (select id from public.sri_technical_domains where methodology_version_id=v_mid and code='monitoring_and_control'), (select id from public.sri_impact_criteria where methodology_version_id=v_mid and code='maintenance_and_fault_prediction'), 'non_residential', 'west_europe', 0.2) on conflict (methodology_version_id, domain_id, impact_criterion_id, building_type, climate_zone) do nothing;
  insert into public.sri_domain_impact_weights (methodology_version_id, domain_id, impact_criterion_id, building_type, climate_zone, weight)
  values (v_mid, (select id from public.sri_technical_domains where methodology_version_id=v_mid and code='monitoring_and_control'), (select id from public.sri_impact_criteria where methodology_version_id=v_mid and code='information_to_occupants'), 'non_residential', 'west_europe', 0.2) on conflict (methodology_version_id, domain_id, impact_criterion_id, building_type, climate_zone) do nothing;
  insert into public.sri_domain_impact_weights (methodology_version_id, domain_id, impact_criterion_id, building_type, climate_zone, weight)
  values (v_mid, (select id from public.sri_technical_domains where methodology_version_id=v_mid and code='heating'), (select id from public.sri_impact_criteria where methodology_version_id=v_mid and code='energy_efficiency'), 'non_residential', 'south_europe', 0.3019774217) on conflict (methodology_version_id, domain_id, impact_criterion_id, building_type, climate_zone) do nothing;
  insert into public.sri_domain_impact_weights (methodology_version_id, domain_id, impact_criterion_id, building_type, climate_zone, weight)
  values (v_mid, (select id from public.sri_technical_domains where methodology_version_id=v_mid and code='heating'), (select id from public.sri_impact_criteria where methodology_version_id=v_mid and code='energy_flexibility_and_storage'), 'non_residential', 'south_europe', 0.4174601862) on conflict (methodology_version_id, domain_id, impact_criterion_id, building_type, climate_zone) do nothing;
  insert into public.sri_domain_impact_weights (methodology_version_id, domain_id, impact_criterion_id, building_type, climate_zone, weight)
  values (v_mid, (select id from public.sri_technical_domains where methodology_version_id=v_mid and code='heating'), (select id from public.sri_impact_criteria where methodology_version_id=v_mid and code='comfort'), 'non_residential', 'south_europe', 0.16) on conflict (methodology_version_id, domain_id, impact_criterion_id, building_type, climate_zone) do nothing;
  insert into public.sri_domain_impact_weights (methodology_version_id, domain_id, impact_criterion_id, building_type, climate_zone, weight)
  values (v_mid, (select id from public.sri_technical_domains where methodology_version_id=v_mid and code='heating'), (select id from public.sri_impact_criteria where methodology_version_id=v_mid and code='convenience'), 'non_residential', 'south_europe', 0.1) on conflict (methodology_version_id, domain_id, impact_criterion_id, building_type, climate_zone) do nothing;
  insert into public.sri_domain_impact_weights (methodology_version_id, domain_id, impact_criterion_id, building_type, climate_zone, weight)
  values (v_mid, (select id from public.sri_technical_domains where methodology_version_id=v_mid and code='heating'), (select id from public.sri_impact_criteria where methodology_version_id=v_mid and code='health_wellbeing_accessibility'), 'non_residential', 'south_europe', 0.16) on conflict (methodology_version_id, domain_id, impact_criterion_id, building_type, climate_zone) do nothing;
  insert into public.sri_domain_impact_weights (methodology_version_id, domain_id, impact_criterion_id, building_type, climate_zone, weight)
  values (v_mid, (select id from public.sri_technical_domains where methodology_version_id=v_mid and code='heating'), (select id from public.sri_impact_criteria where methodology_version_id=v_mid and code='maintenance_and_fault_prediction'), 'non_residential', 'south_europe', 0.3593752289) on conflict (methodology_version_id, domain_id, impact_criterion_id, building_type, climate_zone) do nothing;
  insert into public.sri_domain_impact_weights (methodology_version_id, domain_id, impact_criterion_id, building_type, climate_zone, weight)
  values (v_mid, (select id from public.sri_technical_domains where methodology_version_id=v_mid and code='heating'), (select id from public.sri_impact_criteria where methodology_version_id=v_mid and code='information_to_occupants'), 'non_residential', 'south_europe', 0.1142857143) on conflict (methodology_version_id, domain_id, impact_criterion_id, building_type, climate_zone) do nothing;
  insert into public.sri_domain_impact_weights (methodology_version_id, domain_id, impact_criterion_id, building_type, climate_zone, weight)
  values (v_mid, (select id from public.sri_technical_domains where methodology_version_id=v_mid and code='domestic_hot_water'), (select id from public.sri_impact_criteria where methodology_version_id=v_mid and code='energy_efficiency'), 'non_residential', 'south_europe', 0.1072719794) on conflict (methodology_version_id, domain_id, impact_criterion_id, building_type, climate_zone) do nothing;
  insert into public.sri_domain_impact_weights (methodology_version_id, domain_id, impact_criterion_id, building_type, climate_zone, weight)
  values (v_mid, (select id from public.sri_technical_domains where methodology_version_id=v_mid and code='domestic_hot_water'), (select id from public.sri_impact_criteria where methodology_version_id=v_mid and code='energy_flexibility_and_storage'), 'non_residential', 'south_europe', 0.1482951283) on conflict (methodology_version_id, domain_id, impact_criterion_id, building_type, climate_zone) do nothing;
  insert into public.sri_domain_impact_weights (methodology_version_id, domain_id, impact_criterion_id, building_type, climate_zone, weight)
  values (v_mid, (select id from public.sri_technical_domains where methodology_version_id=v_mid and code='domestic_hot_water'), (select id from public.sri_impact_criteria where methodology_version_id=v_mid and code='comfort'), 'non_residential', 'south_europe', 0.0) on conflict (methodology_version_id, domain_id, impact_criterion_id, building_type, climate_zone) do nothing;
  insert into public.sri_domain_impact_weights (methodology_version_id, domain_id, impact_criterion_id, building_type, climate_zone, weight)
  values (v_mid, (select id from public.sri_technical_domains where methodology_version_id=v_mid and code='domestic_hot_water'), (select id from public.sri_impact_criteria where methodology_version_id=v_mid and code='convenience'), 'non_residential', 'south_europe', 0.1) on conflict (methodology_version_id, domain_id, impact_criterion_id, building_type, climate_zone) do nothing;
  insert into public.sri_domain_impact_weights (methodology_version_id, domain_id, impact_criterion_id, building_type, climate_zone, weight)
  values (v_mid, (select id from public.sri_technical_domains where methodology_version_id=v_mid and code='domestic_hot_water'), (select id from public.sri_impact_criteria where methodology_version_id=v_mid and code='health_wellbeing_accessibility'), 'non_residential', 'south_europe', 0.0) on conflict (methodology_version_id, domain_id, impact_criterion_id, building_type, climate_zone) do nothing;
  insert into public.sri_domain_impact_weights (methodology_version_id, domain_id, impact_criterion_id, building_type, climate_zone, weight)
  values (v_mid, (select id from public.sri_technical_domains where methodology_version_id=v_mid and code='domestic_hot_water'), (select id from public.sri_impact_criteria where methodology_version_id=v_mid and code='maintenance_and_fault_prediction'), 'non_residential', 'south_europe', 0.1276615051) on conflict (methodology_version_id, domain_id, impact_criterion_id, building_type, climate_zone) do nothing;
  insert into public.sri_domain_impact_weights (methodology_version_id, domain_id, impact_criterion_id, building_type, climate_zone, weight)
  values (v_mid, (select id from public.sri_technical_domains where methodology_version_id=v_mid and code='domestic_hot_water'), (select id from public.sri_impact_criteria where methodology_version_id=v_mid and code='information_to_occupants'), 'non_residential', 'south_europe', 0.1142857143) on conflict (methodology_version_id, domain_id, impact_criterion_id, building_type, climate_zone) do nothing;
  insert into public.sri_domain_impact_weights (methodology_version_id, domain_id, impact_criterion_id, building_type, climate_zone, weight)
  values (v_mid, (select id from public.sri_technical_domains where methodology_version_id=v_mid and code='cooling'), (select id from public.sri_impact_criteria where methodology_version_id=v_mid and code='energy_efficiency'), 'non_residential', 'south_europe', 0.1174321529) on conflict (methodology_version_id, domain_id, impact_criterion_id, building_type, climate_zone) do nothing;
  insert into public.sri_domain_impact_weights (methodology_version_id, domain_id, impact_criterion_id, building_type, climate_zone, weight)
  values (v_mid, (select id from public.sri_technical_domains where methodology_version_id=v_mid and code='cooling'), (select id from public.sri_impact_criteria where methodology_version_id=v_mid and code='energy_flexibility_and_storage'), 'non_residential', 'south_europe', 0.1623407742) on conflict (methodology_version_id, domain_id, impact_criterion_id, building_type, climate_zone) do nothing;
  insert into public.sri_domain_impact_weights (methodology_version_id, domain_id, impact_criterion_id, building_type, climate_zone, weight)
  values (v_mid, (select id from public.sri_technical_domains where methodology_version_id=v_mid and code='cooling'), (select id from public.sri_impact_criteria where methodology_version_id=v_mid and code='comfort'), 'non_residential', 'south_europe', 0.16) on conflict (methodology_version_id, domain_id, impact_criterion_id, building_type, climate_zone) do nothing;
  insert into public.sri_domain_impact_weights (methodology_version_id, domain_id, impact_criterion_id, building_type, climate_zone, weight)
  values (v_mid, (select id from public.sri_technical_domains where methodology_version_id=v_mid and code='cooling'), (select id from public.sri_impact_criteria where methodology_version_id=v_mid and code='convenience'), 'non_residential', 'south_europe', 0.1) on conflict (methodology_version_id, domain_id, impact_criterion_id, building_type, climate_zone) do nothing;
  insert into public.sri_domain_impact_weights (methodology_version_id, domain_id, impact_criterion_id, building_type, climate_zone, weight)
  values (v_mid, (select id from public.sri_technical_domains where methodology_version_id=v_mid and code='cooling'), (select id from public.sri_impact_criteria where methodology_version_id=v_mid and code='health_wellbeing_accessibility'), 'non_residential', 'south_europe', 0.16) on conflict (methodology_version_id, domain_id, impact_criterion_id, building_type, climate_zone) do nothing;
  insert into public.sri_domain_impact_weights (methodology_version_id, domain_id, impact_criterion_id, building_type, climate_zone, weight)
  values (v_mid, (select id from public.sri_technical_domains where methodology_version_id=v_mid and code='cooling'), (select id from public.sri_impact_criteria where methodology_version_id=v_mid and code='maintenance_and_fault_prediction'), 'non_residential', 'south_europe', 0.139752855) on conflict (methodology_version_id, domain_id, impact_criterion_id, building_type, climate_zone) do nothing;
  insert into public.sri_domain_impact_weights (methodology_version_id, domain_id, impact_criterion_id, building_type, climate_zone, weight)
  values (v_mid, (select id from public.sri_technical_domains where methodology_version_id=v_mid and code='cooling'), (select id from public.sri_impact_criteria where methodology_version_id=v_mid and code='information_to_occupants'), 'non_residential', 'south_europe', 0.1142857143) on conflict (methodology_version_id, domain_id, impact_criterion_id, building_type, climate_zone) do nothing;
  insert into public.sri_domain_impact_weights (methodology_version_id, domain_id, impact_criterion_id, building_type, climate_zone, weight)
  values (v_mid, (select id from public.sri_technical_domains where methodology_version_id=v_mid and code='ventilation'), (select id from public.sri_impact_criteria where methodology_version_id=v_mid and code='energy_efficiency'), 'non_residential', 'south_europe', 0.0876872014) on conflict (methodology_version_id, domain_id, impact_criterion_id, building_type, climate_zone) do nothing;
  insert into public.sri_domain_impact_weights (methodology_version_id, domain_id, impact_criterion_id, building_type, climate_zone, weight)
  values (v_mid, (select id from public.sri_technical_domains where methodology_version_id=v_mid and code='ventilation'), (select id from public.sri_impact_criteria where methodology_version_id=v_mid and code='energy_flexibility_and_storage'), 'non_residential', 'south_europe', 0.0) on conflict (methodology_version_id, domain_id, impact_criterion_id, building_type, climate_zone) do nothing;
  insert into public.sri_domain_impact_weights (methodology_version_id, domain_id, impact_criterion_id, building_type, climate_zone, weight)
  values (v_mid, (select id from public.sri_technical_domains where methodology_version_id=v_mid and code='ventilation'), (select id from public.sri_impact_criteria where methodology_version_id=v_mid and code='comfort'), 'non_residential', 'south_europe', 0.16) on conflict (methodology_version_id, domain_id, impact_criterion_id, building_type, climate_zone) do nothing;
  insert into public.sri_domain_impact_weights (methodology_version_id, domain_id, impact_criterion_id, building_type, climate_zone, weight)
  values (v_mid, (select id from public.sri_technical_domains where methodology_version_id=v_mid and code='ventilation'), (select id from public.sri_impact_criteria where methodology_version_id=v_mid and code='convenience'), 'non_residential', 'south_europe', 0.1) on conflict (methodology_version_id, domain_id, impact_criterion_id, building_type, climate_zone) do nothing;
  insert into public.sri_domain_impact_weights (methodology_version_id, domain_id, impact_criterion_id, building_type, climate_zone, weight)
  values (v_mid, (select id from public.sri_technical_domains where methodology_version_id=v_mid and code='ventilation'), (select id from public.sri_impact_criteria where methodology_version_id=v_mid and code='health_wellbeing_accessibility'), 'non_residential', 'south_europe', 0.16) on conflict (methodology_version_id, domain_id, impact_criterion_id, building_type, climate_zone) do nothing;
  insert into public.sri_domain_impact_weights (methodology_version_id, domain_id, impact_criterion_id, building_type, climate_zone, weight)
  values (v_mid, (select id from public.sri_technical_domains where methodology_version_id=v_mid and code='ventilation'), (select id from public.sri_impact_criteria where methodology_version_id=v_mid and code='maintenance_and_fault_prediction'), 'non_residential', 'south_europe', 0.1043541862) on conflict (methodology_version_id, domain_id, impact_criterion_id, building_type, climate_zone) do nothing;
  insert into public.sri_domain_impact_weights (methodology_version_id, domain_id, impact_criterion_id, building_type, climate_zone, weight)
  values (v_mid, (select id from public.sri_technical_domains where methodology_version_id=v_mid and code='ventilation'), (select id from public.sri_impact_criteria where methodology_version_id=v_mid and code='information_to_occupants'), 'non_residential', 'south_europe', 0.1142857143) on conflict (methodology_version_id, domain_id, impact_criterion_id, building_type, climate_zone) do nothing;
  insert into public.sri_domain_impact_weights (methodology_version_id, domain_id, impact_criterion_id, building_type, climate_zone, weight)
  values (v_mid, (select id from public.sri_technical_domains where methodology_version_id=v_mid and code='lighting'), (select id from public.sri_impact_criteria where methodology_version_id=v_mid and code='energy_efficiency'), 'non_residential', 'south_europe', 0.1197866517) on conflict (methodology_version_id, domain_id, impact_criterion_id, building_type, climate_zone) do nothing;
  insert into public.sri_domain_impact_weights (methodology_version_id, domain_id, impact_criterion_id, building_type, climate_zone, weight)
  values (v_mid, (select id from public.sri_technical_domains where methodology_version_id=v_mid and code='lighting'), (select id from public.sri_impact_criteria where methodology_version_id=v_mid and code='energy_flexibility_and_storage'), 'non_residential', 'south_europe', 0.0) on conflict (methodology_version_id, domain_id, impact_criterion_id, building_type, climate_zone) do nothing;
  insert into public.sri_domain_impact_weights (methodology_version_id, domain_id, impact_criterion_id, building_type, climate_zone, weight)
  values (v_mid, (select id from public.sri_technical_domains where methodology_version_id=v_mid and code='lighting'), (select id from public.sri_impact_criteria where methodology_version_id=v_mid and code='comfort'), 'non_residential', 'south_europe', 0.16) on conflict (methodology_version_id, domain_id, impact_criterion_id, building_type, climate_zone) do nothing;
  insert into public.sri_domain_impact_weights (methodology_version_id, domain_id, impact_criterion_id, building_type, climate_zone, weight)
  values (v_mid, (select id from public.sri_technical_domains where methodology_version_id=v_mid and code='lighting'), (select id from public.sri_impact_criteria where methodology_version_id=v_mid and code='convenience'), 'non_residential', 'south_europe', 0.1) on conflict (methodology_version_id, domain_id, impact_criterion_id, building_type, climate_zone) do nothing;
  insert into public.sri_domain_impact_weights (methodology_version_id, domain_id, impact_criterion_id, building_type, climate_zone, weight)
  values (v_mid, (select id from public.sri_technical_domains where methodology_version_id=v_mid and code='lighting'), (select id from public.sri_impact_criteria where methodology_version_id=v_mid and code='health_wellbeing_accessibility'), 'non_residential', 'south_europe', 0.16) on conflict (methodology_version_id, domain_id, impact_criterion_id, building_type, climate_zone) do nothing;
  insert into public.sri_domain_impact_weights (methodology_version_id, domain_id, impact_criterion_id, building_type, climate_zone, weight)
  values (v_mid, (select id from public.sri_technical_domains where methodology_version_id=v_mid and code='lighting'), (select id from public.sri_impact_criteria where methodology_version_id=v_mid and code='maintenance_and_fault_prediction'), 'non_residential', 'south_europe', 0.0) on conflict (methodology_version_id, domain_id, impact_criterion_id, building_type, climate_zone) do nothing;
  insert into public.sri_domain_impact_weights (methodology_version_id, domain_id, impact_criterion_id, building_type, climate_zone, weight)
  values (v_mid, (select id from public.sri_technical_domains where methodology_version_id=v_mid and code='lighting'), (select id from public.sri_impact_criteria where methodology_version_id=v_mid and code='information_to_occupants'), 'non_residential', 'south_europe', 0.0) on conflict (methodology_version_id, domain_id, impact_criterion_id, building_type, climate_zone) do nothing;
  insert into public.sri_domain_impact_weights (methodology_version_id, domain_id, impact_criterion_id, building_type, climate_zone, weight)
  values (v_mid, (select id from public.sri_technical_domains where methodology_version_id=v_mid and code='electricity'), (select id from public.sri_impact_criteria where methodology_version_id=v_mid and code='energy_efficiency'), 'non_residential', 'south_europe', 0.0158445928) on conflict (methodology_version_id, domain_id, impact_criterion_id, building_type, climate_zone) do nothing;
  insert into public.sri_domain_impact_weights (methodology_version_id, domain_id, impact_criterion_id, building_type, climate_zone, weight)
  values (v_mid, (select id from public.sri_technical_domains where methodology_version_id=v_mid and code='electricity'), (select id from public.sri_impact_criteria where methodology_version_id=v_mid and code='energy_flexibility_and_storage'), 'non_residential', 'south_europe', 0.0219039113) on conflict (methodology_version_id, domain_id, impact_criterion_id, building_type, climate_zone) do nothing;
  insert into public.sri_domain_impact_weights (methodology_version_id, domain_id, impact_criterion_id, building_type, climate_zone, weight)
  values (v_mid, (select id from public.sri_technical_domains where methodology_version_id=v_mid and code='electricity'), (select id from public.sri_impact_criteria where methodology_version_id=v_mid and code='comfort'), 'non_residential', 'south_europe', 0.0) on conflict (methodology_version_id, domain_id, impact_criterion_id, building_type, climate_zone) do nothing;
  insert into public.sri_domain_impact_weights (methodology_version_id, domain_id, impact_criterion_id, building_type, climate_zone, weight)
  values (v_mid, (select id from public.sri_technical_domains where methodology_version_id=v_mid and code='electricity'), (select id from public.sri_impact_criteria where methodology_version_id=v_mid and code='convenience'), 'non_residential', 'south_europe', 0.1) on conflict (methodology_version_id, domain_id, impact_criterion_id, building_type, climate_zone) do nothing;
  insert into public.sri_domain_impact_weights (methodology_version_id, domain_id, impact_criterion_id, building_type, climate_zone, weight)
  values (v_mid, (select id from public.sri_technical_domains where methodology_version_id=v_mid and code='electricity'), (select id from public.sri_impact_criteria where methodology_version_id=v_mid and code='health_wellbeing_accessibility'), 'non_residential', 'south_europe', 0.0) on conflict (methodology_version_id, domain_id, impact_criterion_id, building_type, climate_zone) do nothing;
  insert into public.sri_domain_impact_weights (methodology_version_id, domain_id, impact_criterion_id, building_type, climate_zone, weight)
  values (v_mid, (select id from public.sri_technical_domains where methodology_version_id=v_mid and code='electricity'), (select id from public.sri_impact_criteria where methodology_version_id=v_mid and code='maintenance_and_fault_prediction'), 'non_residential', 'south_europe', 0.0188562248) on conflict (methodology_version_id, domain_id, impact_criterion_id, building_type, climate_zone) do nothing;
  insert into public.sri_domain_impact_weights (methodology_version_id, domain_id, impact_criterion_id, building_type, climate_zone, weight)
  values (v_mid, (select id from public.sri_technical_domains where methodology_version_id=v_mid and code='electricity'), (select id from public.sri_impact_criteria where methodology_version_id=v_mid and code='information_to_occupants'), 'non_residential', 'south_europe', 0.1142857143) on conflict (methodology_version_id, domain_id, impact_criterion_id, building_type, climate_zone) do nothing;
  insert into public.sri_domain_impact_weights (methodology_version_id, domain_id, impact_criterion_id, building_type, climate_zone, weight)
  values (v_mid, (select id from public.sri_technical_domains where methodology_version_id=v_mid and code='dynamic_building_envelope'), (select id from public.sri_impact_criteria where methodology_version_id=v_mid and code='energy_efficiency'), 'non_residential', 'south_europe', 0.05) on conflict (methodology_version_id, domain_id, impact_criterion_id, building_type, climate_zone) do nothing;
  insert into public.sri_domain_impact_weights (methodology_version_id, domain_id, impact_criterion_id, building_type, climate_zone, weight)
  values (v_mid, (select id from public.sri_technical_domains where methodology_version_id=v_mid and code='dynamic_building_envelope'), (select id from public.sri_impact_criteria where methodology_version_id=v_mid and code='energy_flexibility_and_storage'), 'non_residential', 'south_europe', 0.0) on conflict (methodology_version_id, domain_id, impact_criterion_id, building_type, climate_zone) do nothing;
  insert into public.sri_domain_impact_weights (methodology_version_id, domain_id, impact_criterion_id, building_type, climate_zone, weight)
  values (v_mid, (select id from public.sri_technical_domains where methodology_version_id=v_mid and code='dynamic_building_envelope'), (select id from public.sri_impact_criteria where methodology_version_id=v_mid and code='comfort'), 'non_residential', 'south_europe', 0.16) on conflict (methodology_version_id, domain_id, impact_criterion_id, building_type, climate_zone) do nothing;
  insert into public.sri_domain_impact_weights (methodology_version_id, domain_id, impact_criterion_id, building_type, climate_zone, weight)
  values (v_mid, (select id from public.sri_technical_domains where methodology_version_id=v_mid and code='dynamic_building_envelope'), (select id from public.sri_impact_criteria where methodology_version_id=v_mid and code='convenience'), 'non_residential', 'south_europe', 0.1) on conflict (methodology_version_id, domain_id, impact_criterion_id, building_type, climate_zone) do nothing;
  insert into public.sri_domain_impact_weights (methodology_version_id, domain_id, impact_criterion_id, building_type, climate_zone, weight)
  values (v_mid, (select id from public.sri_technical_domains where methodology_version_id=v_mid and code='dynamic_building_envelope'), (select id from public.sri_impact_criteria where methodology_version_id=v_mid and code='health_wellbeing_accessibility'), 'non_residential', 'south_europe', 0.16) on conflict (methodology_version_id, domain_id, impact_criterion_id, building_type, climate_zone) do nothing;
  insert into public.sri_domain_impact_weights (methodology_version_id, domain_id, impact_criterion_id, building_type, climate_zone, weight)
  values (v_mid, (select id from public.sri_technical_domains where methodology_version_id=v_mid and code='dynamic_building_envelope'), (select id from public.sri_impact_criteria where methodology_version_id=v_mid and code='maintenance_and_fault_prediction'), 'non_residential', 'south_europe', 0.05) on conflict (methodology_version_id, domain_id, impact_criterion_id, building_type, climate_zone) do nothing;
  insert into public.sri_domain_impact_weights (methodology_version_id, domain_id, impact_criterion_id, building_type, climate_zone, weight)
  values (v_mid, (select id from public.sri_technical_domains where methodology_version_id=v_mid and code='dynamic_building_envelope'), (select id from public.sri_impact_criteria where methodology_version_id=v_mid and code='information_to_occupants'), 'non_residential', 'south_europe', 0.1142857143) on conflict (methodology_version_id, domain_id, impact_criterion_id, building_type, climate_zone) do nothing;
  insert into public.sri_domain_impact_weights (methodology_version_id, domain_id, impact_criterion_id, building_type, climate_zone, weight)
  values (v_mid, (select id from public.sri_technical_domains where methodology_version_id=v_mid and code='electric_vehicle_charging'), (select id from public.sri_impact_criteria where methodology_version_id=v_mid and code='energy_efficiency'), 'non_residential', 'south_europe', 0.0) on conflict (methodology_version_id, domain_id, impact_criterion_id, building_type, climate_zone) do nothing;
  insert into public.sri_domain_impact_weights (methodology_version_id, domain_id, impact_criterion_id, building_type, climate_zone, weight)
  values (v_mid, (select id from public.sri_technical_domains where methodology_version_id=v_mid and code='electric_vehicle_charging'), (select id from public.sri_impact_criteria where methodology_version_id=v_mid and code='energy_flexibility_and_storage'), 'non_residential', 'south_europe', 0.05) on conflict (methodology_version_id, domain_id, impact_criterion_id, building_type, climate_zone) do nothing;
  insert into public.sri_domain_impact_weights (methodology_version_id, domain_id, impact_criterion_id, building_type, climate_zone, weight)
  values (v_mid, (select id from public.sri_technical_domains where methodology_version_id=v_mid and code='electric_vehicle_charging'), (select id from public.sri_impact_criteria where methodology_version_id=v_mid and code='comfort'), 'non_residential', 'south_europe', 0.0) on conflict (methodology_version_id, domain_id, impact_criterion_id, building_type, climate_zone) do nothing;
  insert into public.sri_domain_impact_weights (methodology_version_id, domain_id, impact_criterion_id, building_type, climate_zone, weight)
  values (v_mid, (select id from public.sri_technical_domains where methodology_version_id=v_mid and code='electric_vehicle_charging'), (select id from public.sri_impact_criteria where methodology_version_id=v_mid and code='convenience'), 'non_residential', 'south_europe', 0.1) on conflict (methodology_version_id, domain_id, impact_criterion_id, building_type, climate_zone) do nothing;
  insert into public.sri_domain_impact_weights (methodology_version_id, domain_id, impact_criterion_id, building_type, climate_zone, weight)
  values (v_mid, (select id from public.sri_technical_domains where methodology_version_id=v_mid and code='electric_vehicle_charging'), (select id from public.sri_impact_criteria where methodology_version_id=v_mid and code='health_wellbeing_accessibility'), 'non_residential', 'south_europe', 0.0) on conflict (methodology_version_id, domain_id, impact_criterion_id, building_type, climate_zone) do nothing;
  insert into public.sri_domain_impact_weights (methodology_version_id, domain_id, impact_criterion_id, building_type, climate_zone, weight)
  values (v_mid, (select id from public.sri_technical_domains where methodology_version_id=v_mid and code='electric_vehicle_charging'), (select id from public.sri_impact_criteria where methodology_version_id=v_mid and code='maintenance_and_fault_prediction'), 'non_residential', 'south_europe', 0.0) on conflict (methodology_version_id, domain_id, impact_criterion_id, building_type, climate_zone) do nothing;
  insert into public.sri_domain_impact_weights (methodology_version_id, domain_id, impact_criterion_id, building_type, climate_zone, weight)
  values (v_mid, (select id from public.sri_technical_domains where methodology_version_id=v_mid and code='electric_vehicle_charging'), (select id from public.sri_impact_criteria where methodology_version_id=v_mid and code='information_to_occupants'), 'non_residential', 'south_europe', 0.1142857143) on conflict (methodology_version_id, domain_id, impact_criterion_id, building_type, climate_zone) do nothing;
  insert into public.sri_domain_impact_weights (methodology_version_id, domain_id, impact_criterion_id, building_type, climate_zone, weight)
  values (v_mid, (select id from public.sri_technical_domains where methodology_version_id=v_mid and code='monitoring_and_control'), (select id from public.sri_impact_criteria where methodology_version_id=v_mid and code='energy_efficiency'), 'non_residential', 'south_europe', 0.2) on conflict (methodology_version_id, domain_id, impact_criterion_id, building_type, climate_zone) do nothing;
  insert into public.sri_domain_impact_weights (methodology_version_id, domain_id, impact_criterion_id, building_type, climate_zone, weight)
  values (v_mid, (select id from public.sri_technical_domains where methodology_version_id=v_mid and code='monitoring_and_control'), (select id from public.sri_impact_criteria where methodology_version_id=v_mid and code='energy_flexibility_and_storage'), 'non_residential', 'south_europe', 0.2) on conflict (methodology_version_id, domain_id, impact_criterion_id, building_type, climate_zone) do nothing;
  insert into public.sri_domain_impact_weights (methodology_version_id, domain_id, impact_criterion_id, building_type, climate_zone, weight)
  values (v_mid, (select id from public.sri_technical_domains where methodology_version_id=v_mid and code='monitoring_and_control'), (select id from public.sri_impact_criteria where methodology_version_id=v_mid and code='comfort'), 'non_residential', 'south_europe', 0.2) on conflict (methodology_version_id, domain_id, impact_criterion_id, building_type, climate_zone) do nothing;
  insert into public.sri_domain_impact_weights (methodology_version_id, domain_id, impact_criterion_id, building_type, climate_zone, weight)
  values (v_mid, (select id from public.sri_technical_domains where methodology_version_id=v_mid and code='monitoring_and_control'), (select id from public.sri_impact_criteria where methodology_version_id=v_mid and code='convenience'), 'non_residential', 'south_europe', 0.2) on conflict (methodology_version_id, domain_id, impact_criterion_id, building_type, climate_zone) do nothing;
  insert into public.sri_domain_impact_weights (methodology_version_id, domain_id, impact_criterion_id, building_type, climate_zone, weight)
  values (v_mid, (select id from public.sri_technical_domains where methodology_version_id=v_mid and code='monitoring_and_control'), (select id from public.sri_impact_criteria where methodology_version_id=v_mid and code='health_wellbeing_accessibility'), 'non_residential', 'south_europe', 0.2) on conflict (methodology_version_id, domain_id, impact_criterion_id, building_type, climate_zone) do nothing;
  insert into public.sri_domain_impact_weights (methodology_version_id, domain_id, impact_criterion_id, building_type, climate_zone, weight)
  values (v_mid, (select id from public.sri_technical_domains where methodology_version_id=v_mid and code='monitoring_and_control'), (select id from public.sri_impact_criteria where methodology_version_id=v_mid and code='maintenance_and_fault_prediction'), 'non_residential', 'south_europe', 0.2) on conflict (methodology_version_id, domain_id, impact_criterion_id, building_type, climate_zone) do nothing;
  insert into public.sri_domain_impact_weights (methodology_version_id, domain_id, impact_criterion_id, building_type, climate_zone, weight)
  values (v_mid, (select id from public.sri_technical_domains where methodology_version_id=v_mid and code='monitoring_and_control'), (select id from public.sri_impact_criteria where methodology_version_id=v_mid and code='information_to_occupants'), 'non_residential', 'south_europe', 0.2) on conflict (methodology_version_id, domain_id, impact_criterion_id, building_type, climate_zone) do nothing;
  insert into public.sri_domain_impact_weights (methodology_version_id, domain_id, impact_criterion_id, building_type, climate_zone, weight)
  values (v_mid, (select id from public.sri_technical_domains where methodology_version_id=v_mid and code='heating'), (select id from public.sri_impact_criteria where methodology_version_id=v_mid and code='energy_efficiency'), 'non_residential', 'north_east_europe', 0.2924781278) on conflict (methodology_version_id, domain_id, impact_criterion_id, building_type, climate_zone) do nothing;
  insert into public.sri_domain_impact_weights (methodology_version_id, domain_id, impact_criterion_id, building_type, climate_zone, weight)
  values (v_mid, (select id from public.sri_technical_domains where methodology_version_id=v_mid and code='heating'), (select id from public.sri_impact_criteria where methodology_version_id=v_mid and code='energy_flexibility_and_storage'), 'non_residential', 'north_east_europe', 0.4442771206) on conflict (methodology_version_id, domain_id, impact_criterion_id, building_type, climate_zone) do nothing;
  insert into public.sri_domain_impact_weights (methodology_version_id, domain_id, impact_criterion_id, building_type, climate_zone, weight)
  values (v_mid, (select id from public.sri_technical_domains where methodology_version_id=v_mid and code='heating'), (select id from public.sri_impact_criteria where methodology_version_id=v_mid and code='comfort'), 'non_residential', 'north_east_europe', 0.16) on conflict (methodology_version_id, domain_id, impact_criterion_id, building_type, climate_zone) do nothing;
  insert into public.sri_domain_impact_weights (methodology_version_id, domain_id, impact_criterion_id, building_type, climate_zone, weight)
  values (v_mid, (select id from public.sri_technical_domains where methodology_version_id=v_mid and code='heating'), (select id from public.sri_impact_criteria where methodology_version_id=v_mid and code='convenience'), 'non_residential', 'north_east_europe', 0.1) on conflict (methodology_version_id, domain_id, impact_criterion_id, building_type, climate_zone) do nothing;
  insert into public.sri_domain_impact_weights (methodology_version_id, domain_id, impact_criterion_id, building_type, climate_zone, weight)
  values (v_mid, (select id from public.sri_technical_domains where methodology_version_id=v_mid and code='heating'), (select id from public.sri_impact_criteria where methodology_version_id=v_mid and code='health_wellbeing_accessibility'), 'non_residential', 'north_east_europe', 0.16) on conflict (methodology_version_id, domain_id, impact_criterion_id, building_type, climate_zone) do nothing;
  insert into public.sri_domain_impact_weights (methodology_version_id, domain_id, impact_criterion_id, building_type, climate_zone, weight)
  values (v_mid, (select id from public.sri_technical_domains where methodology_version_id=v_mid and code='heating'), (select id from public.sri_impact_criteria where methodology_version_id=v_mid and code='maintenance_and_fault_prediction'), 'non_residential', 'north_east_europe', 0.3240327033) on conflict (methodology_version_id, domain_id, impact_criterion_id, building_type, climate_zone) do nothing;
  insert into public.sri_domain_impact_weights (methodology_version_id, domain_id, impact_criterion_id, building_type, climate_zone, weight)
  values (v_mid, (select id from public.sri_technical_domains where methodology_version_id=v_mid and code='heating'), (select id from public.sri_impact_criteria where methodology_version_id=v_mid and code='information_to_occupants'), 'non_residential', 'north_east_europe', 0.1142857143) on conflict (methodology_version_id, domain_id, impact_criterion_id, building_type, climate_zone) do nothing;
  insert into public.sri_domain_impact_weights (methodology_version_id, domain_id, impact_criterion_id, building_type, climate_zone, weight)
  values (v_mid, (select id from public.sri_technical_domains where methodology_version_id=v_mid and code='domestic_hot_water'), (select id from public.sri_impact_criteria where methodology_version_id=v_mid and code='energy_efficiency'), 'non_residential', 'north_east_europe', 0.0938783062) on conflict (methodology_version_id, domain_id, impact_criterion_id, building_type, climate_zone) do nothing;
  insert into public.sri_domain_impact_weights (methodology_version_id, domain_id, impact_criterion_id, building_type, climate_zone, weight)
  values (v_mid, (select id from public.sri_technical_domains where methodology_version_id=v_mid and code='domestic_hot_water'), (select id from public.sri_impact_criteria where methodology_version_id=v_mid and code='energy_flexibility_and_storage'), 'non_residential', 'north_east_europe', 0.1426020602) on conflict (methodology_version_id, domain_id, impact_criterion_id, building_type, climate_zone) do nothing;
  insert into public.sri_domain_impact_weights (methodology_version_id, domain_id, impact_criterion_id, building_type, climate_zone, weight)
  values (v_mid, (select id from public.sri_technical_domains where methodology_version_id=v_mid and code='domestic_hot_water'), (select id from public.sri_impact_criteria where methodology_version_id=v_mid and code='comfort'), 'non_residential', 'north_east_europe', 0.0) on conflict (methodology_version_id, domain_id, impact_criterion_id, building_type, climate_zone) do nothing;
  insert into public.sri_domain_impact_weights (methodology_version_id, domain_id, impact_criterion_id, building_type, climate_zone, weight)
  values (v_mid, (select id from public.sri_technical_domains where methodology_version_id=v_mid and code='domestic_hot_water'), (select id from public.sri_impact_criteria where methodology_version_id=v_mid and code='convenience'), 'non_residential', 'north_east_europe', 0.1) on conflict (methodology_version_id, domain_id, impact_criterion_id, building_type, climate_zone) do nothing;
  insert into public.sri_domain_impact_weights (methodology_version_id, domain_id, impact_criterion_id, building_type, climate_zone, weight)
  values (v_mid, (select id from public.sri_technical_domains where methodology_version_id=v_mid and code='domestic_hot_water'), (select id from public.sri_impact_criteria where methodology_version_id=v_mid and code='health_wellbeing_accessibility'), 'non_residential', 'north_east_europe', 0.0) on conflict (methodology_version_id, domain_id, impact_criterion_id, building_type, climate_zone) do nothing;
  insert into public.sri_domain_impact_weights (methodology_version_id, domain_id, impact_criterion_id, building_type, climate_zone, weight)
  values (v_mid, (select id from public.sri_technical_domains where methodology_version_id=v_mid and code='domestic_hot_water'), (select id from public.sri_impact_criteria where methodology_version_id=v_mid and code='maintenance_and_fault_prediction'), 'non_residential', 'north_east_europe', 0.1040065511) on conflict (methodology_version_id, domain_id, impact_criterion_id, building_type, climate_zone) do nothing;
  insert into public.sri_domain_impact_weights (methodology_version_id, domain_id, impact_criterion_id, building_type, climate_zone, weight)
  values (v_mid, (select id from public.sri_technical_domains where methodology_version_id=v_mid and code='domestic_hot_water'), (select id from public.sri_impact_criteria where methodology_version_id=v_mid and code='information_to_occupants'), 'non_residential', 'north_east_europe', 0.1142857143) on conflict (methodology_version_id, domain_id, impact_criterion_id, building_type, climate_zone) do nothing;
  insert into public.sri_domain_impact_weights (methodology_version_id, domain_id, impact_criterion_id, building_type, climate_zone, weight)
  values (v_mid, (select id from public.sri_technical_domains where methodology_version_id=v_mid and code='cooling'), (select id from public.sri_impact_criteria where methodology_version_id=v_mid and code='energy_efficiency'), 'non_residential', 'north_east_europe', 0.0838776516) on conflict (methodology_version_id, domain_id, impact_criterion_id, building_type, climate_zone) do nothing;
  insert into public.sri_domain_impact_weights (methodology_version_id, domain_id, impact_criterion_id, building_type, climate_zone, weight)
  values (v_mid, (select id from public.sri_technical_domains where methodology_version_id=v_mid and code='cooling'), (select id from public.sri_impact_criteria where methodology_version_id=v_mid and code='energy_flexibility_and_storage'), 'non_residential', 'north_east_europe', 0.1274109685) on conflict (methodology_version_id, domain_id, impact_criterion_id, building_type, climate_zone) do nothing;
  insert into public.sri_domain_impact_weights (methodology_version_id, domain_id, impact_criterion_id, building_type, climate_zone, weight)
  values (v_mid, (select id from public.sri_technical_domains where methodology_version_id=v_mid and code='cooling'), (select id from public.sri_impact_criteria where methodology_version_id=v_mid and code='comfort'), 'non_residential', 'north_east_europe', 0.16) on conflict (methodology_version_id, domain_id, impact_criterion_id, building_type, climate_zone) do nothing;
  insert into public.sri_domain_impact_weights (methodology_version_id, domain_id, impact_criterion_id, building_type, climate_zone, weight)
  values (v_mid, (select id from public.sri_technical_domains where methodology_version_id=v_mid and code='cooling'), (select id from public.sri_impact_criteria where methodology_version_id=v_mid and code='convenience'), 'non_residential', 'north_east_europe', 0.1) on conflict (methodology_version_id, domain_id, impact_criterion_id, building_type, climate_zone) do nothing;
  insert into public.sri_domain_impact_weights (methodology_version_id, domain_id, impact_criterion_id, building_type, climate_zone, weight)
  values (v_mid, (select id from public.sri_technical_domains where methodology_version_id=v_mid and code='cooling'), (select id from public.sri_impact_criteria where methodology_version_id=v_mid and code='health_wellbeing_accessibility'), 'non_residential', 'north_east_europe', 0.16) on conflict (methodology_version_id, domain_id, impact_criterion_id, building_type, climate_zone) do nothing;
  insert into public.sri_domain_impact_weights (methodology_version_id, domain_id, impact_criterion_id, building_type, climate_zone, weight)
  values (v_mid, (select id from public.sri_technical_domains where methodology_version_id=v_mid and code='cooling'), (select id from public.sri_impact_criteria where methodology_version_id=v_mid and code='maintenance_and_fault_prediction'), 'non_residential', 'north_east_europe', 0.0929269562) on conflict (methodology_version_id, domain_id, impact_criterion_id, building_type, climate_zone) do nothing;
  insert into public.sri_domain_impact_weights (methodology_version_id, domain_id, impact_criterion_id, building_type, climate_zone, weight)
  values (v_mid, (select id from public.sri_technical_domains where methodology_version_id=v_mid and code='cooling'), (select id from public.sri_impact_criteria where methodology_version_id=v_mid and code='information_to_occupants'), 'non_residential', 'north_east_europe', 0.1142857143) on conflict (methodology_version_id, domain_id, impact_criterion_id, building_type, climate_zone) do nothing;
  insert into public.sri_domain_impact_weights (methodology_version_id, domain_id, impact_criterion_id, building_type, climate_zone, weight)
  values (v_mid, (select id from public.sri_technical_domains where methodology_version_id=v_mid and code='ventilation'), (select id from public.sri_impact_criteria where methodology_version_id=v_mid and code='energy_efficiency'), 'non_residential', 'north_east_europe', 0.1832216489) on conflict (methodology_version_id, domain_id, impact_criterion_id, building_type, climate_zone) do nothing;
  insert into public.sri_domain_impact_weights (methodology_version_id, domain_id, impact_criterion_id, building_type, climate_zone, weight)
  values (v_mid, (select id from public.sri_technical_domains where methodology_version_id=v_mid and code='ventilation'), (select id from public.sri_impact_criteria where methodology_version_id=v_mid and code='energy_flexibility_and_storage'), 'non_residential', 'north_east_europe', 0.0) on conflict (methodology_version_id, domain_id, impact_criterion_id, building_type, climate_zone) do nothing;
  insert into public.sri_domain_impact_weights (methodology_version_id, domain_id, impact_criterion_id, building_type, climate_zone, weight)
  values (v_mid, (select id from public.sri_technical_domains where methodology_version_id=v_mid and code='ventilation'), (select id from public.sri_impact_criteria where methodology_version_id=v_mid and code='comfort'), 'non_residential', 'north_east_europe', 0.16) on conflict (methodology_version_id, domain_id, impact_criterion_id, building_type, climate_zone) do nothing;
  insert into public.sri_domain_impact_weights (methodology_version_id, domain_id, impact_criterion_id, building_type, climate_zone, weight)
  values (v_mid, (select id from public.sri_technical_domains where methodology_version_id=v_mid and code='ventilation'), (select id from public.sri_impact_criteria where methodology_version_id=v_mid and code='convenience'), 'non_residential', 'north_east_europe', 0.1) on conflict (methodology_version_id, domain_id, impact_criterion_id, building_type, climate_zone) do nothing;
  insert into public.sri_domain_impact_weights (methodology_version_id, domain_id, impact_criterion_id, building_type, climate_zone, weight)
  values (v_mid, (select id from public.sri_technical_domains where methodology_version_id=v_mid and code='ventilation'), (select id from public.sri_impact_criteria where methodology_version_id=v_mid and code='health_wellbeing_accessibility'), 'non_residential', 'north_east_europe', 0.16) on conflict (methodology_version_id, domain_id, impact_criterion_id, building_type, climate_zone) do nothing;
  insert into public.sri_domain_impact_weights (methodology_version_id, domain_id, impact_criterion_id, building_type, climate_zone, weight)
  values (v_mid, (select id from public.sri_technical_domains where methodology_version_id=v_mid and code='ventilation'), (select id from public.sri_impact_criteria where methodology_version_id=v_mid and code='maintenance_and_fault_prediction'), 'non_residential', 'north_east_europe', 0.2029888752) on conflict (methodology_version_id, domain_id, impact_criterion_id, building_type, climate_zone) do nothing;
  insert into public.sri_domain_impact_weights (methodology_version_id, domain_id, impact_criterion_id, building_type, climate_zone, weight)
  values (v_mid, (select id from public.sri_technical_domains where methodology_version_id=v_mid and code='ventilation'), (select id from public.sri_impact_criteria where methodology_version_id=v_mid and code='information_to_occupants'), 'non_residential', 'north_east_europe', 0.1142857143) on conflict (methodology_version_id, domain_id, impact_criterion_id, building_type, climate_zone) do nothing;
  insert into public.sri_domain_impact_weights (methodology_version_id, domain_id, impact_criterion_id, building_type, climate_zone, weight)
  values (v_mid, (select id from public.sri_technical_domains where methodology_version_id=v_mid and code='lighting'), (select id from public.sri_impact_criteria where methodology_version_id=v_mid and code='energy_efficiency'), 'non_residential', 'north_east_europe', 0.0730356269) on conflict (methodology_version_id, domain_id, impact_criterion_id, building_type, climate_zone) do nothing;
  insert into public.sri_domain_impact_weights (methodology_version_id, domain_id, impact_criterion_id, building_type, climate_zone, weight)
  values (v_mid, (select id from public.sri_technical_domains where methodology_version_id=v_mid and code='lighting'), (select id from public.sri_impact_criteria where methodology_version_id=v_mid and code='energy_flexibility_and_storage'), 'non_residential', 'north_east_europe', 0.0) on conflict (methodology_version_id, domain_id, impact_criterion_id, building_type, climate_zone) do nothing;
  insert into public.sri_domain_impact_weights (methodology_version_id, domain_id, impact_criterion_id, building_type, climate_zone, weight)
  values (v_mid, (select id from public.sri_technical_domains where methodology_version_id=v_mid and code='lighting'), (select id from public.sri_impact_criteria where methodology_version_id=v_mid and code='comfort'), 'non_residential', 'north_east_europe', 0.16) on conflict (methodology_version_id, domain_id, impact_criterion_id, building_type, climate_zone) do nothing;
  insert into public.sri_domain_impact_weights (methodology_version_id, domain_id, impact_criterion_id, building_type, climate_zone, weight)
  values (v_mid, (select id from public.sri_technical_domains where methodology_version_id=v_mid and code='lighting'), (select id from public.sri_impact_criteria where methodology_version_id=v_mid and code='convenience'), 'non_residential', 'north_east_europe', 0.1) on conflict (methodology_version_id, domain_id, impact_criterion_id, building_type, climate_zone) do nothing;
  insert into public.sri_domain_impact_weights (methodology_version_id, domain_id, impact_criterion_id, building_type, climate_zone, weight)
  values (v_mid, (select id from public.sri_technical_domains where methodology_version_id=v_mid and code='lighting'), (select id from public.sri_impact_criteria where methodology_version_id=v_mid and code='health_wellbeing_accessibility'), 'non_residential', 'north_east_europe', 0.16) on conflict (methodology_version_id, domain_id, impact_criterion_id, building_type, climate_zone) do nothing;
  insert into public.sri_domain_impact_weights (methodology_version_id, domain_id, impact_criterion_id, building_type, climate_zone, weight)
  values (v_mid, (select id from public.sri_technical_domains where methodology_version_id=v_mid and code='lighting'), (select id from public.sri_impact_criteria where methodology_version_id=v_mid and code='maintenance_and_fault_prediction'), 'non_residential', 'north_east_europe', 0.0) on conflict (methodology_version_id, domain_id, impact_criterion_id, building_type, climate_zone) do nothing;
  insert into public.sri_domain_impact_weights (methodology_version_id, domain_id, impact_criterion_id, building_type, climate_zone, weight)
  values (v_mid, (select id from public.sri_technical_domains where methodology_version_id=v_mid and code='lighting'), (select id from public.sri_impact_criteria where methodology_version_id=v_mid and code='information_to_occupants'), 'non_residential', 'north_east_europe', 0.0) on conflict (methodology_version_id, domain_id, impact_criterion_id, building_type, climate_zone) do nothing;
  insert into public.sri_domain_impact_weights (methodology_version_id, domain_id, impact_criterion_id, building_type, climate_zone, weight)
  values (v_mid, (select id from public.sri_technical_domains where methodology_version_id=v_mid and code='electricity'), (select id from public.sri_impact_criteria where methodology_version_id=v_mid and code='energy_efficiency'), 'non_residential', 'north_east_europe', 0.0235086387) on conflict (methodology_version_id, domain_id, impact_criterion_id, building_type, climate_zone) do nothing;
  insert into public.sri_domain_impact_weights (methodology_version_id, domain_id, impact_criterion_id, building_type, climate_zone, weight)
  values (v_mid, (select id from public.sri_technical_domains where methodology_version_id=v_mid and code='electricity'), (select id from public.sri_impact_criteria where methodology_version_id=v_mid and code='energy_flexibility_and_storage'), 'non_residential', 'north_east_europe', 0.0357098508) on conflict (methodology_version_id, domain_id, impact_criterion_id, building_type, climate_zone) do nothing;
  insert into public.sri_domain_impact_weights (methodology_version_id, domain_id, impact_criterion_id, building_type, climate_zone, weight)
  values (v_mid, (select id from public.sri_technical_domains where methodology_version_id=v_mid and code='electricity'), (select id from public.sri_impact_criteria where methodology_version_id=v_mid and code='comfort'), 'non_residential', 'north_east_europe', 0.0) on conflict (methodology_version_id, domain_id, impact_criterion_id, building_type, climate_zone) do nothing;
  insert into public.sri_domain_impact_weights (methodology_version_id, domain_id, impact_criterion_id, building_type, climate_zone, weight)
  values (v_mid, (select id from public.sri_technical_domains where methodology_version_id=v_mid and code='electricity'), (select id from public.sri_impact_criteria where methodology_version_id=v_mid and code='convenience'), 'non_residential', 'north_east_europe', 0.1) on conflict (methodology_version_id, domain_id, impact_criterion_id, building_type, climate_zone) do nothing;
  insert into public.sri_domain_impact_weights (methodology_version_id, domain_id, impact_criterion_id, building_type, climate_zone, weight)
  values (v_mid, (select id from public.sri_technical_domains where methodology_version_id=v_mid and code='electricity'), (select id from public.sri_impact_criteria where methodology_version_id=v_mid and code='health_wellbeing_accessibility'), 'non_residential', 'north_east_europe', 0.0) on conflict (methodology_version_id, domain_id, impact_criterion_id, building_type, climate_zone) do nothing;
  insert into public.sri_domain_impact_weights (methodology_version_id, domain_id, impact_criterion_id, building_type, climate_zone, weight)
  values (v_mid, (select id from public.sri_technical_domains where methodology_version_id=v_mid and code='electricity'), (select id from public.sri_impact_criteria where methodology_version_id=v_mid and code='maintenance_and_fault_prediction'), 'non_residential', 'north_east_europe', 0.0260449142) on conflict (methodology_version_id, domain_id, impact_criterion_id, building_type, climate_zone) do nothing;
  insert into public.sri_domain_impact_weights (methodology_version_id, domain_id, impact_criterion_id, building_type, climate_zone, weight)
  values (v_mid, (select id from public.sri_technical_domains where methodology_version_id=v_mid and code='electricity'), (select id from public.sri_impact_criteria where methodology_version_id=v_mid and code='information_to_occupants'), 'non_residential', 'north_east_europe', 0.1142857143) on conflict (methodology_version_id, domain_id, impact_criterion_id, building_type, climate_zone) do nothing;
  insert into public.sri_domain_impact_weights (methodology_version_id, domain_id, impact_criterion_id, building_type, climate_zone, weight)
  values (v_mid, (select id from public.sri_technical_domains where methodology_version_id=v_mid and code='dynamic_building_envelope'), (select id from public.sri_impact_criteria where methodology_version_id=v_mid and code='energy_efficiency'), 'non_residential', 'north_east_europe', 0.05) on conflict (methodology_version_id, domain_id, impact_criterion_id, building_type, climate_zone) do nothing;
  insert into public.sri_domain_impact_weights (methodology_version_id, domain_id, impact_criterion_id, building_type, climate_zone, weight)
  values (v_mid, (select id from public.sri_technical_domains where methodology_version_id=v_mid and code='dynamic_building_envelope'), (select id from public.sri_impact_criteria where methodology_version_id=v_mid and code='energy_flexibility_and_storage'), 'non_residential', 'north_east_europe', 0.0) on conflict (methodology_version_id, domain_id, impact_criterion_id, building_type, climate_zone) do nothing;
  insert into public.sri_domain_impact_weights (methodology_version_id, domain_id, impact_criterion_id, building_type, climate_zone, weight)
  values (v_mid, (select id from public.sri_technical_domains where methodology_version_id=v_mid and code='dynamic_building_envelope'), (select id from public.sri_impact_criteria where methodology_version_id=v_mid and code='comfort'), 'non_residential', 'north_east_europe', 0.16) on conflict (methodology_version_id, domain_id, impact_criterion_id, building_type, climate_zone) do nothing;
  insert into public.sri_domain_impact_weights (methodology_version_id, domain_id, impact_criterion_id, building_type, climate_zone, weight)
  values (v_mid, (select id from public.sri_technical_domains where methodology_version_id=v_mid and code='dynamic_building_envelope'), (select id from public.sri_impact_criteria where methodology_version_id=v_mid and code='convenience'), 'non_residential', 'north_east_europe', 0.1) on conflict (methodology_version_id, domain_id, impact_criterion_id, building_type, climate_zone) do nothing;
  insert into public.sri_domain_impact_weights (methodology_version_id, domain_id, impact_criterion_id, building_type, climate_zone, weight)
  values (v_mid, (select id from public.sri_technical_domains where methodology_version_id=v_mid and code='dynamic_building_envelope'), (select id from public.sri_impact_criteria where methodology_version_id=v_mid and code='health_wellbeing_accessibility'), 'non_residential', 'north_east_europe', 0.16) on conflict (methodology_version_id, domain_id, impact_criterion_id, building_type, climate_zone) do nothing;
  insert into public.sri_domain_impact_weights (methodology_version_id, domain_id, impact_criterion_id, building_type, climate_zone, weight)
  values (v_mid, (select id from public.sri_technical_domains where methodology_version_id=v_mid and code='dynamic_building_envelope'), (select id from public.sri_impact_criteria where methodology_version_id=v_mid and code='maintenance_and_fault_prediction'), 'non_residential', 'north_east_europe', 0.05) on conflict (methodology_version_id, domain_id, impact_criterion_id, building_type, climate_zone) do nothing;
  insert into public.sri_domain_impact_weights (methodology_version_id, domain_id, impact_criterion_id, building_type, climate_zone, weight)
  values (v_mid, (select id from public.sri_technical_domains where methodology_version_id=v_mid and code='dynamic_building_envelope'), (select id from public.sri_impact_criteria where methodology_version_id=v_mid and code='information_to_occupants'), 'non_residential', 'north_east_europe', 0.1142857143) on conflict (methodology_version_id, domain_id, impact_criterion_id, building_type, climate_zone) do nothing;
  insert into public.sri_domain_impact_weights (methodology_version_id, domain_id, impact_criterion_id, building_type, climate_zone, weight)
  values (v_mid, (select id from public.sri_technical_domains where methodology_version_id=v_mid and code='electric_vehicle_charging'), (select id from public.sri_impact_criteria where methodology_version_id=v_mid and code='energy_efficiency'), 'non_residential', 'north_east_europe', 0.0) on conflict (methodology_version_id, domain_id, impact_criterion_id, building_type, climate_zone) do nothing;
  insert into public.sri_domain_impact_weights (methodology_version_id, domain_id, impact_criterion_id, building_type, climate_zone, weight)
  values (v_mid, (select id from public.sri_technical_domains where methodology_version_id=v_mid and code='electric_vehicle_charging'), (select id from public.sri_impact_criteria where methodology_version_id=v_mid and code='energy_flexibility_and_storage'), 'non_residential', 'north_east_europe', 0.05) on conflict (methodology_version_id, domain_id, impact_criterion_id, building_type, climate_zone) do nothing;
  insert into public.sri_domain_impact_weights (methodology_version_id, domain_id, impact_criterion_id, building_type, climate_zone, weight)
  values (v_mid, (select id from public.sri_technical_domains where methodology_version_id=v_mid and code='electric_vehicle_charging'), (select id from public.sri_impact_criteria where methodology_version_id=v_mid and code='comfort'), 'non_residential', 'north_east_europe', 0.0) on conflict (methodology_version_id, domain_id, impact_criterion_id, building_type, climate_zone) do nothing;
  insert into public.sri_domain_impact_weights (methodology_version_id, domain_id, impact_criterion_id, building_type, climate_zone, weight)
  values (v_mid, (select id from public.sri_technical_domains where methodology_version_id=v_mid and code='electric_vehicle_charging'), (select id from public.sri_impact_criteria where methodology_version_id=v_mid and code='convenience'), 'non_residential', 'north_east_europe', 0.1) on conflict (methodology_version_id, domain_id, impact_criterion_id, building_type, climate_zone) do nothing;
  insert into public.sri_domain_impact_weights (methodology_version_id, domain_id, impact_criterion_id, building_type, climate_zone, weight)
  values (v_mid, (select id from public.sri_technical_domains where methodology_version_id=v_mid and code='electric_vehicle_charging'), (select id from public.sri_impact_criteria where methodology_version_id=v_mid and code='health_wellbeing_accessibility'), 'non_residential', 'north_east_europe', 0.0) on conflict (methodology_version_id, domain_id, impact_criterion_id, building_type, climate_zone) do nothing;
  insert into public.sri_domain_impact_weights (methodology_version_id, domain_id, impact_criterion_id, building_type, climate_zone, weight)
  values (v_mid, (select id from public.sri_technical_domains where methodology_version_id=v_mid and code='electric_vehicle_charging'), (select id from public.sri_impact_criteria where methodology_version_id=v_mid and code='maintenance_and_fault_prediction'), 'non_residential', 'north_east_europe', 0.0) on conflict (methodology_version_id, domain_id, impact_criterion_id, building_type, climate_zone) do nothing;
  insert into public.sri_domain_impact_weights (methodology_version_id, domain_id, impact_criterion_id, building_type, climate_zone, weight)
  values (v_mid, (select id from public.sri_technical_domains where methodology_version_id=v_mid and code='electric_vehicle_charging'), (select id from public.sri_impact_criteria where methodology_version_id=v_mid and code='information_to_occupants'), 'non_residential', 'north_east_europe', 0.1142857143) on conflict (methodology_version_id, domain_id, impact_criterion_id, building_type, climate_zone) do nothing;
  insert into public.sri_domain_impact_weights (methodology_version_id, domain_id, impact_criterion_id, building_type, climate_zone, weight)
  values (v_mid, (select id from public.sri_technical_domains where methodology_version_id=v_mid and code='monitoring_and_control'), (select id from public.sri_impact_criteria where methodology_version_id=v_mid and code='energy_efficiency'), 'non_residential', 'north_east_europe', 0.2) on conflict (methodology_version_id, domain_id, impact_criterion_id, building_type, climate_zone) do nothing;
  insert into public.sri_domain_impact_weights (methodology_version_id, domain_id, impact_criterion_id, building_type, climate_zone, weight)
  values (v_mid, (select id from public.sri_technical_domains where methodology_version_id=v_mid and code='monitoring_and_control'), (select id from public.sri_impact_criteria where methodology_version_id=v_mid and code='energy_flexibility_and_storage'), 'non_residential', 'north_east_europe', 0.2) on conflict (methodology_version_id, domain_id, impact_criterion_id, building_type, climate_zone) do nothing;
  insert into public.sri_domain_impact_weights (methodology_version_id, domain_id, impact_criterion_id, building_type, climate_zone, weight)
  values (v_mid, (select id from public.sri_technical_domains where methodology_version_id=v_mid and code='monitoring_and_control'), (select id from public.sri_impact_criteria where methodology_version_id=v_mid and code='comfort'), 'non_residential', 'north_east_europe', 0.2) on conflict (methodology_version_id, domain_id, impact_criterion_id, building_type, climate_zone) do nothing;
  insert into public.sri_domain_impact_weights (methodology_version_id, domain_id, impact_criterion_id, building_type, climate_zone, weight)
  values (v_mid, (select id from public.sri_technical_domains where methodology_version_id=v_mid and code='monitoring_and_control'), (select id from public.sri_impact_criteria where methodology_version_id=v_mid and code='convenience'), 'non_residential', 'north_east_europe', 0.2) on conflict (methodology_version_id, domain_id, impact_criterion_id, building_type, climate_zone) do nothing;
  insert into public.sri_domain_impact_weights (methodology_version_id, domain_id, impact_criterion_id, building_type, climate_zone, weight)
  values (v_mid, (select id from public.sri_technical_domains where methodology_version_id=v_mid and code='monitoring_and_control'), (select id from public.sri_impact_criteria where methodology_version_id=v_mid and code='health_wellbeing_accessibility'), 'non_residential', 'north_east_europe', 0.2) on conflict (methodology_version_id, domain_id, impact_criterion_id, building_type, climate_zone) do nothing;
  insert into public.sri_domain_impact_weights (methodology_version_id, domain_id, impact_criterion_id, building_type, climate_zone, weight)
  values (v_mid, (select id from public.sri_technical_domains where methodology_version_id=v_mid and code='monitoring_and_control'), (select id from public.sri_impact_criteria where methodology_version_id=v_mid and code='maintenance_and_fault_prediction'), 'non_residential', 'north_east_europe', 0.2) on conflict (methodology_version_id, domain_id, impact_criterion_id, building_type, climate_zone) do nothing;
  insert into public.sri_domain_impact_weights (methodology_version_id, domain_id, impact_criterion_id, building_type, climate_zone, weight)
  values (v_mid, (select id from public.sri_technical_domains where methodology_version_id=v_mid and code='monitoring_and_control'), (select id from public.sri_impact_criteria where methodology_version_id=v_mid and code='information_to_occupants'), 'non_residential', 'north_east_europe', 0.2) on conflict (methodology_version_id, domain_id, impact_criterion_id, building_type, climate_zone) do nothing;
  insert into public.sri_domain_impact_weights (methodology_version_id, domain_id, impact_criterion_id, building_type, climate_zone, weight)
  values (v_mid, (select id from public.sri_technical_domains where methodology_version_id=v_mid and code='heating'), (select id from public.sri_impact_criteria where methodology_version_id=v_mid and code='energy_efficiency'), 'non_residential', 'south_east_europe', 0.2870630862) on conflict (methodology_version_id, domain_id, impact_criterion_id, building_type, climate_zone) do nothing;
  insert into public.sri_domain_impact_weights (methodology_version_id, domain_id, impact_criterion_id, building_type, climate_zone, weight)
  values (v_mid, (select id from public.sri_technical_domains where methodology_version_id=v_mid and code='heating'), (select id from public.sri_impact_criteria where methodology_version_id=v_mid and code='energy_flexibility_and_storage'), 'non_residential', 'south_east_europe', 0.4218432489) on conflict (methodology_version_id, domain_id, impact_criterion_id, building_type, climate_zone) do nothing;
  insert into public.sri_domain_impact_weights (methodology_version_id, domain_id, impact_criterion_id, building_type, climate_zone, weight)
  values (v_mid, (select id from public.sri_technical_domains where methodology_version_id=v_mid and code='heating'), (select id from public.sri_impact_criteria where methodology_version_id=v_mid and code='comfort'), 'non_residential', 'south_east_europe', 0.16) on conflict (methodology_version_id, domain_id, impact_criterion_id, building_type, climate_zone) do nothing;
  insert into public.sri_domain_impact_weights (methodology_version_id, domain_id, impact_criterion_id, building_type, climate_zone, weight)
  values (v_mid, (select id from public.sri_technical_domains where methodology_version_id=v_mid and code='heating'), (select id from public.sri_impact_criteria where methodology_version_id=v_mid and code='convenience'), 'non_residential', 'south_east_europe', 0.1) on conflict (methodology_version_id, domain_id, impact_criterion_id, building_type, climate_zone) do nothing;
  insert into public.sri_domain_impact_weights (methodology_version_id, domain_id, impact_criterion_id, building_type, climate_zone, weight)
  values (v_mid, (select id from public.sri_technical_domains where methodology_version_id=v_mid and code='heating'), (select id from public.sri_impact_criteria where methodology_version_id=v_mid and code='health_wellbeing_accessibility'), 'non_residential', 'south_east_europe', 0.16) on conflict (methodology_version_id, domain_id, impact_criterion_id, building_type, climate_zone) do nothing;
  insert into public.sri_domain_impact_weights (methodology_version_id, domain_id, impact_criterion_id, building_type, climate_zone, weight)
  values (v_mid, (select id from public.sri_technical_domains where methodology_version_id=v_mid and code='heating'), (select id from public.sri_impact_criteria where methodology_version_id=v_mid and code='maintenance_and_fault_prediction'), 'non_residential', 'south_east_europe', 0.3257387008) on conflict (methodology_version_id, domain_id, impact_criterion_id, building_type, climate_zone) do nothing;
  insert into public.sri_domain_impact_weights (methodology_version_id, domain_id, impact_criterion_id, building_type, climate_zone, weight)
  values (v_mid, (select id from public.sri_technical_domains where methodology_version_id=v_mid and code='heating'), (select id from public.sri_impact_criteria where methodology_version_id=v_mid and code='information_to_occupants'), 'non_residential', 'south_east_europe', 0.1142857143) on conflict (methodology_version_id, domain_id, impact_criterion_id, building_type, climate_zone) do nothing;
  insert into public.sri_domain_impact_weights (methodology_version_id, domain_id, impact_criterion_id, building_type, climate_zone, weight)
  values (v_mid, (select id from public.sri_technical_domains where methodology_version_id=v_mid and code='domestic_hot_water'), (select id from public.sri_impact_criteria where methodology_version_id=v_mid and code='energy_efficiency'), 'non_residential', 'south_east_europe', 0.1157227255) on conflict (methodology_version_id, domain_id, impact_criterion_id, building_type, climate_zone) do nothing;
  insert into public.sri_domain_impact_weights (methodology_version_id, domain_id, impact_criterion_id, building_type, climate_zone, weight)
  values (v_mid, (select id from public.sri_technical_domains where methodology_version_id=v_mid and code='domestic_hot_water'), (select id from public.sri_impact_criteria where methodology_version_id=v_mid and code='energy_flexibility_and_storage'), 'non_residential', 'south_east_europe', 0.1700561753) on conflict (methodology_version_id, domain_id, impact_criterion_id, building_type, climate_zone) do nothing;
  insert into public.sri_domain_impact_weights (methodology_version_id, domain_id, impact_criterion_id, building_type, climate_zone, weight)
  values (v_mid, (select id from public.sri_technical_domains where methodology_version_id=v_mid and code='domestic_hot_water'), (select id from public.sri_impact_criteria where methodology_version_id=v_mid and code='comfort'), 'non_residential', 'south_east_europe', 0.0) on conflict (methodology_version_id, domain_id, impact_criterion_id, building_type, climate_zone) do nothing;
  insert into public.sri_domain_impact_weights (methodology_version_id, domain_id, impact_criterion_id, building_type, climate_zone, weight)
  values (v_mid, (select id from public.sri_technical_domains where methodology_version_id=v_mid and code='domestic_hot_water'), (select id from public.sri_impact_criteria where methodology_version_id=v_mid and code='convenience'), 'non_residential', 'south_east_europe', 0.1) on conflict (methodology_version_id, domain_id, impact_criterion_id, building_type, climate_zone) do nothing;
  insert into public.sri_domain_impact_weights (methodology_version_id, domain_id, impact_criterion_id, building_type, climate_zone, weight)
  values (v_mid, (select id from public.sri_technical_domains where methodology_version_id=v_mid and code='domestic_hot_water'), (select id from public.sri_impact_criteria where methodology_version_id=v_mid and code='health_wellbeing_accessibility'), 'non_residential', 'south_east_europe', 0.0) on conflict (methodology_version_id, domain_id, impact_criterion_id, building_type, climate_zone) do nothing;
  insert into public.sri_domain_impact_weights (methodology_version_id, domain_id, impact_criterion_id, building_type, climate_zone, weight)
  values (v_mid, (select id from public.sri_technical_domains where methodology_version_id=v_mid and code='domestic_hot_water'), (select id from public.sri_impact_criteria where methodology_version_id=v_mid and code='maintenance_and_fault_prediction'), 'non_residential', 'south_east_europe', 0.1313138891) on conflict (methodology_version_id, domain_id, impact_criterion_id, building_type, climate_zone) do nothing;
  insert into public.sri_domain_impact_weights (methodology_version_id, domain_id, impact_criterion_id, building_type, climate_zone, weight)
  values (v_mid, (select id from public.sri_technical_domains where methodology_version_id=v_mid and code='domestic_hot_water'), (select id from public.sri_impact_criteria where methodology_version_id=v_mid and code='information_to_occupants'), 'non_residential', 'south_east_europe', 0.1142857143) on conflict (methodology_version_id, domain_id, impact_criterion_id, building_type, climate_zone) do nothing;
  insert into public.sri_domain_impact_weights (methodology_version_id, domain_id, impact_criterion_id, building_type, climate_zone, weight)
  values (v_mid, (select id from public.sri_technical_domains where methodology_version_id=v_mid and code='cooling'), (select id from public.sri_impact_criteria where methodology_version_id=v_mid and code='energy_efficiency'), 'non_residential', 'south_east_europe', 0.0745857284) on conflict (methodology_version_id, domain_id, impact_criterion_id, building_type, climate_zone) do nothing;
  insert into public.sri_domain_impact_weights (methodology_version_id, domain_id, impact_criterion_id, building_type, climate_zone, weight)
  values (v_mid, (select id from public.sri_technical_domains where methodology_version_id=v_mid and code='cooling'), (select id from public.sri_impact_criteria where methodology_version_id=v_mid and code='energy_flexibility_and_storage'), 'non_residential', 'south_east_europe', 0.1096047785) on conflict (methodology_version_id, domain_id, impact_criterion_id, building_type, climate_zone) do nothing;
  insert into public.sri_domain_impact_weights (methodology_version_id, domain_id, impact_criterion_id, building_type, climate_zone, weight)
  values (v_mid, (select id from public.sri_technical_domains where methodology_version_id=v_mid and code='cooling'), (select id from public.sri_impact_criteria where methodology_version_id=v_mid and code='comfort'), 'non_residential', 'south_east_europe', 0.16) on conflict (methodology_version_id, domain_id, impact_criterion_id, building_type, climate_zone) do nothing;
  insert into public.sri_domain_impact_weights (methodology_version_id, domain_id, impact_criterion_id, building_type, climate_zone, weight)
  values (v_mid, (select id from public.sri_technical_domains where methodology_version_id=v_mid and code='cooling'), (select id from public.sri_impact_criteria where methodology_version_id=v_mid and code='convenience'), 'non_residential', 'south_east_europe', 0.1) on conflict (methodology_version_id, domain_id, impact_criterion_id, building_type, climate_zone) do nothing;
  insert into public.sri_domain_impact_weights (methodology_version_id, domain_id, impact_criterion_id, building_type, climate_zone, weight)
  values (v_mid, (select id from public.sri_technical_domains where methodology_version_id=v_mid and code='cooling'), (select id from public.sri_impact_criteria where methodology_version_id=v_mid and code='health_wellbeing_accessibility'), 'non_residential', 'south_east_europe', 0.16) on conflict (methodology_version_id, domain_id, impact_criterion_id, building_type, climate_zone) do nothing;
  insert into public.sri_domain_impact_weights (methodology_version_id, domain_id, impact_criterion_id, building_type, climate_zone, weight)
  values (v_mid, (select id from public.sri_technical_domains where methodology_version_id=v_mid and code='cooling'), (select id from public.sri_impact_criteria where methodology_version_id=v_mid and code='maintenance_and_fault_prediction'), 'non_residential', 'south_east_europe', 0.0846345609) on conflict (methodology_version_id, domain_id, impact_criterion_id, building_type, climate_zone) do nothing;
  insert into public.sri_domain_impact_weights (methodology_version_id, domain_id, impact_criterion_id, building_type, climate_zone, weight)
  values (v_mid, (select id from public.sri_technical_domains where methodology_version_id=v_mid and code='cooling'), (select id from public.sri_impact_criteria where methodology_version_id=v_mid and code='information_to_occupants'), 'non_residential', 'south_east_europe', 0.1142857143) on conflict (methodology_version_id, domain_id, impact_criterion_id, building_type, climate_zone) do nothing;
  insert into public.sri_domain_impact_weights (methodology_version_id, domain_id, impact_criterion_id, building_type, climate_zone, weight)
  values (v_mid, (select id from public.sri_technical_domains where methodology_version_id=v_mid and code='ventilation'), (select id from public.sri_impact_criteria where methodology_version_id=v_mid and code='energy_efficiency'), 'non_residential', 'south_east_europe', 0.1505781965) on conflict (methodology_version_id, domain_id, impact_criterion_id, building_type, climate_zone) do nothing;
  insert into public.sri_domain_impact_weights (methodology_version_id, domain_id, impact_criterion_id, building_type, climate_zone, weight)
  values (v_mid, (select id from public.sri_technical_domains where methodology_version_id=v_mid and code='ventilation'), (select id from public.sri_impact_criteria where methodology_version_id=v_mid and code='energy_flexibility_and_storage'), 'non_residential', 'south_east_europe', 0.0) on conflict (methodology_version_id, domain_id, impact_criterion_id, building_type, climate_zone) do nothing;
  insert into public.sri_domain_impact_weights (methodology_version_id, domain_id, impact_criterion_id, building_type, climate_zone, weight)
  values (v_mid, (select id from public.sri_technical_domains where methodology_version_id=v_mid and code='ventilation'), (select id from public.sri_impact_criteria where methodology_version_id=v_mid and code='comfort'), 'non_residential', 'south_east_europe', 0.16) on conflict (methodology_version_id, domain_id, impact_criterion_id, building_type, climate_zone) do nothing;
  insert into public.sri_domain_impact_weights (methodology_version_id, domain_id, impact_criterion_id, building_type, climate_zone, weight)
  values (v_mid, (select id from public.sri_technical_domains where methodology_version_id=v_mid and code='ventilation'), (select id from public.sri_impact_criteria where methodology_version_id=v_mid and code='convenience'), 'non_residential', 'south_east_europe', 0.1) on conflict (methodology_version_id, domain_id, impact_criterion_id, building_type, climate_zone) do nothing;
  insert into public.sri_domain_impact_weights (methodology_version_id, domain_id, impact_criterion_id, building_type, climate_zone, weight)
  values (v_mid, (select id from public.sri_technical_domains where methodology_version_id=v_mid and code='ventilation'), (select id from public.sri_impact_criteria where methodology_version_id=v_mid and code='health_wellbeing_accessibility'), 'non_residential', 'south_east_europe', 0.16) on conflict (methodology_version_id, domain_id, impact_criterion_id, building_type, climate_zone) do nothing;
  insert into public.sri_domain_impact_weights (methodology_version_id, domain_id, impact_criterion_id, building_type, climate_zone, weight)
  values (v_mid, (select id from public.sri_technical_domains where methodology_version_id=v_mid and code='ventilation'), (select id from public.sri_impact_criteria where methodology_version_id=v_mid and code='maintenance_and_fault_prediction'), 'non_residential', 'south_east_europe', 0.1708653897) on conflict (methodology_version_id, domain_id, impact_criterion_id, building_type, climate_zone) do nothing;
  insert into public.sri_domain_impact_weights (methodology_version_id, domain_id, impact_criterion_id, building_type, climate_zone, weight)
  values (v_mid, (select id from public.sri_technical_domains where methodology_version_id=v_mid and code='ventilation'), (select id from public.sri_impact_criteria where methodology_version_id=v_mid and code='information_to_occupants'), 'non_residential', 'south_east_europe', 0.1142857143) on conflict (methodology_version_id, domain_id, impact_criterion_id, building_type, climate_zone) do nothing;
  insert into public.sri_domain_impact_weights (methodology_version_id, domain_id, impact_criterion_id, building_type, climate_zone, weight)
  values (v_mid, (select id from public.sri_technical_domains where methodology_version_id=v_mid and code='lighting'), (select id from public.sri_impact_criteria where methodology_version_id=v_mid and code='energy_efficiency'), 'non_residential', 'south_east_europe', 0.0890490163) on conflict (methodology_version_id, domain_id, impact_criterion_id, building_type, climate_zone) do nothing;
  insert into public.sri_domain_impact_weights (methodology_version_id, domain_id, impact_criterion_id, building_type, climate_zone, weight)
  values (v_mid, (select id from public.sri_technical_domains where methodology_version_id=v_mid and code='lighting'), (select id from public.sri_impact_criteria where methodology_version_id=v_mid and code='energy_flexibility_and_storage'), 'non_residential', 'south_east_europe', 0.0) on conflict (methodology_version_id, domain_id, impact_criterion_id, building_type, climate_zone) do nothing;
  insert into public.sri_domain_impact_weights (methodology_version_id, domain_id, impact_criterion_id, building_type, climate_zone, weight)
  values (v_mid, (select id from public.sri_technical_domains where methodology_version_id=v_mid and code='lighting'), (select id from public.sri_impact_criteria where methodology_version_id=v_mid and code='comfort'), 'non_residential', 'south_east_europe', 0.16) on conflict (methodology_version_id, domain_id, impact_criterion_id, building_type, climate_zone) do nothing;
  insert into public.sri_domain_impact_weights (methodology_version_id, domain_id, impact_criterion_id, building_type, climate_zone, weight)
  values (v_mid, (select id from public.sri_technical_domains where methodology_version_id=v_mid and code='lighting'), (select id from public.sri_impact_criteria where methodology_version_id=v_mid and code='convenience'), 'non_residential', 'south_east_europe', 0.1) on conflict (methodology_version_id, domain_id, impact_criterion_id, building_type, climate_zone) do nothing;
  insert into public.sri_domain_impact_weights (methodology_version_id, domain_id, impact_criterion_id, building_type, climate_zone, weight)
  values (v_mid, (select id from public.sri_technical_domains where methodology_version_id=v_mid and code='lighting'), (select id from public.sri_impact_criteria where methodology_version_id=v_mid and code='health_wellbeing_accessibility'), 'non_residential', 'south_east_europe', 0.16) on conflict (methodology_version_id, domain_id, impact_criterion_id, building_type, climate_zone) do nothing;
  insert into public.sri_domain_impact_weights (methodology_version_id, domain_id, impact_criterion_id, building_type, climate_zone, weight)
  values (v_mid, (select id from public.sri_technical_domains where methodology_version_id=v_mid and code='lighting'), (select id from public.sri_impact_criteria where methodology_version_id=v_mid and code='maintenance_and_fault_prediction'), 'non_residential', 'south_east_europe', 0.0) on conflict (methodology_version_id, domain_id, impact_criterion_id, building_type, climate_zone) do nothing;
  insert into public.sri_domain_impact_weights (methodology_version_id, domain_id, impact_criterion_id, building_type, climate_zone, weight)
  values (v_mid, (select id from public.sri_technical_domains where methodology_version_id=v_mid and code='lighting'), (select id from public.sri_impact_criteria where methodology_version_id=v_mid and code='information_to_occupants'), 'non_residential', 'south_east_europe', 0.0) on conflict (methodology_version_id, domain_id, impact_criterion_id, building_type, climate_zone) do nothing;
  insert into public.sri_domain_impact_weights (methodology_version_id, domain_id, impact_criterion_id, building_type, climate_zone, weight)
  values (v_mid, (select id from public.sri_technical_domains where methodology_version_id=v_mid and code='electricity'), (select id from public.sri_impact_criteria where methodology_version_id=v_mid and code='energy_efficiency'), 'non_residential', 'south_east_europe', 0.033001247) on conflict (methodology_version_id, domain_id, impact_criterion_id, building_type, climate_zone) do nothing;
  insert into public.sri_domain_impact_weights (methodology_version_id, domain_id, impact_criterion_id, building_type, climate_zone, weight)
  values (v_mid, (select id from public.sri_technical_domains where methodology_version_id=v_mid and code='electricity'), (select id from public.sri_impact_criteria where methodology_version_id=v_mid and code='energy_flexibility_and_storage'), 'non_residential', 'south_east_europe', 0.0484957973) on conflict (methodology_version_id, domain_id, impact_criterion_id, building_type, climate_zone) do nothing;
  insert into public.sri_domain_impact_weights (methodology_version_id, domain_id, impact_criterion_id, building_type, climate_zone, weight)
  values (v_mid, (select id from public.sri_technical_domains where methodology_version_id=v_mid and code='electricity'), (select id from public.sri_impact_criteria where methodology_version_id=v_mid and code='comfort'), 'non_residential', 'south_east_europe', 0.0) on conflict (methodology_version_id, domain_id, impact_criterion_id, building_type, climate_zone) do nothing;
  insert into public.sri_domain_impact_weights (methodology_version_id, domain_id, impact_criterion_id, building_type, climate_zone, weight)
  values (v_mid, (select id from public.sri_technical_domains where methodology_version_id=v_mid and code='electricity'), (select id from public.sri_impact_criteria where methodology_version_id=v_mid and code='convenience'), 'non_residential', 'south_east_europe', 0.1) on conflict (methodology_version_id, domain_id, impact_criterion_id, building_type, climate_zone) do nothing;
  insert into public.sri_domain_impact_weights (methodology_version_id, domain_id, impact_criterion_id, building_type, climate_zone, weight)
  values (v_mid, (select id from public.sri_technical_domains where methodology_version_id=v_mid and code='electricity'), (select id from public.sri_impact_criteria where methodology_version_id=v_mid and code='health_wellbeing_accessibility'), 'non_residential', 'south_east_europe', 0.0) on conflict (methodology_version_id, domain_id, impact_criterion_id, building_type, climate_zone) do nothing;
  insert into public.sri_domain_impact_weights (methodology_version_id, domain_id, impact_criterion_id, building_type, climate_zone, weight)
  values (v_mid, (select id from public.sri_technical_domains where methodology_version_id=v_mid and code='electricity'), (select id from public.sri_impact_criteria where methodology_version_id=v_mid and code='maintenance_and_fault_prediction'), 'non_residential', 'south_east_europe', 0.0374474596) on conflict (methodology_version_id, domain_id, impact_criterion_id, building_type, climate_zone) do nothing;
  insert into public.sri_domain_impact_weights (methodology_version_id, domain_id, impact_criterion_id, building_type, climate_zone, weight)
  values (v_mid, (select id from public.sri_technical_domains where methodology_version_id=v_mid and code='electricity'), (select id from public.sri_impact_criteria where methodology_version_id=v_mid and code='information_to_occupants'), 'non_residential', 'south_east_europe', 0.1142857143) on conflict (methodology_version_id, domain_id, impact_criterion_id, building_type, climate_zone) do nothing;
  insert into public.sri_domain_impact_weights (methodology_version_id, domain_id, impact_criterion_id, building_type, climate_zone, weight)
  values (v_mid, (select id from public.sri_technical_domains where methodology_version_id=v_mid and code='dynamic_building_envelope'), (select id from public.sri_impact_criteria where methodology_version_id=v_mid and code='energy_efficiency'), 'non_residential', 'south_east_europe', 0.05) on conflict (methodology_version_id, domain_id, impact_criterion_id, building_type, climate_zone) do nothing;
  insert into public.sri_domain_impact_weights (methodology_version_id, domain_id, impact_criterion_id, building_type, climate_zone, weight)
  values (v_mid, (select id from public.sri_technical_domains where methodology_version_id=v_mid and code='dynamic_building_envelope'), (select id from public.sri_impact_criteria where methodology_version_id=v_mid and code='energy_flexibility_and_storage'), 'non_residential', 'south_east_europe', 0.0) on conflict (methodology_version_id, domain_id, impact_criterion_id, building_type, climate_zone) do nothing;
  insert into public.sri_domain_impact_weights (methodology_version_id, domain_id, impact_criterion_id, building_type, climate_zone, weight)
  values (v_mid, (select id from public.sri_technical_domains where methodology_version_id=v_mid and code='dynamic_building_envelope'), (select id from public.sri_impact_criteria where methodology_version_id=v_mid and code='comfort'), 'non_residential', 'south_east_europe', 0.16) on conflict (methodology_version_id, domain_id, impact_criterion_id, building_type, climate_zone) do nothing;
  insert into public.sri_domain_impact_weights (methodology_version_id, domain_id, impact_criterion_id, building_type, climate_zone, weight)
  values (v_mid, (select id from public.sri_technical_domains where methodology_version_id=v_mid and code='dynamic_building_envelope'), (select id from public.sri_impact_criteria where methodology_version_id=v_mid and code='convenience'), 'non_residential', 'south_east_europe', 0.1) on conflict (methodology_version_id, domain_id, impact_criterion_id, building_type, climate_zone) do nothing;
  insert into public.sri_domain_impact_weights (methodology_version_id, domain_id, impact_criterion_id, building_type, climate_zone, weight)
  values (v_mid, (select id from public.sri_technical_domains where methodology_version_id=v_mid and code='dynamic_building_envelope'), (select id from public.sri_impact_criteria where methodology_version_id=v_mid and code='health_wellbeing_accessibility'), 'non_residential', 'south_east_europe', 0.16) on conflict (methodology_version_id, domain_id, impact_criterion_id, building_type, climate_zone) do nothing;
  insert into public.sri_domain_impact_weights (methodology_version_id, domain_id, impact_criterion_id, building_type, climate_zone, weight)
  values (v_mid, (select id from public.sri_technical_domains where methodology_version_id=v_mid and code='dynamic_building_envelope'), (select id from public.sri_impact_criteria where methodology_version_id=v_mid and code='maintenance_and_fault_prediction'), 'non_residential', 'south_east_europe', 0.05) on conflict (methodology_version_id, domain_id, impact_criterion_id, building_type, climate_zone) do nothing;
  insert into public.sri_domain_impact_weights (methodology_version_id, domain_id, impact_criterion_id, building_type, climate_zone, weight)
  values (v_mid, (select id from public.sri_technical_domains where methodology_version_id=v_mid and code='dynamic_building_envelope'), (select id from public.sri_impact_criteria where methodology_version_id=v_mid and code='information_to_occupants'), 'non_residential', 'south_east_europe', 0.1142857143) on conflict (methodology_version_id, domain_id, impact_criterion_id, building_type, climate_zone) do nothing;
  insert into public.sri_domain_impact_weights (methodology_version_id, domain_id, impact_criterion_id, building_type, climate_zone, weight)
  values (v_mid, (select id from public.sri_technical_domains where methodology_version_id=v_mid and code='electric_vehicle_charging'), (select id from public.sri_impact_criteria where methodology_version_id=v_mid and code='energy_efficiency'), 'non_residential', 'south_east_europe', 0.0) on conflict (methodology_version_id, domain_id, impact_criterion_id, building_type, climate_zone) do nothing;
  insert into public.sri_domain_impact_weights (methodology_version_id, domain_id, impact_criterion_id, building_type, climate_zone, weight)
  values (v_mid, (select id from public.sri_technical_domains where methodology_version_id=v_mid and code='electric_vehicle_charging'), (select id from public.sri_impact_criteria where methodology_version_id=v_mid and code='energy_flexibility_and_storage'), 'non_residential', 'south_east_europe', 0.05) on conflict (methodology_version_id, domain_id, impact_criterion_id, building_type, climate_zone) do nothing;
  insert into public.sri_domain_impact_weights (methodology_version_id, domain_id, impact_criterion_id, building_type, climate_zone, weight)
  values (v_mid, (select id from public.sri_technical_domains where methodology_version_id=v_mid and code='electric_vehicle_charging'), (select id from public.sri_impact_criteria where methodology_version_id=v_mid and code='comfort'), 'non_residential', 'south_east_europe', 0.0) on conflict (methodology_version_id, domain_id, impact_criterion_id, building_type, climate_zone) do nothing;
  insert into public.sri_domain_impact_weights (methodology_version_id, domain_id, impact_criterion_id, building_type, climate_zone, weight)
  values (v_mid, (select id from public.sri_technical_domains where methodology_version_id=v_mid and code='electric_vehicle_charging'), (select id from public.sri_impact_criteria where methodology_version_id=v_mid and code='convenience'), 'non_residential', 'south_east_europe', 0.1) on conflict (methodology_version_id, domain_id, impact_criterion_id, building_type, climate_zone) do nothing;
  insert into public.sri_domain_impact_weights (methodology_version_id, domain_id, impact_criterion_id, building_type, climate_zone, weight)
  values (v_mid, (select id from public.sri_technical_domains where methodology_version_id=v_mid and code='electric_vehicle_charging'), (select id from public.sri_impact_criteria where methodology_version_id=v_mid and code='health_wellbeing_accessibility'), 'non_residential', 'south_east_europe', 0.0) on conflict (methodology_version_id, domain_id, impact_criterion_id, building_type, climate_zone) do nothing;
  insert into public.sri_domain_impact_weights (methodology_version_id, domain_id, impact_criterion_id, building_type, climate_zone, weight)
  values (v_mid, (select id from public.sri_technical_domains where methodology_version_id=v_mid and code='electric_vehicle_charging'), (select id from public.sri_impact_criteria where methodology_version_id=v_mid and code='maintenance_and_fault_prediction'), 'non_residential', 'south_east_europe', 0.0) on conflict (methodology_version_id, domain_id, impact_criterion_id, building_type, climate_zone) do nothing;
  insert into public.sri_domain_impact_weights (methodology_version_id, domain_id, impact_criterion_id, building_type, climate_zone, weight)
  values (v_mid, (select id from public.sri_technical_domains where methodology_version_id=v_mid and code='electric_vehicle_charging'), (select id from public.sri_impact_criteria where methodology_version_id=v_mid and code='information_to_occupants'), 'non_residential', 'south_east_europe', 0.1142857143) on conflict (methodology_version_id, domain_id, impact_criterion_id, building_type, climate_zone) do nothing;
  insert into public.sri_domain_impact_weights (methodology_version_id, domain_id, impact_criterion_id, building_type, climate_zone, weight)
  values (v_mid, (select id from public.sri_technical_domains where methodology_version_id=v_mid and code='monitoring_and_control'), (select id from public.sri_impact_criteria where methodology_version_id=v_mid and code='energy_efficiency'), 'non_residential', 'south_east_europe', 0.2) on conflict (methodology_version_id, domain_id, impact_criterion_id, building_type, climate_zone) do nothing;
  insert into public.sri_domain_impact_weights (methodology_version_id, domain_id, impact_criterion_id, building_type, climate_zone, weight)
  values (v_mid, (select id from public.sri_technical_domains where methodology_version_id=v_mid and code='monitoring_and_control'), (select id from public.sri_impact_criteria where methodology_version_id=v_mid and code='energy_flexibility_and_storage'), 'non_residential', 'south_east_europe', 0.2) on conflict (methodology_version_id, domain_id, impact_criterion_id, building_type, climate_zone) do nothing;
  insert into public.sri_domain_impact_weights (methodology_version_id, domain_id, impact_criterion_id, building_type, climate_zone, weight)
  values (v_mid, (select id from public.sri_technical_domains where methodology_version_id=v_mid and code='monitoring_and_control'), (select id from public.sri_impact_criteria where methodology_version_id=v_mid and code='comfort'), 'non_residential', 'south_east_europe', 0.2) on conflict (methodology_version_id, domain_id, impact_criterion_id, building_type, climate_zone) do nothing;
  insert into public.sri_domain_impact_weights (methodology_version_id, domain_id, impact_criterion_id, building_type, climate_zone, weight)
  values (v_mid, (select id from public.sri_technical_domains where methodology_version_id=v_mid and code='monitoring_and_control'), (select id from public.sri_impact_criteria where methodology_version_id=v_mid and code='convenience'), 'non_residential', 'south_east_europe', 0.2) on conflict (methodology_version_id, domain_id, impact_criterion_id, building_type, climate_zone) do nothing;
  insert into public.sri_domain_impact_weights (methodology_version_id, domain_id, impact_criterion_id, building_type, climate_zone, weight)
  values (v_mid, (select id from public.sri_technical_domains where methodology_version_id=v_mid and code='monitoring_and_control'), (select id from public.sri_impact_criteria where methodology_version_id=v_mid and code='health_wellbeing_accessibility'), 'non_residential', 'south_east_europe', 0.2) on conflict (methodology_version_id, domain_id, impact_criterion_id, building_type, climate_zone) do nothing;
  insert into public.sri_domain_impact_weights (methodology_version_id, domain_id, impact_criterion_id, building_type, climate_zone, weight)
  values (v_mid, (select id from public.sri_technical_domains where methodology_version_id=v_mid and code='monitoring_and_control'), (select id from public.sri_impact_criteria where methodology_version_id=v_mid and code='maintenance_and_fault_prediction'), 'non_residential', 'south_east_europe', 0.2) on conflict (methodology_version_id, domain_id, impact_criterion_id, building_type, climate_zone) do nothing;
  insert into public.sri_domain_impact_weights (methodology_version_id, domain_id, impact_criterion_id, building_type, climate_zone, weight)
  values (v_mid, (select id from public.sri_technical_domains where methodology_version_id=v_mid and code='monitoring_and_control'), (select id from public.sri_impact_criteria where methodology_version_id=v_mid and code='information_to_occupants'), 'non_residential', 'south_east_europe', 0.2) on conflict (methodology_version_id, domain_id, impact_criterion_id, building_type, climate_zone) do nothing;

end $$;

commit;
