-- SRI seed — czesc 6/8 (wygenerowana przez store/sri/_split_seed.py)
-- Uruchom PO migracji 096_sri_catalogue.sql, po kolei: 01, 02, ...
-- Idempotentny (ON CONFLICT DO NOTHING) — mozna uruchomic ponownie bezpiecznie.

do $$
declare
  v_mid uuid;
  v_cat uuid;
begin
  select id into v_mid from public.sri_methodology_versions where code = 'eu-2020-2155-v1';
  select id into v_cat from public.sri_catalogues where methodology_version_id = v_mid and code = 'eu-method-b-2020-v4.5';
  if v_mid is null or v_cat is null then
    raise exception 'Brak metodologii/katalogu — uruchom najpierw migracje 096.';
  end if;

  insert into public.sri_services (id, catalogue_id, domain_id, official_code, internal_code, sort_order, official_name, service_group, purpose, when_applicable, typical_devices, preconditions, fl_max, included_in_method_a, included_in_method_b, triage_affects_max, applicability_mode, mutual_exclusion_group, standards_basis, provenance)
  values ('8a9a3a75-f9f4-54f9-a54d-78bd686e4aa0', v_cat, (select id from public.sri_technical_domains where methodology_version_id=v_mid and code='monitoring_and_control'), 'MC-28', 'M-06', 52, '{"en": "Reporting information regarding demand side management performance and operation", "pl": "Detekcja obecności powiązana z usługami budynku"}'::jsonb, 'Feedback - Reporting information', '{"en": "Use occupancy to drive heating, lighting and ventilation."}'::jsonb, '{"en": "When building-wide occupancy sensing exists."}'::jsonb, '{"PIR networks","CO₂ proxy","Access control integration"}', '0', 2, false, true, true, 'smart_ready', null, '{"DG ENER Technical Study 2020"}', 'VERIFIED_ANNEX_D')
  on conflict (catalogue_id, official_code) do nothing;
  insert into public.sri_functionality_levels (id, service_id, level_number, official_description)
  values ('533a7ba5-e039-53f1-b40f-52cecd209395', '8a9a3a75-f9f4-54f9-a54d-78bd686e4aa0', 0, '{"en": "None"}'::jsonb) on conflict (service_id, level_number) do nothing;
  insert into public.sri_functionality_levels (id, service_id, level_number, official_description)
  values ('69b7fc1c-d70f-5ab3-bd63-d041d83871d0', '8a9a3a75-f9f4-54f9-a54d-78bd686e4aa0', 1, '{"en": "Reporting information on current DSM status, including managed energy flows"}'::jsonb) on conflict (service_id, level_number) do nothing;
  insert into public.sri_functionality_levels (id, service_id, level_number, official_description)
  values ('6e64ac8a-437b-529e-8fa6-ced4a229d3f3', '8a9a3a75-f9f4-54f9-a54d-78bd686e4aa0', 2, '{"en": "Reporting information on currenthistorical and predicted DSM status, including managed energy flows"}'::jsonb) on conflict (service_id, level_number) do nothing;
  insert into public.sri_functionality_level_impact_scores (functionality_level_id, impact_criterion_id, score)
  values ('533a7ba5-e039-53f1-b40f-52cecd209395', (select id from public.sri_impact_criteria where methodology_version_id=v_mid and code='energy_efficiency'), 0) on conflict (functionality_level_id, impact_criterion_id) do nothing;
  insert into public.sri_functionality_level_impact_scores (functionality_level_id, impact_criterion_id, score)
  values ('533a7ba5-e039-53f1-b40f-52cecd209395', (select id from public.sri_impact_criteria where methodology_version_id=v_mid and code='energy_flexibility_and_storage'), 0) on conflict (functionality_level_id, impact_criterion_id) do nothing;
  insert into public.sri_functionality_level_impact_scores (functionality_level_id, impact_criterion_id, score)
  values ('533a7ba5-e039-53f1-b40f-52cecd209395', (select id from public.sri_impact_criteria where methodology_version_id=v_mid and code='comfort'), 0) on conflict (functionality_level_id, impact_criterion_id) do nothing;
  insert into public.sri_functionality_level_impact_scores (functionality_level_id, impact_criterion_id, score)
  values ('533a7ba5-e039-53f1-b40f-52cecd209395', (select id from public.sri_impact_criteria where methodology_version_id=v_mid and code='convenience'), 0) on conflict (functionality_level_id, impact_criterion_id) do nothing;
  insert into public.sri_functionality_level_impact_scores (functionality_level_id, impact_criterion_id, score)
  values ('533a7ba5-e039-53f1-b40f-52cecd209395', (select id from public.sri_impact_criteria where methodology_version_id=v_mid and code='health_wellbeing_accessibility'), 0) on conflict (functionality_level_id, impact_criterion_id) do nothing;
  insert into public.sri_functionality_level_impact_scores (functionality_level_id, impact_criterion_id, score)
  values ('533a7ba5-e039-53f1-b40f-52cecd209395', (select id from public.sri_impact_criteria where methodology_version_id=v_mid and code='maintenance_and_fault_prediction'), 0) on conflict (functionality_level_id, impact_criterion_id) do nothing;
  insert into public.sri_functionality_level_impact_scores (functionality_level_id, impact_criterion_id, score)
  values ('533a7ba5-e039-53f1-b40f-52cecd209395', (select id from public.sri_impact_criteria where methodology_version_id=v_mid and code='information_to_occupants'), 0) on conflict (functionality_level_id, impact_criterion_id) do nothing;
  insert into public.sri_functionality_level_impact_scores (functionality_level_id, impact_criterion_id, score)
  values ('69b7fc1c-d70f-5ab3-bd63-d041d83871d0', (select id from public.sri_impact_criteria where methodology_version_id=v_mid and code='energy_efficiency'), 0) on conflict (functionality_level_id, impact_criterion_id) do nothing;
  insert into public.sri_functionality_level_impact_scores (functionality_level_id, impact_criterion_id, score)
  values ('69b7fc1c-d70f-5ab3-bd63-d041d83871d0', (select id from public.sri_impact_criteria where methodology_version_id=v_mid and code='energy_flexibility_and_storage'), 1) on conflict (functionality_level_id, impact_criterion_id) do nothing;
  insert into public.sri_functionality_level_impact_scores (functionality_level_id, impact_criterion_id, score)
  values ('69b7fc1c-d70f-5ab3-bd63-d041d83871d0', (select id from public.sri_impact_criteria where methodology_version_id=v_mid and code='comfort'), 0) on conflict (functionality_level_id, impact_criterion_id) do nothing;
  insert into public.sri_functionality_level_impact_scores (functionality_level_id, impact_criterion_id, score)
  values ('69b7fc1c-d70f-5ab3-bd63-d041d83871d0', (select id from public.sri_impact_criteria where methodology_version_id=v_mid and code='convenience'), 0) on conflict (functionality_level_id, impact_criterion_id) do nothing;
  insert into public.sri_functionality_level_impact_scores (functionality_level_id, impact_criterion_id, score)
  values ('69b7fc1c-d70f-5ab3-bd63-d041d83871d0', (select id from public.sri_impact_criteria where methodology_version_id=v_mid and code='health_wellbeing_accessibility'), 0) on conflict (functionality_level_id, impact_criterion_id) do nothing;
  insert into public.sri_functionality_level_impact_scores (functionality_level_id, impact_criterion_id, score)
  values ('69b7fc1c-d70f-5ab3-bd63-d041d83871d0', (select id from public.sri_impact_criteria where methodology_version_id=v_mid and code='maintenance_and_fault_prediction'), 0) on conflict (functionality_level_id, impact_criterion_id) do nothing;
  insert into public.sri_functionality_level_impact_scores (functionality_level_id, impact_criterion_id, score)
  values ('69b7fc1c-d70f-5ab3-bd63-d041d83871d0', (select id from public.sri_impact_criteria where methodology_version_id=v_mid and code='information_to_occupants'), 2) on conflict (functionality_level_id, impact_criterion_id) do nothing;
  insert into public.sri_functionality_level_impact_scores (functionality_level_id, impact_criterion_id, score)
  values ('6e64ac8a-437b-529e-8fa6-ced4a229d3f3', (select id from public.sri_impact_criteria where methodology_version_id=v_mid and code='energy_efficiency'), 0) on conflict (functionality_level_id, impact_criterion_id) do nothing;
  insert into public.sri_functionality_level_impact_scores (functionality_level_id, impact_criterion_id, score)
  values ('6e64ac8a-437b-529e-8fa6-ced4a229d3f3', (select id from public.sri_impact_criteria where methodology_version_id=v_mid and code='energy_flexibility_and_storage'), 2) on conflict (functionality_level_id, impact_criterion_id) do nothing;
  insert into public.sri_functionality_level_impact_scores (functionality_level_id, impact_criterion_id, score)
  values ('6e64ac8a-437b-529e-8fa6-ced4a229d3f3', (select id from public.sri_impact_criteria where methodology_version_id=v_mid and code='comfort'), 0) on conflict (functionality_level_id, impact_criterion_id) do nothing;
  insert into public.sri_functionality_level_impact_scores (functionality_level_id, impact_criterion_id, score)
  values ('6e64ac8a-437b-529e-8fa6-ced4a229d3f3', (select id from public.sri_impact_criteria where methodology_version_id=v_mid and code='convenience'), 0) on conflict (functionality_level_id, impact_criterion_id) do nothing;
  insert into public.sri_functionality_level_impact_scores (functionality_level_id, impact_criterion_id, score)
  values ('6e64ac8a-437b-529e-8fa6-ced4a229d3f3', (select id from public.sri_impact_criteria where methodology_version_id=v_mid and code='health_wellbeing_accessibility'), 0) on conflict (functionality_level_id, impact_criterion_id) do nothing;
  insert into public.sri_functionality_level_impact_scores (functionality_level_id, impact_criterion_id, score)
  values ('6e64ac8a-437b-529e-8fa6-ced4a229d3f3', (select id from public.sri_impact_criteria where methodology_version_id=v_mid and code='maintenance_and_fault_prediction'), 1) on conflict (functionality_level_id, impact_criterion_id) do nothing;
  insert into public.sri_functionality_level_impact_scores (functionality_level_id, impact_criterion_id, score)
  values ('6e64ac8a-437b-529e-8fa6-ced4a229d3f3', (select id from public.sri_impact_criteria where methodology_version_id=v_mid and code='information_to_occupants'), 3) on conflict (functionality_level_id, impact_criterion_id) do nothing;

  insert into public.sri_services (id, catalogue_id, domain_id, official_code, internal_code, sort_order, official_name, service_group, purpose, when_applicable, typical_devices, preconditions, fl_max, included_in_method_a, included_in_method_b, triage_affects_max, applicability_mode, mutual_exclusion_group, standards_basis, provenance)
  values ('ba0ef66e-5628-5afb-9a66-1adf8f73b8c1', v_cat, (select id from public.sri_technical_domains where methodology_version_id=v_mid and code='monitoring_and_control'), 'MC-29', 'M-07', 53, '{"en": "Override of DSM control", "pl": "Raportowanie efektów zarządzania popytem (DSM)"}'::jsonb, 'Override control', '{"en": "Report load shifting and DSM outcomes."}'::jsonb, '{"en": "When DSM strategies are implemented."}'::jsonb, '{"EMS","Utility portals"}', '0', 4, false, true, true, 'smart_ready', null, '{"DG ENER Technical Study 2020"}', 'VERIFIED_ANNEX_D')
  on conflict (catalogue_id, official_code) do nothing;
  insert into public.sri_functionality_levels (id, service_id, level_number, official_description)
  values ('7455f47e-92f7-555b-8e43-12a43c7b893f', 'ba0ef66e-5628-5afb-9a66-1adf8f73b8c1', 0, '{"en": "No DSM control"}'::jsonb) on conflict (service_id, level_number) do nothing;
  insert into public.sri_functionality_levels (id, service_id, level_number, official_description)
  values ('285d1444-004b-59b9-954c-b41c623549ab', 'ba0ef66e-5628-5afb-9a66-1adf8f73b8c1', 1, '{"en": "DSM control without the possibility to override this control by the building user (occupant or facility manager)"}'::jsonb) on conflict (service_id, level_number) do nothing;
  insert into public.sri_functionality_levels (id, service_id, level_number, official_description)
  values ('e32aba15-cb0c-5e8a-ab2d-8f3172e4268f', 'ba0ef66e-5628-5afb-9a66-1adf8f73b8c1', 2, '{"en": "Manual override and reactivation of DSM control by the building user"}'::jsonb) on conflict (service_id, level_number) do nothing;
  insert into public.sri_functionality_levels (id, service_id, level_number, official_description)
  values ('92065797-aae9-550a-9edb-c902b86366f3', 'ba0ef66e-5628-5afb-9a66-1adf8f73b8c1', 3, '{"en": "Scheduled override of DSM control (and reactivation) by the building user"}'::jsonb) on conflict (service_id, level_number) do nothing;
  insert into public.sri_functionality_levels (id, service_id, level_number, official_description)
  values ('82a2c04f-3ad7-5e6f-ae40-a834e8698abb', 'ba0ef66e-5628-5afb-9a66-1adf8f73b8c1', 4, '{"en": "Scheduled override of DSM control and reactivation with optimised control"}'::jsonb) on conflict (service_id, level_number) do nothing;
  insert into public.sri_functionality_level_impact_scores (functionality_level_id, impact_criterion_id, score)
  values ('7455f47e-92f7-555b-8e43-12a43c7b893f', (select id from public.sri_impact_criteria where methodology_version_id=v_mid and code='energy_efficiency'), 0) on conflict (functionality_level_id, impact_criterion_id) do nothing;
  insert into public.sri_functionality_level_impact_scores (functionality_level_id, impact_criterion_id, score)
  values ('7455f47e-92f7-555b-8e43-12a43c7b893f', (select id from public.sri_impact_criteria where methodology_version_id=v_mid and code='energy_flexibility_and_storage'), 0) on conflict (functionality_level_id, impact_criterion_id) do nothing;
  insert into public.sri_functionality_level_impact_scores (functionality_level_id, impact_criterion_id, score)
  values ('7455f47e-92f7-555b-8e43-12a43c7b893f', (select id from public.sri_impact_criteria where methodology_version_id=v_mid and code='comfort'), 0) on conflict (functionality_level_id, impact_criterion_id) do nothing;
  insert into public.sri_functionality_level_impact_scores (functionality_level_id, impact_criterion_id, score)
  values ('7455f47e-92f7-555b-8e43-12a43c7b893f', (select id from public.sri_impact_criteria where methodology_version_id=v_mid and code='convenience'), 0) on conflict (functionality_level_id, impact_criterion_id) do nothing;
  insert into public.sri_functionality_level_impact_scores (functionality_level_id, impact_criterion_id, score)
  values ('7455f47e-92f7-555b-8e43-12a43c7b893f', (select id from public.sri_impact_criteria where methodology_version_id=v_mid and code='health_wellbeing_accessibility'), 0) on conflict (functionality_level_id, impact_criterion_id) do nothing;
  insert into public.sri_functionality_level_impact_scores (functionality_level_id, impact_criterion_id, score)
  values ('7455f47e-92f7-555b-8e43-12a43c7b893f', (select id from public.sri_impact_criteria where methodology_version_id=v_mid and code='maintenance_and_fault_prediction'), 0) on conflict (functionality_level_id, impact_criterion_id) do nothing;
  insert into public.sri_functionality_level_impact_scores (functionality_level_id, impact_criterion_id, score)
  values ('7455f47e-92f7-555b-8e43-12a43c7b893f', (select id from public.sri_impact_criteria where methodology_version_id=v_mid and code='information_to_occupants'), 0) on conflict (functionality_level_id, impact_criterion_id) do nothing;
  insert into public.sri_functionality_level_impact_scores (functionality_level_id, impact_criterion_id, score)
  values ('285d1444-004b-59b9-954c-b41c623549ab', (select id from public.sri_impact_criteria where methodology_version_id=v_mid and code='energy_efficiency'), 0) on conflict (functionality_level_id, impact_criterion_id) do nothing;
  insert into public.sri_functionality_level_impact_scores (functionality_level_id, impact_criterion_id, score)
  values ('285d1444-004b-59b9-954c-b41c623549ab', (select id from public.sri_impact_criteria where methodology_version_id=v_mid and code='energy_flexibility_and_storage'), 3) on conflict (functionality_level_id, impact_criterion_id) do nothing;
  insert into public.sri_functionality_level_impact_scores (functionality_level_id, impact_criterion_id, score)
  values ('285d1444-004b-59b9-954c-b41c623549ab', (select id from public.sri_impact_criteria where methodology_version_id=v_mid and code='comfort'), -2) on conflict (functionality_level_id, impact_criterion_id) do nothing;
  insert into public.sri_functionality_level_impact_scores (functionality_level_id, impact_criterion_id, score)
  values ('285d1444-004b-59b9-954c-b41c623549ab', (select id from public.sri_impact_criteria where methodology_version_id=v_mid and code='convenience'), 0) on conflict (functionality_level_id, impact_criterion_id) do nothing;
  insert into public.sri_functionality_level_impact_scores (functionality_level_id, impact_criterion_id, score)
  values ('285d1444-004b-59b9-954c-b41c623549ab', (select id from public.sri_impact_criteria where methodology_version_id=v_mid and code='health_wellbeing_accessibility'), 0) on conflict (functionality_level_id, impact_criterion_id) do nothing;
  insert into public.sri_functionality_level_impact_scores (functionality_level_id, impact_criterion_id, score)
  values ('285d1444-004b-59b9-954c-b41c623549ab', (select id from public.sri_impact_criteria where methodology_version_id=v_mid and code='maintenance_and_fault_prediction'), -1) on conflict (functionality_level_id, impact_criterion_id) do nothing;
  insert into public.sri_functionality_level_impact_scores (functionality_level_id, impact_criterion_id, score)
  values ('285d1444-004b-59b9-954c-b41c623549ab', (select id from public.sri_impact_criteria where methodology_version_id=v_mid and code='information_to_occupants'), -2) on conflict (functionality_level_id, impact_criterion_id) do nothing;
  insert into public.sri_functionality_level_impact_scores (functionality_level_id, impact_criterion_id, score)
  values ('e32aba15-cb0c-5e8a-ab2d-8f3172e4268f', (select id from public.sri_impact_criteria where methodology_version_id=v_mid and code='energy_efficiency'), 0) on conflict (functionality_level_id, impact_criterion_id) do nothing;
  insert into public.sri_functionality_level_impact_scores (functionality_level_id, impact_criterion_id, score)
  values ('e32aba15-cb0c-5e8a-ab2d-8f3172e4268f', (select id from public.sri_impact_criteria where methodology_version_id=v_mid and code='energy_flexibility_and_storage'), 1) on conflict (functionality_level_id, impact_criterion_id) do nothing;
  insert into public.sri_functionality_level_impact_scores (functionality_level_id, impact_criterion_id, score)
  values ('e32aba15-cb0c-5e8a-ab2d-8f3172e4268f', (select id from public.sri_impact_criteria where methodology_version_id=v_mid and code='comfort'), 0) on conflict (functionality_level_id, impact_criterion_id) do nothing;
  insert into public.sri_functionality_level_impact_scores (functionality_level_id, impact_criterion_id, score)
  values ('e32aba15-cb0c-5e8a-ab2d-8f3172e4268f', (select id from public.sri_impact_criteria where methodology_version_id=v_mid and code='convenience'), 1) on conflict (functionality_level_id, impact_criterion_id) do nothing;
  insert into public.sri_functionality_level_impact_scores (functionality_level_id, impact_criterion_id, score)
  values ('e32aba15-cb0c-5e8a-ab2d-8f3172e4268f', (select id from public.sri_impact_criteria where methodology_version_id=v_mid and code='health_wellbeing_accessibility'), 0) on conflict (functionality_level_id, impact_criterion_id) do nothing;
  insert into public.sri_functionality_level_impact_scores (functionality_level_id, impact_criterion_id, score)
  values ('e32aba15-cb0c-5e8a-ab2d-8f3172e4268f', (select id from public.sri_impact_criteria where methodology_version_id=v_mid and code='maintenance_and_fault_prediction'), 0) on conflict (functionality_level_id, impact_criterion_id) do nothing;
  insert into public.sri_functionality_level_impact_scores (functionality_level_id, impact_criterion_id, score)
  values ('e32aba15-cb0c-5e8a-ab2d-8f3172e4268f', (select id from public.sri_impact_criteria where methodology_version_id=v_mid and code='information_to_occupants'), 0) on conflict (functionality_level_id, impact_criterion_id) do nothing;
  insert into public.sri_functionality_level_impact_scores (functionality_level_id, impact_criterion_id, score)
  values ('92065797-aae9-550a-9edb-c902b86366f3', (select id from public.sri_impact_criteria where methodology_version_id=v_mid and code='energy_efficiency'), 0) on conflict (functionality_level_id, impact_criterion_id) do nothing;
  insert into public.sri_functionality_level_impact_scores (functionality_level_id, impact_criterion_id, score)
  values ('92065797-aae9-550a-9edb-c902b86366f3', (select id from public.sri_impact_criteria where methodology_version_id=v_mid and code='energy_flexibility_and_storage'), 1) on conflict (functionality_level_id, impact_criterion_id) do nothing;
  insert into public.sri_functionality_level_impact_scores (functionality_level_id, impact_criterion_id, score)
  values ('92065797-aae9-550a-9edb-c902b86366f3', (select id from public.sri_impact_criteria where methodology_version_id=v_mid and code='comfort'), 0) on conflict (functionality_level_id, impact_criterion_id) do nothing;
  insert into public.sri_functionality_level_impact_scores (functionality_level_id, impact_criterion_id, score)
  values ('92065797-aae9-550a-9edb-c902b86366f3', (select id from public.sri_impact_criteria where methodology_version_id=v_mid and code='convenience'), 2) on conflict (functionality_level_id, impact_criterion_id) do nothing;
  insert into public.sri_functionality_level_impact_scores (functionality_level_id, impact_criterion_id, score)
  values ('92065797-aae9-550a-9edb-c902b86366f3', (select id from public.sri_impact_criteria where methodology_version_id=v_mid and code='health_wellbeing_accessibility'), 0) on conflict (functionality_level_id, impact_criterion_id) do nothing;
  insert into public.sri_functionality_level_impact_scores (functionality_level_id, impact_criterion_id, score)
  values ('92065797-aae9-550a-9edb-c902b86366f3', (select id from public.sri_impact_criteria where methodology_version_id=v_mid and code='maintenance_and_fault_prediction'), 1) on conflict (functionality_level_id, impact_criterion_id) do nothing;
  insert into public.sri_functionality_level_impact_scores (functionality_level_id, impact_criterion_id, score)
  values ('92065797-aae9-550a-9edb-c902b86366f3', (select id from public.sri_impact_criteria where methodology_version_id=v_mid and code='information_to_occupants'), 0) on conflict (functionality_level_id, impact_criterion_id) do nothing;
  insert into public.sri_functionality_level_impact_scores (functionality_level_id, impact_criterion_id, score)
  values ('82a2c04f-3ad7-5e6f-ae40-a834e8698abb', (select id from public.sri_impact_criteria where methodology_version_id=v_mid and code='energy_efficiency'), 0) on conflict (functionality_level_id, impact_criterion_id) do nothing;
  insert into public.sri_functionality_level_impact_scores (functionality_level_id, impact_criterion_id, score)
  values ('82a2c04f-3ad7-5e6f-ae40-a834e8698abb', (select id from public.sri_impact_criteria where methodology_version_id=v_mid and code='energy_flexibility_and_storage'), 2) on conflict (functionality_level_id, impact_criterion_id) do nothing;
  insert into public.sri_functionality_level_impact_scores (functionality_level_id, impact_criterion_id, score)
  values ('82a2c04f-3ad7-5e6f-ae40-a834e8698abb', (select id from public.sri_impact_criteria where methodology_version_id=v_mid and code='comfort'), 0) on conflict (functionality_level_id, impact_criterion_id) do nothing;
  insert into public.sri_functionality_level_impact_scores (functionality_level_id, impact_criterion_id, score)
  values ('82a2c04f-3ad7-5e6f-ae40-a834e8698abb', (select id from public.sri_impact_criteria where methodology_version_id=v_mid and code='convenience'), 3) on conflict (functionality_level_id, impact_criterion_id) do nothing;
  insert into public.sri_functionality_level_impact_scores (functionality_level_id, impact_criterion_id, score)
  values ('82a2c04f-3ad7-5e6f-ae40-a834e8698abb', (select id from public.sri_impact_criteria where methodology_version_id=v_mid and code='health_wellbeing_accessibility'), 0) on conflict (functionality_level_id, impact_criterion_id) do nothing;
  insert into public.sri_functionality_level_impact_scores (functionality_level_id, impact_criterion_id, score)
  values ('82a2c04f-3ad7-5e6f-ae40-a834e8698abb', (select id from public.sri_impact_criteria where methodology_version_id=v_mid and code='maintenance_and_fault_prediction'), 1) on conflict (functionality_level_id, impact_criterion_id) do nothing;
  insert into public.sri_functionality_level_impact_scores (functionality_level_id, impact_criterion_id, score)
  values ('82a2c04f-3ad7-5e6f-ae40-a834e8698abb', (select id from public.sri_impact_criteria where methodology_version_id=v_mid and code='information_to_occupants'), 0) on conflict (functionality_level_id, impact_criterion_id) do nothing;

  insert into public.sri_services (id, catalogue_id, domain_id, official_code, internal_code, sort_order, official_name, service_group, purpose, when_applicable, typical_devices, preconditions, fl_max, included_in_method_a, included_in_method_b, triage_affects_max, applicability_mode, mutual_exclusion_group, standards_basis, provenance)
  values ('29674251-2d39-5f04-b1f6-e2a99fcb4344', v_cat, (select id from public.sri_technical_domains where methodology_version_id=v_mid and code='monitoring_and_control'), 'MC-30', 'M-08', 54, '{"en": "Single platform that allows automated control & coordination between TBS + optimization of energy flow based on occupancy, weather and grid signals", "pl": "Optymalizacja przepływów energii wg obecności, pogody i sygnałów sieci"}'::jsonb, 'Single platform that allows automated control & coordination between TBS + optimization of energy flow based on occupancy, weather and grid signals', '{"en": "Holistic optimization across systems and external signals."}'::jsonb, '{"en": "When advanced BMS/EMS with external data exists."}'::jsonb, '{"EMS","Digital twin","Grid APIs"}', 'Always to be assessed', 3, true, true, true, 'smart_ready', null, '{"DG ENER Technical Study 2020"}', 'VERIFIED_ANNEX_D')
  on conflict (catalogue_id, official_code) do nothing;
  insert into public.sri_functionality_levels (id, service_id, level_number, official_description)
  values ('3131d3bb-b43b-51d9-905b-c8a74336623a', '29674251-2d39-5f04-b1f6-e2a99fcb4344', 0, '{"en": "None"}'::jsonb) on conflict (service_id, level_number) do nothing;
  insert into public.sri_functionality_levels (id, service_id, level_number, official_description)
  values ('2d41c658-198d-58da-bb66-6c73882da727', '29674251-2d39-5f04-b1f6-e2a99fcb4344', 1, '{"en": "Single platform that allows manual control of multiple TBS"}'::jsonb) on conflict (service_id, level_number) do nothing;
  insert into public.sri_functionality_levels (id, service_id, level_number, official_description)
  values ('b8d943af-e0c5-5fe4-aa9a-20362ab0e2bd', '29674251-2d39-5f04-b1f6-e2a99fcb4344', 2, '{"en": "Single platform that allows automated control & coordination between TBS"}'::jsonb) on conflict (service_id, level_number) do nothing;
  insert into public.sri_functionality_levels (id, service_id, level_number, official_description)
  values ('8367de1c-d65c-54ac-b883-5a9f8de956e9', '29674251-2d39-5f04-b1f6-e2a99fcb4344', 3, '{"en": "Single platform that allows automated control & coordination between TBS + optimization of energy flow based on occupancy, weather and grid signals"}'::jsonb) on conflict (service_id, level_number) do nothing;
  insert into public.sri_functionality_level_impact_scores (functionality_level_id, impact_criterion_id, score)
  values ('3131d3bb-b43b-51d9-905b-c8a74336623a', (select id from public.sri_impact_criteria where methodology_version_id=v_mid and code='energy_efficiency'), 0) on conflict (functionality_level_id, impact_criterion_id) do nothing;
  insert into public.sri_functionality_level_impact_scores (functionality_level_id, impact_criterion_id, score)
  values ('3131d3bb-b43b-51d9-905b-c8a74336623a', (select id from public.sri_impact_criteria where methodology_version_id=v_mid and code='energy_flexibility_and_storage'), 0) on conflict (functionality_level_id, impact_criterion_id) do nothing;
  insert into public.sri_functionality_level_impact_scores (functionality_level_id, impact_criterion_id, score)
  values ('3131d3bb-b43b-51d9-905b-c8a74336623a', (select id from public.sri_impact_criteria where methodology_version_id=v_mid and code='comfort'), 0) on conflict (functionality_level_id, impact_criterion_id) do nothing;
  insert into public.sri_functionality_level_impact_scores (functionality_level_id, impact_criterion_id, score)
  values ('3131d3bb-b43b-51d9-905b-c8a74336623a', (select id from public.sri_impact_criteria where methodology_version_id=v_mid and code='convenience'), 0) on conflict (functionality_level_id, impact_criterion_id) do nothing;
  insert into public.sri_functionality_level_impact_scores (functionality_level_id, impact_criterion_id, score)
  values ('3131d3bb-b43b-51d9-905b-c8a74336623a', (select id from public.sri_impact_criteria where methodology_version_id=v_mid and code='health_wellbeing_accessibility'), 0) on conflict (functionality_level_id, impact_criterion_id) do nothing;
  insert into public.sri_functionality_level_impact_scores (functionality_level_id, impact_criterion_id, score)
  values ('3131d3bb-b43b-51d9-905b-c8a74336623a', (select id from public.sri_impact_criteria where methodology_version_id=v_mid and code='maintenance_and_fault_prediction'), 0) on conflict (functionality_level_id, impact_criterion_id) do nothing;
  insert into public.sri_functionality_level_impact_scores (functionality_level_id, impact_criterion_id, score)
  values ('3131d3bb-b43b-51d9-905b-c8a74336623a', (select id from public.sri_impact_criteria where methodology_version_id=v_mid and code='information_to_occupants'), 0) on conflict (functionality_level_id, impact_criterion_id) do nothing;
  insert into public.sri_functionality_level_impact_scores (functionality_level_id, impact_criterion_id, score)
  values ('2d41c658-198d-58da-bb66-6c73882da727', (select id from public.sri_impact_criteria where methodology_version_id=v_mid and code='energy_efficiency'), 0) on conflict (functionality_level_id, impact_criterion_id) do nothing;
  insert into public.sri_functionality_level_impact_scores (functionality_level_id, impact_criterion_id, score)
  values ('2d41c658-198d-58da-bb66-6c73882da727', (select id from public.sri_impact_criteria where methodology_version_id=v_mid and code='energy_flexibility_and_storage'), 0) on conflict (functionality_level_id, impact_criterion_id) do nothing;
  insert into public.sri_functionality_level_impact_scores (functionality_level_id, impact_criterion_id, score)
  values ('2d41c658-198d-58da-bb66-6c73882da727', (select id from public.sri_impact_criteria where methodology_version_id=v_mid and code='comfort'), 0) on conflict (functionality_level_id, impact_criterion_id) do nothing;
  insert into public.sri_functionality_level_impact_scores (functionality_level_id, impact_criterion_id, score)
  values ('2d41c658-198d-58da-bb66-6c73882da727', (select id from public.sri_impact_criteria where methodology_version_id=v_mid and code='convenience'), 1) on conflict (functionality_level_id, impact_criterion_id) do nothing;
  insert into public.sri_functionality_level_impact_scores (functionality_level_id, impact_criterion_id, score)
  values ('2d41c658-198d-58da-bb66-6c73882da727', (select id from public.sri_impact_criteria where methodology_version_id=v_mid and code='health_wellbeing_accessibility'), 0) on conflict (functionality_level_id, impact_criterion_id) do nothing;
  insert into public.sri_functionality_level_impact_scores (functionality_level_id, impact_criterion_id, score)
  values ('2d41c658-198d-58da-bb66-6c73882da727', (select id from public.sri_impact_criteria where methodology_version_id=v_mid and code='maintenance_and_fault_prediction'), 1) on conflict (functionality_level_id, impact_criterion_id) do nothing;
  insert into public.sri_functionality_level_impact_scores (functionality_level_id, impact_criterion_id, score)
  values ('2d41c658-198d-58da-bb66-6c73882da727', (select id from public.sri_impact_criteria where methodology_version_id=v_mid and code='information_to_occupants'), 0) on conflict (functionality_level_id, impact_criterion_id) do nothing;
  insert into public.sri_functionality_level_impact_scores (functionality_level_id, impact_criterion_id, score)
  values ('b8d943af-e0c5-5fe4-aa9a-20362ab0e2bd', (select id from public.sri_impact_criteria where methodology_version_id=v_mid and code='energy_efficiency'), 1) on conflict (functionality_level_id, impact_criterion_id) do nothing;
  insert into public.sri_functionality_level_impact_scores (functionality_level_id, impact_criterion_id, score)
  values ('b8d943af-e0c5-5fe4-aa9a-20362ab0e2bd', (select id from public.sri_impact_criteria where methodology_version_id=v_mid and code='energy_flexibility_and_storage'), 0) on conflict (functionality_level_id, impact_criterion_id) do nothing;
  insert into public.sri_functionality_level_impact_scores (functionality_level_id, impact_criterion_id, score)
  values ('b8d943af-e0c5-5fe4-aa9a-20362ab0e2bd', (select id from public.sri_impact_criteria where methodology_version_id=v_mid and code='comfort'), 0) on conflict (functionality_level_id, impact_criterion_id) do nothing;
  insert into public.sri_functionality_level_impact_scores (functionality_level_id, impact_criterion_id, score)
  values ('b8d943af-e0c5-5fe4-aa9a-20362ab0e2bd', (select id from public.sri_impact_criteria where methodology_version_id=v_mid and code='convenience'), 2) on conflict (functionality_level_id, impact_criterion_id) do nothing;
  insert into public.sri_functionality_level_impact_scores (functionality_level_id, impact_criterion_id, score)
  values ('b8d943af-e0c5-5fe4-aa9a-20362ab0e2bd', (select id from public.sri_impact_criteria where methodology_version_id=v_mid and code='health_wellbeing_accessibility'), 0) on conflict (functionality_level_id, impact_criterion_id) do nothing;
  insert into public.sri_functionality_level_impact_scores (functionality_level_id, impact_criterion_id, score)
  values ('b8d943af-e0c5-5fe4-aa9a-20362ab0e2bd', (select id from public.sri_impact_criteria where methodology_version_id=v_mid and code='maintenance_and_fault_prediction'), 1) on conflict (functionality_level_id, impact_criterion_id) do nothing;
  insert into public.sri_functionality_level_impact_scores (functionality_level_id, impact_criterion_id, score)
  values ('b8d943af-e0c5-5fe4-aa9a-20362ab0e2bd', (select id from public.sri_impact_criteria where methodology_version_id=v_mid and code='information_to_occupants'), 0) on conflict (functionality_level_id, impact_criterion_id) do nothing;
  insert into public.sri_functionality_level_impact_scores (functionality_level_id, impact_criterion_id, score)
  values ('8367de1c-d65c-54ac-b883-5a9f8de956e9', (select id from public.sri_impact_criteria where methodology_version_id=v_mid and code='energy_efficiency'), 2) on conflict (functionality_level_id, impact_criterion_id) do nothing;
  insert into public.sri_functionality_level_impact_scores (functionality_level_id, impact_criterion_id, score)
  values ('8367de1c-d65c-54ac-b883-5a9f8de956e9', (select id from public.sri_impact_criteria where methodology_version_id=v_mid and code='energy_flexibility_and_storage'), 0) on conflict (functionality_level_id, impact_criterion_id) do nothing;
  insert into public.sri_functionality_level_impact_scores (functionality_level_id, impact_criterion_id, score)
  values ('8367de1c-d65c-54ac-b883-5a9f8de956e9', (select id from public.sri_impact_criteria where methodology_version_id=v_mid and code='comfort'), 0) on conflict (functionality_level_id, impact_criterion_id) do nothing;
  insert into public.sri_functionality_level_impact_scores (functionality_level_id, impact_criterion_id, score)
  values ('8367de1c-d65c-54ac-b883-5a9f8de956e9', (select id from public.sri_impact_criteria where methodology_version_id=v_mid and code='convenience'), 3) on conflict (functionality_level_id, impact_criterion_id) do nothing;
  insert into public.sri_functionality_level_impact_scores (functionality_level_id, impact_criterion_id, score)
  values ('8367de1c-d65c-54ac-b883-5a9f8de956e9', (select id from public.sri_impact_criteria where methodology_version_id=v_mid and code='health_wellbeing_accessibility'), 0) on conflict (functionality_level_id, impact_criterion_id) do nothing;
  insert into public.sri_functionality_level_impact_scores (functionality_level_id, impact_criterion_id, score)
  values ('8367de1c-d65c-54ac-b883-5a9f8de956e9', (select id from public.sri_impact_criteria where methodology_version_id=v_mid and code='maintenance_and_fault_prediction'), 1) on conflict (functionality_level_id, impact_criterion_id) do nothing;
  insert into public.sri_functionality_level_impact_scores (functionality_level_id, impact_criterion_id, score)
  values ('8367de1c-d65c-54ac-b883-5a9f8de956e9', (select id from public.sri_impact_criteria where methodology_version_id=v_mid and code='information_to_occupants'), 0) on conflict (functionality_level_id, impact_criterion_id) do nothing;

  -- wagi kryteriow W_f(ic)
  insert into public.sri_impact_criterion_weights (methodology_version_id, impact_criterion_id, building_type, weight)
  values (v_mid, (select id from public.sri_impact_criteria where methodology_version_id=v_mid and code='energy_efficiency'), 'residential', 0.1666666667) on conflict (methodology_version_id, impact_criterion_id, building_type) do nothing;
  insert into public.sri_impact_criterion_weights (methodology_version_id, impact_criterion_id, building_type, weight)
  values (v_mid, (select id from public.sri_impact_criteria where methodology_version_id=v_mid and code='energy_flexibility_and_storage'), 'residential', 0.3333333333) on conflict (methodology_version_id, impact_criterion_id, building_type) do nothing;
  insert into public.sri_impact_criterion_weights (methodology_version_id, impact_criterion_id, building_type, weight)
  values (v_mid, (select id from public.sri_impact_criteria where methodology_version_id=v_mid and code='comfort'), 'residential', 0.0833333333) on conflict (methodology_version_id, impact_criterion_id, building_type) do nothing;
  insert into public.sri_impact_criterion_weights (methodology_version_id, impact_criterion_id, building_type, weight)
  values (v_mid, (select id from public.sri_impact_criteria where methodology_version_id=v_mid and code='convenience'), 'residential', 0.0833333333) on conflict (methodology_version_id, impact_criterion_id, building_type) do nothing;
  insert into public.sri_impact_criterion_weights (methodology_version_id, impact_criterion_id, building_type, weight)
  values (v_mid, (select id from public.sri_impact_criteria where methodology_version_id=v_mid and code='health_wellbeing_accessibility'), 'residential', 0.0833333333) on conflict (methodology_version_id, impact_criterion_id, building_type) do nothing;
  insert into public.sri_impact_criterion_weights (methodology_version_id, impact_criterion_id, building_type, weight)
  values (v_mid, (select id from public.sri_impact_criteria where methodology_version_id=v_mid and code='maintenance_and_fault_prediction'), 'residential', 0.1666666667) on conflict (methodology_version_id, impact_criterion_id, building_type) do nothing;
  insert into public.sri_impact_criterion_weights (methodology_version_id, impact_criterion_id, building_type, weight)
  values (v_mid, (select id from public.sri_impact_criteria where methodology_version_id=v_mid and code='information_to_occupants'), 'residential', 0.0833333333) on conflict (methodology_version_id, impact_criterion_id, building_type) do nothing;
  insert into public.sri_impact_criterion_weights (methodology_version_id, impact_criterion_id, building_type, weight)
  values (v_mid, (select id from public.sri_impact_criteria where methodology_version_id=v_mid and code='energy_efficiency'), 'non_residential', 0.1666666667) on conflict (methodology_version_id, impact_criterion_id, building_type) do nothing;
  insert into public.sri_impact_criterion_weights (methodology_version_id, impact_criterion_id, building_type, weight)
  values (v_mid, (select id from public.sri_impact_criteria where methodology_version_id=v_mid and code='energy_flexibility_and_storage'), 'non_residential', 0.3333333333) on conflict (methodology_version_id, impact_criterion_id, building_type) do nothing;
  insert into public.sri_impact_criterion_weights (methodology_version_id, impact_criterion_id, building_type, weight)
  values (v_mid, (select id from public.sri_impact_criteria where methodology_version_id=v_mid and code='comfort'), 'non_residential', 0.0833333333) on conflict (methodology_version_id, impact_criterion_id, building_type) do nothing;
  insert into public.sri_impact_criterion_weights (methodology_version_id, impact_criterion_id, building_type, weight)
  values (v_mid, (select id from public.sri_impact_criteria where methodology_version_id=v_mid and code='convenience'), 'non_residential', 0.0833333333) on conflict (methodology_version_id, impact_criterion_id, building_type) do nothing;
  insert into public.sri_impact_criterion_weights (methodology_version_id, impact_criterion_id, building_type, weight)
  values (v_mid, (select id from public.sri_impact_criteria where methodology_version_id=v_mid and code='health_wellbeing_accessibility'), 'non_residential', 0.0833333333) on conflict (methodology_version_id, impact_criterion_id, building_type) do nothing;
  insert into public.sri_impact_criterion_weights (methodology_version_id, impact_criterion_id, building_type, weight)
  values (v_mid, (select id from public.sri_impact_criteria where methodology_version_id=v_mid and code='maintenance_and_fault_prediction'), 'non_residential', 0.1666666667) on conflict (methodology_version_id, impact_criterion_id, building_type) do nothing;
  insert into public.sri_impact_criterion_weights (methodology_version_id, impact_criterion_id, building_type, weight)
  values (v_mid, (select id from public.sri_impact_criteria where methodology_version_id=v_mid and code='information_to_occupants'), 'non_residential', 0.0833333333) on conflict (methodology_version_id, impact_criterion_id, building_type) do nothing;

  -- wagi domen W(d,ic) per typ budynku x strefa klimatyczna
  insert into public.sri_domain_impact_weights (methodology_version_id, domain_id, impact_criterion_id, building_type, climate_zone, weight)
  values (v_mid, (select id from public.sri_technical_domains where methodology_version_id=v_mid and code='heating'), (select id from public.sri_impact_criteria where methodology_version_id=v_mid and code='energy_efficiency'), 'residential', 'north_europe', 0.2990905106) on conflict (methodology_version_id, domain_id, impact_criterion_id, building_type, climate_zone) do nothing;
  insert into public.sri_domain_impact_weights (methodology_version_id, domain_id, impact_criterion_id, building_type, climate_zone, weight)
  values (v_mid, (select id from public.sri_technical_domains where methodology_version_id=v_mid and code='heating'), (select id from public.sri_impact_criteria where methodology_version_id=v_mid and code='energy_flexibility_and_storage'), 'residential', 'north_europe', 0.4267288852) on conflict (methodology_version_id, domain_id, impact_criterion_id, building_type, climate_zone) do nothing;
  insert into public.sri_domain_impact_weights (methodology_version_id, domain_id, impact_criterion_id, building_type, climate_zone, weight)
  values (v_mid, (select id from public.sri_technical_domains where methodology_version_id=v_mid and code='heating'), (select id from public.sri_impact_criteria where methodology_version_id=v_mid and code='comfort'), 'residential', 'north_europe', 0.16) on conflict (methodology_version_id, domain_id, impact_criterion_id, building_type, climate_zone) do nothing;
  insert into public.sri_domain_impact_weights (methodology_version_id, domain_id, impact_criterion_id, building_type, climate_zone, weight)
  values (v_mid, (select id from public.sri_technical_domains where methodology_version_id=v_mid and code='heating'), (select id from public.sri_impact_criteria where methodology_version_id=v_mid and code='convenience'), 'residential', 'north_europe', 0.1) on conflict (methodology_version_id, domain_id, impact_criterion_id, building_type, climate_zone) do nothing;
  insert into public.sri_domain_impact_weights (methodology_version_id, domain_id, impact_criterion_id, building_type, climate_zone, weight)
  values (v_mid, (select id from public.sri_technical_domains where methodology_version_id=v_mid and code='heating'), (select id from public.sri_impact_criteria where methodology_version_id=v_mid and code='health_wellbeing_accessibility'), 'residential', 'north_europe', 0.16) on conflict (methodology_version_id, domain_id, impact_criterion_id, building_type, climate_zone) do nothing;
  insert into public.sri_domain_impact_weights (methodology_version_id, domain_id, impact_criterion_id, building_type, climate_zone, weight)
  values (v_mid, (select id from public.sri_technical_domains where methodology_version_id=v_mid and code='heating'), (select id from public.sri_impact_criteria where methodology_version_id=v_mid and code='maintenance_and_fault_prediction'), 'residential', 'north_europe', 0.3145970715) on conflict (methodology_version_id, domain_id, impact_criterion_id, building_type, climate_zone) do nothing;
  insert into public.sri_domain_impact_weights (methodology_version_id, domain_id, impact_criterion_id, building_type, climate_zone, weight)
  values (v_mid, (select id from public.sri_technical_domains where methodology_version_id=v_mid and code='heating'), (select id from public.sri_impact_criteria where methodology_version_id=v_mid and code='information_to_occupants'), 'residential', 'north_europe', 0.1142857143) on conflict (methodology_version_id, domain_id, impact_criterion_id, building_type, climate_zone) do nothing;
  insert into public.sri_domain_impact_weights (methodology_version_id, domain_id, impact_criterion_id, building_type, climate_zone, weight)
  values (v_mid, (select id from public.sri_technical_domains where methodology_version_id=v_mid and code='domestic_hot_water'), (select id from public.sri_impact_criteria where methodology_version_id=v_mid and code='energy_efficiency'), 'residential', 'north_europe', 0.092805265) on conflict (methodology_version_id, domain_id, impact_criterion_id, building_type, climate_zone) do nothing;
  insert into public.sri_domain_impact_weights (methodology_version_id, domain_id, impact_criterion_id, building_type, climate_zone, weight)
  values (v_mid, (select id from public.sri_technical_domains where methodology_version_id=v_mid and code='domestic_hot_water'), (select id from public.sri_impact_criteria where methodology_version_id=v_mid and code='energy_flexibility_and_storage'), 'residential', 'north_europe', 0.132410377) on conflict (methodology_version_id, domain_id, impact_criterion_id, building_type, climate_zone) do nothing;
  insert into public.sri_domain_impact_weights (methodology_version_id, domain_id, impact_criterion_id, building_type, climate_zone, weight)
  values (v_mid, (select id from public.sri_technical_domains where methodology_version_id=v_mid and code='domestic_hot_water'), (select id from public.sri_impact_criteria where methodology_version_id=v_mid and code='comfort'), 'residential', 'north_europe', 0.0) on conflict (methodology_version_id, domain_id, impact_criterion_id, building_type, climate_zone) do nothing;
  insert into public.sri_domain_impact_weights (methodology_version_id, domain_id, impact_criterion_id, building_type, climate_zone, weight)
  values (v_mid, (select id from public.sri_technical_domains where methodology_version_id=v_mid and code='domestic_hot_water'), (select id from public.sri_impact_criteria where methodology_version_id=v_mid and code='convenience'), 'residential', 'north_europe', 0.1) on conflict (methodology_version_id, domain_id, impact_criterion_id, building_type, climate_zone) do nothing;
  insert into public.sri_domain_impact_weights (methodology_version_id, domain_id, impact_criterion_id, building_type, climate_zone, weight)
  values (v_mid, (select id from public.sri_technical_domains where methodology_version_id=v_mid and code='domestic_hot_water'), (select id from public.sri_impact_criteria where methodology_version_id=v_mid and code='health_wellbeing_accessibility'), 'residential', 'north_europe', 0.0) on conflict (methodology_version_id, domain_id, impact_criterion_id, building_type, climate_zone) do nothing;
  insert into public.sri_domain_impact_weights (methodology_version_id, domain_id, impact_criterion_id, building_type, climate_zone, weight)
  values (v_mid, (select id from public.sri_technical_domains where methodology_version_id=v_mid and code='domestic_hot_water'), (select id from public.sri_impact_criteria where methodology_version_id=v_mid and code='maintenance_and_fault_prediction'), 'residential', 'north_europe', 0.0976168201) on conflict (methodology_version_id, domain_id, impact_criterion_id, building_type, climate_zone) do nothing;
  insert into public.sri_domain_impact_weights (methodology_version_id, domain_id, impact_criterion_id, building_type, climate_zone, weight)
  values (v_mid, (select id from public.sri_technical_domains where methodology_version_id=v_mid and code='domestic_hot_water'), (select id from public.sri_impact_criteria where methodology_version_id=v_mid and code='information_to_occupants'), 'residential', 'north_europe', 0.1142857143) on conflict (methodology_version_id, domain_id, impact_criterion_id, building_type, climate_zone) do nothing;
  insert into public.sri_domain_impact_weights (methodology_version_id, domain_id, impact_criterion_id, building_type, climate_zone, weight)
  values (v_mid, (select id from public.sri_technical_domains where methodology_version_id=v_mid and code='cooling'), (select id from public.sri_impact_criteria where methodology_version_id=v_mid and code='energy_efficiency'), 'residential', 'north_europe', 0.0) on conflict (methodology_version_id, domain_id, impact_criterion_id, building_type, climate_zone) do nothing;
  insert into public.sri_domain_impact_weights (methodology_version_id, domain_id, impact_criterion_id, building_type, climate_zone, weight)
  values (v_mid, (select id from public.sri_technical_domains where methodology_version_id=v_mid and code='cooling'), (select id from public.sri_impact_criteria where methodology_version_id=v_mid and code='energy_flexibility_and_storage'), 'residential', 'north_europe', 0.0) on conflict (methodology_version_id, domain_id, impact_criterion_id, building_type, climate_zone) do nothing;
  insert into public.sri_domain_impact_weights (methodology_version_id, domain_id, impact_criterion_id, building_type, climate_zone, weight)
  values (v_mid, (select id from public.sri_technical_domains where methodology_version_id=v_mid and code='cooling'), (select id from public.sri_impact_criteria where methodology_version_id=v_mid and code='comfort'), 'residential', 'north_europe', 0.16) on conflict (methodology_version_id, domain_id, impact_criterion_id, building_type, climate_zone) do nothing;
  insert into public.sri_domain_impact_weights (methodology_version_id, domain_id, impact_criterion_id, building_type, climate_zone, weight)
  values (v_mid, (select id from public.sri_technical_domains where methodology_version_id=v_mid and code='cooling'), (select id from public.sri_impact_criteria where methodology_version_id=v_mid and code='convenience'), 'residential', 'north_europe', 0.1) on conflict (methodology_version_id, domain_id, impact_criterion_id, building_type, climate_zone) do nothing;
  insert into public.sri_domain_impact_weights (methodology_version_id, domain_id, impact_criterion_id, building_type, climate_zone, weight)
  values (v_mid, (select id from public.sri_technical_domains where methodology_version_id=v_mid and code='cooling'), (select id from public.sri_impact_criteria where methodology_version_id=v_mid and code='health_wellbeing_accessibility'), 'residential', 'north_europe', 0.16) on conflict (methodology_version_id, domain_id, impact_criterion_id, building_type, climate_zone) do nothing;
  insert into public.sri_domain_impact_weights (methodology_version_id, domain_id, impact_criterion_id, building_type, climate_zone, weight)
  values (v_mid, (select id from public.sri_technical_domains where methodology_version_id=v_mid and code='cooling'), (select id from public.sri_impact_criteria where methodology_version_id=v_mid and code='maintenance_and_fault_prediction'), 'residential', 'north_europe', 0.0) on conflict (methodology_version_id, domain_id, impact_criterion_id, building_type, climate_zone) do nothing;
  insert into public.sri_domain_impact_weights (methodology_version_id, domain_id, impact_criterion_id, building_type, climate_zone, weight)
  values (v_mid, (select id from public.sri_technical_domains where methodology_version_id=v_mid and code='cooling'), (select id from public.sri_impact_criteria where methodology_version_id=v_mid and code='information_to_occupants'), 'residential', 'north_europe', 0.1142857143) on conflict (methodology_version_id, domain_id, impact_criterion_id, building_type, climate_zone) do nothing;
  insert into public.sri_domain_impact_weights (methodology_version_id, domain_id, impact_criterion_id, building_type, climate_zone, weight)
  values (v_mid, (select id from public.sri_technical_domains where methodology_version_id=v_mid and code='ventilation'), (select id from public.sri_impact_criteria where methodology_version_id=v_mid and code='energy_efficiency'), 'residential', 'north_europe', 0.1873639473) on conflict (methodology_version_id, domain_id, impact_criterion_id, building_type, climate_zone) do nothing;
  insert into public.sri_domain_impact_weights (methodology_version_id, domain_id, impact_criterion_id, building_type, climate_zone, weight)
  values (v_mid, (select id from public.sri_technical_domains where methodology_version_id=v_mid and code='ventilation'), (select id from public.sri_impact_criteria where methodology_version_id=v_mid and code='energy_flexibility_and_storage'), 'residential', 'north_europe', 0.0) on conflict (methodology_version_id, domain_id, impact_criterion_id, building_type, climate_zone) do nothing;
  insert into public.sri_domain_impact_weights (methodology_version_id, domain_id, impact_criterion_id, building_type, climate_zone, weight)
  values (v_mid, (select id from public.sri_technical_domains where methodology_version_id=v_mid and code='ventilation'), (select id from public.sri_impact_criteria where methodology_version_id=v_mid and code='comfort'), 'residential', 'north_europe', 0.16) on conflict (methodology_version_id, domain_id, impact_criterion_id, building_type, climate_zone) do nothing;
  insert into public.sri_domain_impact_weights (methodology_version_id, domain_id, impact_criterion_id, building_type, climate_zone, weight)
  values (v_mid, (select id from public.sri_technical_domains where methodology_version_id=v_mid and code='ventilation'), (select id from public.sri_impact_criteria where methodology_version_id=v_mid and code='convenience'), 'residential', 'north_europe', 0.1) on conflict (methodology_version_id, domain_id, impact_criterion_id, building_type, climate_zone) do nothing;
  insert into public.sri_domain_impact_weights (methodology_version_id, domain_id, impact_criterion_id, building_type, climate_zone, weight)
  values (v_mid, (select id from public.sri_technical_domains where methodology_version_id=v_mid and code='ventilation'), (select id from public.sri_impact_criteria where methodology_version_id=v_mid and code='health_wellbeing_accessibility'), 'residential', 'north_europe', 0.16) on conflict (methodology_version_id, domain_id, impact_criterion_id, building_type, climate_zone) do nothing;
  insert into public.sri_domain_impact_weights (methodology_version_id, domain_id, impact_criterion_id, building_type, climate_zone, weight)
  values (v_mid, (select id from public.sri_technical_domains where methodology_version_id=v_mid and code='ventilation'), (select id from public.sri_impact_criteria where methodology_version_id=v_mid and code='maintenance_and_fault_prediction'), 'residential', 'north_europe', 0.1970779649) on conflict (methodology_version_id, domain_id, impact_criterion_id, building_type, climate_zone) do nothing;
  insert into public.sri_domain_impact_weights (methodology_version_id, domain_id, impact_criterion_id, building_type, climate_zone, weight)
  values (v_mid, (select id from public.sri_technical_domains where methodology_version_id=v_mid and code='ventilation'), (select id from public.sri_impact_criteria where methodology_version_id=v_mid and code='information_to_occupants'), 'residential', 'north_europe', 0.1142857143) on conflict (methodology_version_id, domain_id, impact_criterion_id, building_type, climate_zone) do nothing;
  insert into public.sri_domain_impact_weights (methodology_version_id, domain_id, impact_criterion_id, building_type, climate_zone, weight)
  values (v_mid, (select id from public.sri_technical_domains where methodology_version_id=v_mid and code='lighting'), (select id from public.sri_impact_criteria where methodology_version_id=v_mid and code='energy_efficiency'), 'residential', 'north_europe', 0.0369676699) on conflict (methodology_version_id, domain_id, impact_criterion_id, building_type, climate_zone) do nothing;
  insert into public.sri_domain_impact_weights (methodology_version_id, domain_id, impact_criterion_id, building_type, climate_zone, weight)
  values (v_mid, (select id from public.sri_technical_domains where methodology_version_id=v_mid and code='lighting'), (select id from public.sri_impact_criteria where methodology_version_id=v_mid and code='energy_flexibility_and_storage'), 'residential', 'north_europe', 0.0) on conflict (methodology_version_id, domain_id, impact_criterion_id, building_type, climate_zone) do nothing;
  insert into public.sri_domain_impact_weights (methodology_version_id, domain_id, impact_criterion_id, building_type, climate_zone, weight)
  values (v_mid, (select id from public.sri_technical_domains where methodology_version_id=v_mid and code='lighting'), (select id from public.sri_impact_criteria where methodology_version_id=v_mid and code='comfort'), 'residential', 'north_europe', 0.16) on conflict (methodology_version_id, domain_id, impact_criterion_id, building_type, climate_zone) do nothing;
  insert into public.sri_domain_impact_weights (methodology_version_id, domain_id, impact_criterion_id, building_type, climate_zone, weight)
  values (v_mid, (select id from public.sri_technical_domains where methodology_version_id=v_mid and code='lighting'), (select id from public.sri_impact_criteria where methodology_version_id=v_mid and code='convenience'), 'residential', 'north_europe', 0.1) on conflict (methodology_version_id, domain_id, impact_criterion_id, building_type, climate_zone) do nothing;
  insert into public.sri_domain_impact_weights (methodology_version_id, domain_id, impact_criterion_id, building_type, climate_zone, weight)
  values (v_mid, (select id from public.sri_technical_domains where methodology_version_id=v_mid and code='lighting'), (select id from public.sri_impact_criteria where methodology_version_id=v_mid and code='health_wellbeing_accessibility'), 'residential', 'north_europe', 0.16) on conflict (methodology_version_id, domain_id, impact_criterion_id, building_type, climate_zone) do nothing;
  insert into public.sri_domain_impact_weights (methodology_version_id, domain_id, impact_criterion_id, building_type, climate_zone, weight)
  values (v_mid, (select id from public.sri_technical_domains where methodology_version_id=v_mid and code='lighting'), (select id from public.sri_impact_criteria where methodology_version_id=v_mid and code='maintenance_and_fault_prediction'), 'residential', 'north_europe', 0.0) on conflict (methodology_version_id, domain_id, impact_criterion_id, building_type, climate_zone) do nothing;
  insert into public.sri_domain_impact_weights (methodology_version_id, domain_id, impact_criterion_id, building_type, climate_zone, weight)
  values (v_mid, (select id from public.sri_technical_domains where methodology_version_id=v_mid and code='lighting'), (select id from public.sri_impact_criteria where methodology_version_id=v_mid and code='information_to_occupants'), 'residential', 'north_europe', 0.0) on conflict (methodology_version_id, domain_id, impact_criterion_id, building_type, climate_zone) do nothing;
  insert into public.sri_domain_impact_weights (methodology_version_id, domain_id, impact_criterion_id, building_type, climate_zone, weight)
  values (v_mid, (select id from public.sri_technical_domains where methodology_version_id=v_mid and code='electricity'), (select id from public.sri_impact_criteria where methodology_version_id=v_mid and code='energy_efficiency'), 'residential', 'north_europe', 0.1337726072) on conflict (methodology_version_id, domain_id, impact_criterion_id, building_type, climate_zone) do nothing;
  insert into public.sri_domain_impact_weights (methodology_version_id, domain_id, impact_criterion_id, building_type, climate_zone, weight)
  values (v_mid, (select id from public.sri_technical_domains where methodology_version_id=v_mid and code='electricity'), (select id from public.sri_impact_criteria where methodology_version_id=v_mid and code='energy_flexibility_and_storage'), 'residential', 'north_europe', 0.1908607378) on conflict (methodology_version_id, domain_id, impact_criterion_id, building_type, climate_zone) do nothing;
  insert into public.sri_domain_impact_weights (methodology_version_id, domain_id, impact_criterion_id, building_type, climate_zone, weight)
  values (v_mid, (select id from public.sri_technical_domains where methodology_version_id=v_mid and code='electricity'), (select id from public.sri_impact_criteria where methodology_version_id=v_mid and code='comfort'), 'residential', 'north_europe', 0.0) on conflict (methodology_version_id, domain_id, impact_criterion_id, building_type, climate_zone) do nothing;
  insert into public.sri_domain_impact_weights (methodology_version_id, domain_id, impact_criterion_id, building_type, climate_zone, weight)
  values (v_mid, (select id from public.sri_technical_domains where methodology_version_id=v_mid and code='electricity'), (select id from public.sri_impact_criteria where methodology_version_id=v_mid and code='convenience'), 'residential', 'north_europe', 0.1) on conflict (methodology_version_id, domain_id, impact_criterion_id, building_type, climate_zone) do nothing;
  insert into public.sri_domain_impact_weights (methodology_version_id, domain_id, impact_criterion_id, building_type, climate_zone, weight)
  values (v_mid, (select id from public.sri_technical_domains where methodology_version_id=v_mid and code='electricity'), (select id from public.sri_impact_criteria where methodology_version_id=v_mid and code='health_wellbeing_accessibility'), 'residential', 'north_europe', 0.0) on conflict (methodology_version_id, domain_id, impact_criterion_id, building_type, climate_zone) do nothing;
  insert into public.sri_domain_impact_weights (methodology_version_id, domain_id, impact_criterion_id, building_type, climate_zone, weight)
  values (v_mid, (select id from public.sri_technical_domains where methodology_version_id=v_mid and code='electricity'), (select id from public.sri_impact_criteria where methodology_version_id=v_mid and code='maintenance_and_fault_prediction'), 'residential', 'north_europe', 0.1407081435) on conflict (methodology_version_id, domain_id, impact_criterion_id, building_type, climate_zone) do nothing;
  insert into public.sri_domain_impact_weights (methodology_version_id, domain_id, impact_criterion_id, building_type, climate_zone, weight)
  values (v_mid, (select id from public.sri_technical_domains where methodology_version_id=v_mid and code='electricity'), (select id from public.sri_impact_criteria where methodology_version_id=v_mid and code='information_to_occupants'), 'residential', 'north_europe', 0.1142857143) on conflict (methodology_version_id, domain_id, impact_criterion_id, building_type, climate_zone) do nothing;
  insert into public.sri_domain_impact_weights (methodology_version_id, domain_id, impact_criterion_id, building_type, climate_zone, weight)
  values (v_mid, (select id from public.sri_technical_domains where methodology_version_id=v_mid and code='dynamic_building_envelope'), (select id from public.sri_impact_criteria where methodology_version_id=v_mid and code='energy_efficiency'), 'residential', 'north_europe', 0.05) on conflict (methodology_version_id, domain_id, impact_criterion_id, building_type, climate_zone) do nothing;
  insert into public.sri_domain_impact_weights (methodology_version_id, domain_id, impact_criterion_id, building_type, climate_zone, weight)
  values (v_mid, (select id from public.sri_technical_domains where methodology_version_id=v_mid and code='dynamic_building_envelope'), (select id from public.sri_impact_criteria where methodology_version_id=v_mid and code='energy_flexibility_and_storage'), 'residential', 'north_europe', 0.0) on conflict (methodology_version_id, domain_id, impact_criterion_id, building_type, climate_zone) do nothing;
  insert into public.sri_domain_impact_weights (methodology_version_id, domain_id, impact_criterion_id, building_type, climate_zone, weight)
  values (v_mid, (select id from public.sri_technical_domains where methodology_version_id=v_mid and code='dynamic_building_envelope'), (select id from public.sri_impact_criteria where methodology_version_id=v_mid and code='comfort'), 'residential', 'north_europe', 0.16) on conflict (methodology_version_id, domain_id, impact_criterion_id, building_type, climate_zone) do nothing;
  insert into public.sri_domain_impact_weights (methodology_version_id, domain_id, impact_criterion_id, building_type, climate_zone, weight)
  values (v_mid, (select id from public.sri_technical_domains where methodology_version_id=v_mid and code='dynamic_building_envelope'), (select id from public.sri_impact_criteria where methodology_version_id=v_mid and code='convenience'), 'residential', 'north_europe', 0.1) on conflict (methodology_version_id, domain_id, impact_criterion_id, building_type, climate_zone) do nothing;
  insert into public.sri_domain_impact_weights (methodology_version_id, domain_id, impact_criterion_id, building_type, climate_zone, weight)
  values (v_mid, (select id from public.sri_technical_domains where methodology_version_id=v_mid and code='dynamic_building_envelope'), (select id from public.sri_impact_criteria where methodology_version_id=v_mid and code='health_wellbeing_accessibility'), 'residential', 'north_europe', 0.16) on conflict (methodology_version_id, domain_id, impact_criterion_id, building_type, climate_zone) do nothing;
  insert into public.sri_domain_impact_weights (methodology_version_id, domain_id, impact_criterion_id, building_type, climate_zone, weight)
  values (v_mid, (select id from public.sri_technical_domains where methodology_version_id=v_mid and code='dynamic_building_envelope'), (select id from public.sri_impact_criteria where methodology_version_id=v_mid and code='maintenance_and_fault_prediction'), 'residential', 'north_europe', 0.05) on conflict (methodology_version_id, domain_id, impact_criterion_id, building_type, climate_zone) do nothing;
  insert into public.sri_domain_impact_weights (methodology_version_id, domain_id, impact_criterion_id, building_type, climate_zone, weight)
  values (v_mid, (select id from public.sri_technical_domains where methodology_version_id=v_mid and code='dynamic_building_envelope'), (select id from public.sri_impact_criteria where methodology_version_id=v_mid and code='information_to_occupants'), 'residential', 'north_europe', 0.1142857143) on conflict (methodology_version_id, domain_id, impact_criterion_id, building_type, climate_zone) do nothing;
  insert into public.sri_domain_impact_weights (methodology_version_id, domain_id, impact_criterion_id, building_type, climate_zone, weight)
  values (v_mid, (select id from public.sri_technical_domains where methodology_version_id=v_mid and code='electric_vehicle_charging'), (select id from public.sri_impact_criteria where methodology_version_id=v_mid and code='energy_efficiency'), 'residential', 'north_europe', 0.0) on conflict (methodology_version_id, domain_id, impact_criterion_id, building_type, climate_zone) do nothing;
  insert into public.sri_domain_impact_weights (methodology_version_id, domain_id, impact_criterion_id, building_type, climate_zone, weight)
  values (v_mid, (select id from public.sri_technical_domains where methodology_version_id=v_mid and code='electric_vehicle_charging'), (select id from public.sri_impact_criteria where methodology_version_id=v_mid and code='energy_flexibility_and_storage'), 'residential', 'north_europe', 0.05) on conflict (methodology_version_id, domain_id, impact_criterion_id, building_type, climate_zone) do nothing;
  insert into public.sri_domain_impact_weights (methodology_version_id, domain_id, impact_criterion_id, building_type, climate_zone, weight)
  values (v_mid, (select id from public.sri_technical_domains where methodology_version_id=v_mid and code='electric_vehicle_charging'), (select id from public.sri_impact_criteria where methodology_version_id=v_mid and code='comfort'), 'residential', 'north_europe', 0.0) on conflict (methodology_version_id, domain_id, impact_criterion_id, building_type, climate_zone) do nothing;
  insert into public.sri_domain_impact_weights (methodology_version_id, domain_id, impact_criterion_id, building_type, climate_zone, weight)
  values (v_mid, (select id from public.sri_technical_domains where methodology_version_id=v_mid and code='electric_vehicle_charging'), (select id from public.sri_impact_criteria where methodology_version_id=v_mid and code='convenience'), 'residential', 'north_europe', 0.1) on conflict (methodology_version_id, domain_id, impact_criterion_id, building_type, climate_zone) do nothing;
  insert into public.sri_domain_impact_weights (methodology_version_id, domain_id, impact_criterion_id, building_type, climate_zone, weight)
  values (v_mid, (select id from public.sri_technical_domains where methodology_version_id=v_mid and code='electric_vehicle_charging'), (select id from public.sri_impact_criteria where methodology_version_id=v_mid and code='health_wellbeing_accessibility'), 'residential', 'north_europe', 0.0) on conflict (methodology_version_id, domain_id, impact_criterion_id, building_type, climate_zone) do nothing;
  insert into public.sri_domain_impact_weights (methodology_version_id, domain_id, impact_criterion_id, building_type, climate_zone, weight)
  values (v_mid, (select id from public.sri_technical_domains where methodology_version_id=v_mid and code='electric_vehicle_charging'), (select id from public.sri_impact_criteria where methodology_version_id=v_mid and code='maintenance_and_fault_prediction'), 'residential', 'north_europe', 0.0) on conflict (methodology_version_id, domain_id, impact_criterion_id, building_type, climate_zone) do nothing;
  insert into public.sri_domain_impact_weights (methodology_version_id, domain_id, impact_criterion_id, building_type, climate_zone, weight)
  values (v_mid, (select id from public.sri_technical_domains where methodology_version_id=v_mid and code='electric_vehicle_charging'), (select id from public.sri_impact_criteria where methodology_version_id=v_mid and code='information_to_occupants'), 'residential', 'north_europe', 0.1142857143) on conflict (methodology_version_id, domain_id, impact_criterion_id, building_type, climate_zone) do nothing;
  insert into public.sri_domain_impact_weights (methodology_version_id, domain_id, impact_criterion_id, building_type, climate_zone, weight)
  values (v_mid, (select id from public.sri_technical_domains where methodology_version_id=v_mid and code='monitoring_and_control'), (select id from public.sri_impact_criteria where methodology_version_id=v_mid and code='energy_efficiency'), 'residential', 'north_europe', 0.2) on conflict (methodology_version_id, domain_id, impact_criterion_id, building_type, climate_zone) do nothing;
  insert into public.sri_domain_impact_weights (methodology_version_id, domain_id, impact_criterion_id, building_type, climate_zone, weight)
  values (v_mid, (select id from public.sri_technical_domains where methodology_version_id=v_mid and code='monitoring_and_control'), (select id from public.sri_impact_criteria where methodology_version_id=v_mid and code='energy_flexibility_and_storage'), 'residential', 'north_europe', 0.2) on conflict (methodology_version_id, domain_id, impact_criterion_id, building_type, climate_zone) do nothing;
  insert into public.sri_domain_impact_weights (methodology_version_id, domain_id, impact_criterion_id, building_type, climate_zone, weight)
  values (v_mid, (select id from public.sri_technical_domains where methodology_version_id=v_mid and code='monitoring_and_control'), (select id from public.sri_impact_criteria where methodology_version_id=v_mid and code='comfort'), 'residential', 'north_europe', 0.2) on conflict (methodology_version_id, domain_id, impact_criterion_id, building_type, climate_zone) do nothing;
  insert into public.sri_domain_impact_weights (methodology_version_id, domain_id, impact_criterion_id, building_type, climate_zone, weight)
  values (v_mid, (select id from public.sri_technical_domains where methodology_version_id=v_mid and code='monitoring_and_control'), (select id from public.sri_impact_criteria where methodology_version_id=v_mid and code='convenience'), 'residential', 'north_europe', 0.2) on conflict (methodology_version_id, domain_id, impact_criterion_id, building_type, climate_zone) do nothing;
  insert into public.sri_domain_impact_weights (methodology_version_id, domain_id, impact_criterion_id, building_type, climate_zone, weight)
  values (v_mid, (select id from public.sri_technical_domains where methodology_version_id=v_mid and code='monitoring_and_control'), (select id from public.sri_impact_criteria where methodology_version_id=v_mid and code='health_wellbeing_accessibility'), 'residential', 'north_europe', 0.2) on conflict (methodology_version_id, domain_id, impact_criterion_id, building_type, climate_zone) do nothing;
  insert into public.sri_domain_impact_weights (methodology_version_id, domain_id, impact_criterion_id, building_type, climate_zone, weight)
  values (v_mid, (select id from public.sri_technical_domains where methodology_version_id=v_mid and code='monitoring_and_control'), (select id from public.sri_impact_criteria where methodology_version_id=v_mid and code='maintenance_and_fault_prediction'), 'residential', 'north_europe', 0.2) on conflict (methodology_version_id, domain_id, impact_criterion_id, building_type, climate_zone) do nothing;
  insert into public.sri_domain_impact_weights (methodology_version_id, domain_id, impact_criterion_id, building_type, climate_zone, weight)
  values (v_mid, (select id from public.sri_technical_domains where methodology_version_id=v_mid and code='monitoring_and_control'), (select id from public.sri_impact_criteria where methodology_version_id=v_mid and code='information_to_occupants'), 'residential', 'north_europe', 0.2) on conflict (methodology_version_id, domain_id, impact_criterion_id, building_type, climate_zone) do nothing;
  insert into public.sri_domain_impact_weights (methodology_version_id, domain_id, impact_criterion_id, building_type, climate_zone, weight)
  values (v_mid, (select id from public.sri_technical_domains where methodology_version_id=v_mid and code='heating'), (select id from public.sri_impact_criteria where methodology_version_id=v_mid and code='energy_efficiency'), 'residential', 'west_europe', 0.3396680152) on conflict (methodology_version_id, domain_id, impact_criterion_id, building_type, climate_zone) do nothing;
  insert into public.sri_domain_impact_weights (methodology_version_id, domain_id, impact_criterion_id, building_type, climate_zone, weight)
  values (v_mid, (select id from public.sri_technical_domains where methodology_version_id=v_mid and code='heating'), (select id from public.sri_impact_criteria where methodology_version_id=v_mid and code='energy_flexibility_and_storage'), 'residential', 'west_europe', 0.457215993) on conflict (methodology_version_id, domain_id, impact_criterion_id, building_type, climate_zone) do nothing;
  insert into public.sri_domain_impact_weights (methodology_version_id, domain_id, impact_criterion_id, building_type, climate_zone, weight)
  values (v_mid, (select id from public.sri_technical_domains where methodology_version_id=v_mid and code='heating'), (select id from public.sri_impact_criteria where methodology_version_id=v_mid and code='comfort'), 'residential', 'west_europe', 0.16) on conflict (methodology_version_id, domain_id, impact_criterion_id, building_type, climate_zone) do nothing;
  insert into public.sri_domain_impact_weights (methodology_version_id, domain_id, impact_criterion_id, building_type, climate_zone, weight)
  values (v_mid, (select id from public.sri_technical_domains where methodology_version_id=v_mid and code='heating'), (select id from public.sri_impact_criteria where methodology_version_id=v_mid and code='convenience'), 'residential', 'west_europe', 0.1) on conflict (methodology_version_id, domain_id, impact_criterion_id, building_type, climate_zone) do nothing;
  insert into public.sri_domain_impact_weights (methodology_version_id, domain_id, impact_criterion_id, building_type, climate_zone, weight)
  values (v_mid, (select id from public.sri_technical_domains where methodology_version_id=v_mid and code='heating'), (select id from public.sri_impact_criteria where methodology_version_id=v_mid and code='health_wellbeing_accessibility'), 'residential', 'west_europe', 0.16) on conflict (methodology_version_id, domain_id, impact_criterion_id, building_type, climate_zone) do nothing;
  insert into public.sri_domain_impact_weights (methodology_version_id, domain_id, impact_criterion_id, building_type, climate_zone, weight)
  values (v_mid, (select id from public.sri_technical_domains where methodology_version_id=v_mid and code='heating'), (select id from public.sri_impact_criteria where methodology_version_id=v_mid and code='maintenance_and_fault_prediction'), 'residential', 'west_europe', 0.3464347295) on conflict (methodology_version_id, domain_id, impact_criterion_id, building_type, climate_zone) do nothing;
  insert into public.sri_domain_impact_weights (methodology_version_id, domain_id, impact_criterion_id, building_type, climate_zone, weight)
  values (v_mid, (select id from public.sri_technical_domains where methodology_version_id=v_mid and code='heating'), (select id from public.sri_impact_criteria where methodology_version_id=v_mid and code='information_to_occupants'), 'residential', 'west_europe', 0.1142857143) on conflict (methodology_version_id, domain_id, impact_criterion_id, building_type, climate_zone) do nothing;
  insert into public.sri_domain_impact_weights (methodology_version_id, domain_id, impact_criterion_id, building_type, climate_zone, weight)
  values (v_mid, (select id from public.sri_technical_domains where methodology_version_id=v_mid and code='domestic_hot_water'), (select id from public.sri_impact_criteria where methodology_version_id=v_mid and code='energy_efficiency'), 'residential', 'west_europe', 0.07621044) on conflict (methodology_version_id, domain_id, impact_criterion_id, building_type, climate_zone) do nothing;
  insert into public.sri_domain_impact_weights (methodology_version_id, domain_id, impact_criterion_id, building_type, climate_zone, weight)
  values (v_mid, (select id from public.sri_technical_domains where methodology_version_id=v_mid and code='domestic_hot_water'), (select id from public.sri_impact_criteria where methodology_version_id=v_mid and code='energy_flexibility_and_storage'), 'residential', 'west_europe', 0.1025843779) on conflict (methodology_version_id, domain_id, impact_criterion_id, building_type, climate_zone) do nothing;
  insert into public.sri_domain_impact_weights (methodology_version_id, domain_id, impact_criterion_id, building_type, climate_zone, weight)
  values (v_mid, (select id from public.sri_technical_domains where methodology_version_id=v_mid and code='domestic_hot_water'), (select id from public.sri_impact_criteria where methodology_version_id=v_mid and code='comfort'), 'residential', 'west_europe', 0.0) on conflict (methodology_version_id, domain_id, impact_criterion_id, building_type, climate_zone) do nothing;
  insert into public.sri_domain_impact_weights (methodology_version_id, domain_id, impact_criterion_id, building_type, climate_zone, weight)
  values (v_mid, (select id from public.sri_technical_domains where methodology_version_id=v_mid and code='domestic_hot_water'), (select id from public.sri_impact_criteria where methodology_version_id=v_mid and code='convenience'), 'residential', 'west_europe', 0.1) on conflict (methodology_version_id, domain_id, impact_criterion_id, building_type, climate_zone) do nothing;
  insert into public.sri_domain_impact_weights (methodology_version_id, domain_id, impact_criterion_id, building_type, climate_zone, weight)
  values (v_mid, (select id from public.sri_technical_domains where methodology_version_id=v_mid and code='domestic_hot_water'), (select id from public.sri_impact_criteria where methodology_version_id=v_mid and code='health_wellbeing_accessibility'), 'residential', 'west_europe', 0.0) on conflict (methodology_version_id, domain_id, impact_criterion_id, building_type, climate_zone) do nothing;
  insert into public.sri_domain_impact_weights (methodology_version_id, domain_id, impact_criterion_id, building_type, climate_zone, weight)
  values (v_mid, (select id from public.sri_technical_domains where methodology_version_id=v_mid and code='domestic_hot_water'), (select id from public.sri_impact_criteria where methodology_version_id=v_mid and code='maintenance_and_fault_prediction'), 'residential', 'west_europe', 0.0777286703) on conflict (methodology_version_id, domain_id, impact_criterion_id, building_type, climate_zone) do nothing;
  insert into public.sri_domain_impact_weights (methodology_version_id, domain_id, impact_criterion_id, building_type, climate_zone, weight)
  values (v_mid, (select id from public.sri_technical_domains where methodology_version_id=v_mid and code='domestic_hot_water'), (select id from public.sri_impact_criteria where methodology_version_id=v_mid and code='information_to_occupants'), 'residential', 'west_europe', 0.1142857143) on conflict (methodology_version_id, domain_id, impact_criterion_id, building_type, climate_zone) do nothing;
  insert into public.sri_domain_impact_weights (methodology_version_id, domain_id, impact_criterion_id, building_type, climate_zone, weight)
  values (v_mid, (select id from public.sri_technical_domains where methodology_version_id=v_mid and code='cooling'), (select id from public.sri_impact_criteria where methodology_version_id=v_mid and code='energy_efficiency'), 'residential', 'west_europe', 0.0303893122) on conflict (methodology_version_id, domain_id, impact_criterion_id, building_type, climate_zone) do nothing;
  insert into public.sri_domain_impact_weights (methodology_version_id, domain_id, impact_criterion_id, building_type, climate_zone, weight)
  values (v_mid, (select id from public.sri_technical_domains where methodology_version_id=v_mid and code='cooling'), (select id from public.sri_impact_criteria where methodology_version_id=v_mid and code='energy_flexibility_and_storage'), 'residential', 'west_europe', 0.0409060581) on conflict (methodology_version_id, domain_id, impact_criterion_id, building_type, climate_zone) do nothing;
  insert into public.sri_domain_impact_weights (methodology_version_id, domain_id, impact_criterion_id, building_type, climate_zone, weight)
  values (v_mid, (select id from public.sri_technical_domains where methodology_version_id=v_mid and code='cooling'), (select id from public.sri_impact_criteria where methodology_version_id=v_mid and code='comfort'), 'residential', 'west_europe', 0.16) on conflict (methodology_version_id, domain_id, impact_criterion_id, building_type, climate_zone) do nothing;
  insert into public.sri_domain_impact_weights (methodology_version_id, domain_id, impact_criterion_id, building_type, climate_zone, weight)
  values (v_mid, (select id from public.sri_technical_domains where methodology_version_id=v_mid and code='cooling'), (select id from public.sri_impact_criteria where methodology_version_id=v_mid and code='convenience'), 'residential', 'west_europe', 0.1) on conflict (methodology_version_id, domain_id, impact_criterion_id, building_type, climate_zone) do nothing;
  insert into public.sri_domain_impact_weights (methodology_version_id, domain_id, impact_criterion_id, building_type, climate_zone, weight)
  values (v_mid, (select id from public.sri_technical_domains where methodology_version_id=v_mid and code='cooling'), (select id from public.sri_impact_criteria where methodology_version_id=v_mid and code='health_wellbeing_accessibility'), 'residential', 'west_europe', 0.16) on conflict (methodology_version_id, domain_id, impact_criterion_id, building_type, climate_zone) do nothing;
  insert into public.sri_domain_impact_weights (methodology_version_id, domain_id, impact_criterion_id, building_type, climate_zone, weight)
  values (v_mid, (select id from public.sri_technical_domains where methodology_version_id=v_mid and code='cooling'), (select id from public.sri_impact_criteria where methodology_version_id=v_mid and code='maintenance_and_fault_prediction'), 'residential', 'west_europe', 0.0309947145) on conflict (methodology_version_id, domain_id, impact_criterion_id, building_type, climate_zone) do nothing;
  insert into public.sri_domain_impact_weights (methodology_version_id, domain_id, impact_criterion_id, building_type, climate_zone, weight)
  values (v_mid, (select id from public.sri_technical_domains where methodology_version_id=v_mid and code='cooling'), (select id from public.sri_impact_criteria where methodology_version_id=v_mid and code='information_to_occupants'), 'residential', 'west_europe', 0.1142857143) on conflict (methodology_version_id, domain_id, impact_criterion_id, building_type, climate_zone) do nothing;
  insert into public.sri_domain_impact_weights (methodology_version_id, domain_id, impact_criterion_id, building_type, climate_zone, weight)
  values (v_mid, (select id from public.sri_technical_domains where methodology_version_id=v_mid and code='ventilation'), (select id from public.sri_impact_criteria where methodology_version_id=v_mid and code='energy_efficiency'), 'residential', 'west_europe', 0.1781719754) on conflict (methodology_version_id, domain_id, impact_criterion_id, building_type, climate_zone) do nothing;
  insert into public.sri_domain_impact_weights (methodology_version_id, domain_id, impact_criterion_id, building_type, climate_zone, weight)
  values (v_mid, (select id from public.sri_technical_domains where methodology_version_id=v_mid and code='ventilation'), (select id from public.sri_impact_criteria where methodology_version_id=v_mid and code='energy_flexibility_and_storage'), 'residential', 'west_europe', 0.0) on conflict (methodology_version_id, domain_id, impact_criterion_id, building_type, climate_zone) do nothing;
  insert into public.sri_domain_impact_weights (methodology_version_id, domain_id, impact_criterion_id, building_type, climate_zone, weight)
  values (v_mid, (select id from public.sri_technical_domains where methodology_version_id=v_mid and code='ventilation'), (select id from public.sri_impact_criteria where methodology_version_id=v_mid and code='comfort'), 'residential', 'west_europe', 0.16) on conflict (methodology_version_id, domain_id, impact_criterion_id, building_type, climate_zone) do nothing;
  insert into public.sri_domain_impact_weights (methodology_version_id, domain_id, impact_criterion_id, building_type, climate_zone, weight)
  values (v_mid, (select id from public.sri_technical_domains where methodology_version_id=v_mid and code='ventilation'), (select id from public.sri_impact_criteria where methodology_version_id=v_mid and code='convenience'), 'residential', 'west_europe', 0.1) on conflict (methodology_version_id, domain_id, impact_criterion_id, building_type, climate_zone) do nothing;
  insert into public.sri_domain_impact_weights (methodology_version_id, domain_id, impact_criterion_id, building_type, climate_zone, weight)
  values (v_mid, (select id from public.sri_technical_domains where methodology_version_id=v_mid and code='ventilation'), (select id from public.sri_impact_criteria where methodology_version_id=v_mid and code='health_wellbeing_accessibility'), 'residential', 'west_europe', 0.16) on conflict (methodology_version_id, domain_id, impact_criterion_id, building_type, climate_zone) do nothing;
  insert into public.sri_domain_impact_weights (methodology_version_id, domain_id, impact_criterion_id, building_type, climate_zone, weight)
  values (v_mid, (select id from public.sri_technical_domains where methodology_version_id=v_mid and code='ventilation'), (select id from public.sri_impact_criteria where methodology_version_id=v_mid and code='maintenance_and_fault_prediction'), 'residential', 'west_europe', 0.1817214378) on conflict (methodology_version_id, domain_id, impact_criterion_id, building_type, climate_zone) do nothing;
  insert into public.sri_domain_impact_weights (methodology_version_id, domain_id, impact_criterion_id, building_type, climate_zone, weight)
  values (v_mid, (select id from public.sri_technical_domains where methodology_version_id=v_mid and code='ventilation'), (select id from public.sri_impact_criteria where methodology_version_id=v_mid and code='information_to_occupants'), 'residential', 'west_europe', 0.1142857143) on conflict (methodology_version_id, domain_id, impact_criterion_id, building_type, climate_zone) do nothing;
  insert into public.sri_domain_impact_weights (methodology_version_id, domain_id, impact_criterion_id, building_type, climate_zone, weight)
  values (v_mid, (select id from public.sri_technical_domains where methodology_version_id=v_mid and code='lighting'), (select id from public.sri_impact_criteria where methodology_version_id=v_mid and code='energy_efficiency'), 'residential', 'west_europe', 0.0146493273) on conflict (methodology_version_id, domain_id, impact_criterion_id, building_type, climate_zone) do nothing;
  insert into public.sri_domain_impact_weights (methodology_version_id, domain_id, impact_criterion_id, building_type, climate_zone, weight)
  values (v_mid, (select id from public.sri_technical_domains where methodology_version_id=v_mid and code='lighting'), (select id from public.sri_impact_criteria where methodology_version_id=v_mid and code='energy_flexibility_and_storage'), 'residential', 'west_europe', 0.0) on conflict (methodology_version_id, domain_id, impact_criterion_id, building_type, climate_zone) do nothing;
  insert into public.sri_domain_impact_weights (methodology_version_id, domain_id, impact_criterion_id, building_type, climate_zone, weight)
  values (v_mid, (select id from public.sri_technical_domains where methodology_version_id=v_mid and code='lighting'), (select id from public.sri_impact_criteria where methodology_version_id=v_mid and code='comfort'), 'residential', 'west_europe', 0.16) on conflict (methodology_version_id, domain_id, impact_criterion_id, building_type, climate_zone) do nothing;
  insert into public.sri_domain_impact_weights (methodology_version_id, domain_id, impact_criterion_id, building_type, climate_zone, weight)
  values (v_mid, (select id from public.sri_technical_domains where methodology_version_id=v_mid and code='lighting'), (select id from public.sri_impact_criteria where methodology_version_id=v_mid and code='convenience'), 'residential', 'west_europe', 0.1) on conflict (methodology_version_id, domain_id, impact_criterion_id, building_type, climate_zone) do nothing;
  insert into public.sri_domain_impact_weights (methodology_version_id, domain_id, impact_criterion_id, building_type, climate_zone, weight)
  values (v_mid, (select id from public.sri_technical_domains where methodology_version_id=v_mid and code='lighting'), (select id from public.sri_impact_criteria where methodology_version_id=v_mid and code='health_wellbeing_accessibility'), 'residential', 'west_europe', 0.16) on conflict (methodology_version_id, domain_id, impact_criterion_id, building_type, climate_zone) do nothing;
  insert into public.sri_domain_impact_weights (methodology_version_id, domain_id, impact_criterion_id, building_type, climate_zone, weight)
  values (v_mid, (select id from public.sri_technical_domains where methodology_version_id=v_mid and code='lighting'), (select id from public.sri_impact_criteria where methodology_version_id=v_mid and code='maintenance_and_fault_prediction'), 'residential', 'west_europe', 0.0) on conflict (methodology_version_id, domain_id, impact_criterion_id, building_type, climate_zone) do nothing;
  insert into public.sri_domain_impact_weights (methodology_version_id, domain_id, impact_criterion_id, building_type, climate_zone, weight)
  values (v_mid, (select id from public.sri_technical_domains where methodology_version_id=v_mid and code='lighting'), (select id from public.sri_impact_criteria where methodology_version_id=v_mid and code='information_to_occupants'), 'residential', 'west_europe', 0.0) on conflict (methodology_version_id, domain_id, impact_criterion_id, building_type, climate_zone) do nothing;
  insert into public.sri_domain_impact_weights (methodology_version_id, domain_id, impact_criterion_id, building_type, climate_zone, weight)
  values (v_mid, (select id from public.sri_technical_domains where methodology_version_id=v_mid and code='electricity'), (select id from public.sri_impact_criteria where methodology_version_id=v_mid and code='energy_efficiency'), 'residential', 'west_europe', 0.1109109299) on conflict (methodology_version_id, domain_id, impact_criterion_id, building_type, climate_zone) do nothing;
  insert into public.sri_domain_impact_weights (methodology_version_id, domain_id, impact_criterion_id, building_type, climate_zone, weight)
  values (v_mid, (select id from public.sri_technical_domains where methodology_version_id=v_mid and code='electricity'), (select id from public.sri_impact_criteria where methodology_version_id=v_mid and code='energy_flexibility_and_storage'), 'residential', 'west_europe', 0.149293571) on conflict (methodology_version_id, domain_id, impact_criterion_id, building_type, climate_zone) do nothing;
  insert into public.sri_domain_impact_weights (methodology_version_id, domain_id, impact_criterion_id, building_type, climate_zone, weight)
  values (v_mid, (select id from public.sri_technical_domains where methodology_version_id=v_mid and code='electricity'), (select id from public.sri_impact_criteria where methodology_version_id=v_mid and code='comfort'), 'residential', 'west_europe', 0.0) on conflict (methodology_version_id, domain_id, impact_criterion_id, building_type, climate_zone) do nothing;
  insert into public.sri_domain_impact_weights (methodology_version_id, domain_id, impact_criterion_id, building_type, climate_zone, weight)
  values (v_mid, (select id from public.sri_technical_domains where methodology_version_id=v_mid and code='electricity'), (select id from public.sri_impact_criteria where methodology_version_id=v_mid and code='convenience'), 'residential', 'west_europe', 0.1) on conflict (methodology_version_id, domain_id, impact_criterion_id, building_type, climate_zone) do nothing;
  insert into public.sri_domain_impact_weights (methodology_version_id, domain_id, impact_criterion_id, building_type, climate_zone, weight)
  values (v_mid, (select id from public.sri_technical_domains where methodology_version_id=v_mid and code='electricity'), (select id from public.sri_impact_criteria where methodology_version_id=v_mid and code='health_wellbeing_accessibility'), 'residential', 'west_europe', 0.0) on conflict (methodology_version_id, domain_id, impact_criterion_id, building_type, climate_zone) do nothing;
  insert into public.sri_domain_impact_weights (methodology_version_id, domain_id, impact_criterion_id, building_type, climate_zone, weight)
  values (v_mid, (select id from public.sri_technical_domains where methodology_version_id=v_mid and code='electricity'), (select id from public.sri_impact_criteria where methodology_version_id=v_mid and code='maintenance_and_fault_prediction'), 'residential', 'west_europe', 0.1131204478) on conflict (methodology_version_id, domain_id, impact_criterion_id, building_type, climate_zone) do nothing;
  insert into public.sri_domain_impact_weights (methodology_version_id, domain_id, impact_criterion_id, building_type, climate_zone, weight)
  values (v_mid, (select id from public.sri_technical_domains where methodology_version_id=v_mid and code='electricity'), (select id from public.sri_impact_criteria where methodology_version_id=v_mid and code='information_to_occupants'), 'residential', 'west_europe', 0.1142857143) on conflict (methodology_version_id, domain_id, impact_criterion_id, building_type, climate_zone) do nothing;
  insert into public.sri_domain_impact_weights (methodology_version_id, domain_id, impact_criterion_id, building_type, climate_zone, weight)
  values (v_mid, (select id from public.sri_technical_domains where methodology_version_id=v_mid and code='dynamic_building_envelope'), (select id from public.sri_impact_criteria where methodology_version_id=v_mid and code='energy_efficiency'), 'residential', 'west_europe', 0.05) on conflict (methodology_version_id, domain_id, impact_criterion_id, building_type, climate_zone) do nothing;
  insert into public.sri_domain_impact_weights (methodology_version_id, domain_id, impact_criterion_id, building_type, climate_zone, weight)
  values (v_mid, (select id from public.sri_technical_domains where methodology_version_id=v_mid and code='dynamic_building_envelope'), (select id from public.sri_impact_criteria where methodology_version_id=v_mid and code='energy_flexibility_and_storage'), 'residential', 'west_europe', 0.0) on conflict (methodology_version_id, domain_id, impact_criterion_id, building_type, climate_zone) do nothing;
  insert into public.sri_domain_impact_weights (methodology_version_id, domain_id, impact_criterion_id, building_type, climate_zone, weight)
  values (v_mid, (select id from public.sri_technical_domains where methodology_version_id=v_mid and code='dynamic_building_envelope'), (select id from public.sri_impact_criteria where methodology_version_id=v_mid and code='comfort'), 'residential', 'west_europe', 0.16) on conflict (methodology_version_id, domain_id, impact_criterion_id, building_type, climate_zone) do nothing;
  insert into public.sri_domain_impact_weights (methodology_version_id, domain_id, impact_criterion_id, building_type, climate_zone, weight)
  values (v_mid, (select id from public.sri_technical_domains where methodology_version_id=v_mid and code='dynamic_building_envelope'), (select id from public.sri_impact_criteria where methodology_version_id=v_mid and code='convenience'), 'residential', 'west_europe', 0.1) on conflict (methodology_version_id, domain_id, impact_criterion_id, building_type, climate_zone) do nothing;
  insert into public.sri_domain_impact_weights (methodology_version_id, domain_id, impact_criterion_id, building_type, climate_zone, weight)
  values (v_mid, (select id from public.sri_technical_domains where methodology_version_id=v_mid and code='dynamic_building_envelope'), (select id from public.sri_impact_criteria where methodology_version_id=v_mid and code='health_wellbeing_accessibility'), 'residential', 'west_europe', 0.16) on conflict (methodology_version_id, domain_id, impact_criterion_id, building_type, climate_zone) do nothing;
  insert into public.sri_domain_impact_weights (methodology_version_id, domain_id, impact_criterion_id, building_type, climate_zone, weight)
  values (v_mid, (select id from public.sri_technical_domains where methodology_version_id=v_mid and code='dynamic_building_envelope'), (select id from public.sri_impact_criteria where methodology_version_id=v_mid and code='maintenance_and_fault_prediction'), 'residential', 'west_europe', 0.05) on conflict (methodology_version_id, domain_id, impact_criterion_id, building_type, climate_zone) do nothing;
  insert into public.sri_domain_impact_weights (methodology_version_id, domain_id, impact_criterion_id, building_type, climate_zone, weight)
  values (v_mid, (select id from public.sri_technical_domains where methodology_version_id=v_mid and code='dynamic_building_envelope'), (select id from public.sri_impact_criteria where methodology_version_id=v_mid and code='information_to_occupants'), 'residential', 'west_europe', 0.1142857143) on conflict (methodology_version_id, domain_id, impact_criterion_id, building_type, climate_zone) do nothing;
  insert into public.sri_domain_impact_weights (methodology_version_id, domain_id, impact_criterion_id, building_type, climate_zone, weight)
  values (v_mid, (select id from public.sri_technical_domains where methodology_version_id=v_mid and code='electric_vehicle_charging'), (select id from public.sri_impact_criteria where methodology_version_id=v_mid and code='energy_efficiency'), 'residential', 'west_europe', 0.0) on conflict (methodology_version_id, domain_id, impact_criterion_id, building_type, climate_zone) do nothing;
  insert into public.sri_domain_impact_weights (methodology_version_id, domain_id, impact_criterion_id, building_type, climate_zone, weight)
  values (v_mid, (select id from public.sri_technical_domains where methodology_version_id=v_mid and code='electric_vehicle_charging'), (select id from public.sri_impact_criteria where methodology_version_id=v_mid and code='energy_flexibility_and_storage'), 'residential', 'west_europe', 0.05) on conflict (methodology_version_id, domain_id, impact_criterion_id, building_type, climate_zone) do nothing;
  insert into public.sri_domain_impact_weights (methodology_version_id, domain_id, impact_criterion_id, building_type, climate_zone, weight)
  values (v_mid, (select id from public.sri_technical_domains where methodology_version_id=v_mid and code='electric_vehicle_charging'), (select id from public.sri_impact_criteria where methodology_version_id=v_mid and code='comfort'), 'residential', 'west_europe', 0.0) on conflict (methodology_version_id, domain_id, impact_criterion_id, building_type, climate_zone) do nothing;
  insert into public.sri_domain_impact_weights (methodology_version_id, domain_id, impact_criterion_id, building_type, climate_zone, weight)
  values (v_mid, (select id from public.sri_technical_domains where methodology_version_id=v_mid and code='electric_vehicle_charging'), (select id from public.sri_impact_criteria where methodology_version_id=v_mid and code='convenience'), 'residential', 'west_europe', 0.1) on conflict (methodology_version_id, domain_id, impact_criterion_id, building_type, climate_zone) do nothing;
  insert into public.sri_domain_impact_weights (methodology_version_id, domain_id, impact_criterion_id, building_type, climate_zone, weight)
  values (v_mid, (select id from public.sri_technical_domains where methodology_version_id=v_mid and code='electric_vehicle_charging'), (select id from public.sri_impact_criteria where methodology_version_id=v_mid and code='health_wellbeing_accessibility'), 'residential', 'west_europe', 0.0) on conflict (methodology_version_id, domain_id, impact_criterion_id, building_type, climate_zone) do nothing;
  insert into public.sri_domain_impact_weights (methodology_version_id, domain_id, impact_criterion_id, building_type, climate_zone, weight)
  values (v_mid, (select id from public.sri_technical_domains where methodology_version_id=v_mid and code='electric_vehicle_charging'), (select id from public.sri_impact_criteria where methodology_version_id=v_mid and code='maintenance_and_fault_prediction'), 'residential', 'west_europe', 0.0) on conflict (methodology_version_id, domain_id, impact_criterion_id, building_type, climate_zone) do nothing;
  insert into public.sri_domain_impact_weights (methodology_version_id, domain_id, impact_criterion_id, building_type, climate_zone, weight)
  values (v_mid, (select id from public.sri_technical_domains where methodology_version_id=v_mid and code='electric_vehicle_charging'), (select id from public.sri_impact_criteria where methodology_version_id=v_mid and code='information_to_occupants'), 'residential', 'west_europe', 0.1142857143) on conflict (methodology_version_id, domain_id, impact_criterion_id, building_type, climate_zone) do nothing;
  insert into public.sri_domain_impact_weights (methodology_version_id, domain_id, impact_criterion_id, building_type, climate_zone, weight)
  values (v_mid, (select id from public.sri_technical_domains where methodology_version_id=v_mid and code='monitoring_and_control'), (select id from public.sri_impact_criteria where methodology_version_id=v_mid and code='energy_efficiency'), 'residential', 'west_europe', 0.2) on conflict (methodology_version_id, domain_id, impact_criterion_id, building_type, climate_zone) do nothing;
  insert into public.sri_domain_impact_weights (methodology_version_id, domain_id, impact_criterion_id, building_type, climate_zone, weight)
  values (v_mid, (select id from public.sri_technical_domains where methodology_version_id=v_mid and code='monitoring_and_control'), (select id from public.sri_impact_criteria where methodology_version_id=v_mid and code='energy_flexibility_and_storage'), 'residential', 'west_europe', 0.2) on conflict (methodology_version_id, domain_id, impact_criterion_id, building_type, climate_zone) do nothing;
  insert into public.sri_domain_impact_weights (methodology_version_id, domain_id, impact_criterion_id, building_type, climate_zone, weight)
  values (v_mid, (select id from public.sri_technical_domains where methodology_version_id=v_mid and code='monitoring_and_control'), (select id from public.sri_impact_criteria where methodology_version_id=v_mid and code='comfort'), 'residential', 'west_europe', 0.2) on conflict (methodology_version_id, domain_id, impact_criterion_id, building_type, climate_zone) do nothing;
  insert into public.sri_domain_impact_weights (methodology_version_id, domain_id, impact_criterion_id, building_type, climate_zone, weight)
  values (v_mid, (select id from public.sri_technical_domains where methodology_version_id=v_mid and code='monitoring_and_control'), (select id from public.sri_impact_criteria where methodology_version_id=v_mid and code='convenience'), 'residential', 'west_europe', 0.2) on conflict (methodology_version_id, domain_id, impact_criterion_id, building_type, climate_zone) do nothing;
  insert into public.sri_domain_impact_weights (methodology_version_id, domain_id, impact_criterion_id, building_type, climate_zone, weight)
  values (v_mid, (select id from public.sri_technical_domains where methodology_version_id=v_mid and code='monitoring_and_control'), (select id from public.sri_impact_criteria where methodology_version_id=v_mid and code='health_wellbeing_accessibility'), 'residential', 'west_europe', 0.2) on conflict (methodology_version_id, domain_id, impact_criterion_id, building_type, climate_zone) do nothing;
  insert into public.sri_domain_impact_weights (methodology_version_id, domain_id, impact_criterion_id, building_type, climate_zone, weight)
  values (v_mid, (select id from public.sri_technical_domains where methodology_version_id=v_mid and code='monitoring_and_control'), (select id from public.sri_impact_criteria where methodology_version_id=v_mid and code='maintenance_and_fault_prediction'), 'residential', 'west_europe', 0.2) on conflict (methodology_version_id, domain_id, impact_criterion_id, building_type, climate_zone) do nothing;
  insert into public.sri_domain_impact_weights (methodology_version_id, domain_id, impact_criterion_id, building_type, climate_zone, weight)
  values (v_mid, (select id from public.sri_technical_domains where methodology_version_id=v_mid and code='monitoring_and_control'), (select id from public.sri_impact_criteria where methodology_version_id=v_mid and code='information_to_occupants'), 'residential', 'west_europe', 0.2) on conflict (methodology_version_id, domain_id, impact_criterion_id, building_type, climate_zone) do nothing;
  insert into public.sri_domain_impact_weights (methodology_version_id, domain_id, impact_criterion_id, building_type, climate_zone, weight)
  values (v_mid, (select id from public.sri_technical_domains where methodology_version_id=v_mid and code='heating'), (select id from public.sri_impact_criteria where methodology_version_id=v_mid and code='energy_efficiency'), 'residential', 'south_europe', 0.3166640413) on conflict (methodology_version_id, domain_id, impact_criterion_id, building_type, climate_zone) do nothing;
  insert into public.sri_domain_impact_weights (methodology_version_id, domain_id, impact_criterion_id, building_type, climate_zone, weight)
  values (v_mid, (select id from public.sri_technical_domains where methodology_version_id=v_mid and code='heating'), (select id from public.sri_impact_criteria where methodology_version_id=v_mid and code='energy_flexibility_and_storage'), 'residential', 'south_europe', 0.3762432561) on conflict (methodology_version_id, domain_id, impact_criterion_id, building_type, climate_zone) do nothing;
  insert into public.sri_domain_impact_weights (methodology_version_id, domain_id, impact_criterion_id, building_type, climate_zone, weight)
  values (v_mid, (select id from public.sri_technical_domains where methodology_version_id=v_mid and code='heating'), (select id from public.sri_impact_criteria where methodology_version_id=v_mid and code='comfort'), 'residential', 'south_europe', 0.16) on conflict (methodology_version_id, domain_id, impact_criterion_id, building_type, climate_zone) do nothing;
  insert into public.sri_domain_impact_weights (methodology_version_id, domain_id, impact_criterion_id, building_type, climate_zone, weight)
  values (v_mid, (select id from public.sri_technical_domains where methodology_version_id=v_mid and code='heating'), (select id from public.sri_impact_criteria where methodology_version_id=v_mid and code='convenience'), 'residential', 'south_europe', 0.1) on conflict (methodology_version_id, domain_id, impact_criterion_id, building_type, climate_zone) do nothing;
  insert into public.sri_domain_impact_weights (methodology_version_id, domain_id, impact_criterion_id, building_type, climate_zone, weight)
  values (v_mid, (select id from public.sri_technical_domains where methodology_version_id=v_mid and code='heating'), (select id from public.sri_impact_criteria where methodology_version_id=v_mid and code='health_wellbeing_accessibility'), 'residential', 'south_europe', 0.16) on conflict (methodology_version_id, domain_id, impact_criterion_id, building_type, climate_zone) do nothing;
  insert into public.sri_domain_impact_weights (methodology_version_id, domain_id, impact_criterion_id, building_type, climate_zone, weight)
  values (v_mid, (select id from public.sri_technical_domains where methodology_version_id=v_mid and code='heating'), (select id from public.sri_impact_criteria where methodology_version_id=v_mid and code='maintenance_and_fault_prediction'), 'residential', 'south_europe', 0.3284046521) on conflict (methodology_version_id, domain_id, impact_criterion_id, building_type, climate_zone) do nothing;
  insert into public.sri_domain_impact_weights (methodology_version_id, domain_id, impact_criterion_id, building_type, climate_zone, weight)
  values (v_mid, (select id from public.sri_technical_domains where methodology_version_id=v_mid and code='heating'), (select id from public.sri_impact_criteria where methodology_version_id=v_mid and code='information_to_occupants'), 'residential', 'south_europe', 0.1142857143) on conflict (methodology_version_id, domain_id, impact_criterion_id, building_type, climate_zone) do nothing;
  insert into public.sri_domain_impact_weights (methodology_version_id, domain_id, impact_criterion_id, building_type, climate_zone, weight)
  values (v_mid, (select id from public.sri_technical_domains where methodology_version_id=v_mid and code='domestic_hot_water'), (select id from public.sri_impact_criteria where methodology_version_id=v_mid and code='energy_efficiency'), 'residential', 'south_europe', 0.0997943494) on conflict (methodology_version_id, domain_id, impact_criterion_id, building_type, climate_zone) do nothing;
  insert into public.sri_domain_impact_weights (methodology_version_id, domain_id, impact_criterion_id, building_type, climate_zone, weight)
  values (v_mid, (select id from public.sri_technical_domains where methodology_version_id=v_mid and code='domestic_hot_water'), (select id from public.sri_impact_criteria where methodology_version_id=v_mid and code='energy_flexibility_and_storage'), 'residential', 'south_europe', 0.1185703018) on conflict (methodology_version_id, domain_id, impact_criterion_id, building_type, climate_zone) do nothing;
  insert into public.sri_domain_impact_weights (methodology_version_id, domain_id, impact_criterion_id, building_type, climate_zone, weight)
  values (v_mid, (select id from public.sri_technical_domains where methodology_version_id=v_mid and code='domestic_hot_water'), (select id from public.sri_impact_criteria where methodology_version_id=v_mid and code='comfort'), 'residential', 'south_europe', 0.0) on conflict (methodology_version_id, domain_id, impact_criterion_id, building_type, climate_zone) do nothing;
  insert into public.sri_domain_impact_weights (methodology_version_id, domain_id, impact_criterion_id, building_type, climate_zone, weight)
  values (v_mid, (select id from public.sri_technical_domains where methodology_version_id=v_mid and code='domestic_hot_water'), (select id from public.sri_impact_criteria where methodology_version_id=v_mid and code='convenience'), 'residential', 'south_europe', 0.1) on conflict (methodology_version_id, domain_id, impact_criterion_id, building_type, climate_zone) do nothing;
  insert into public.sri_domain_impact_weights (methodology_version_id, domain_id, impact_criterion_id, building_type, climate_zone, weight)
  values (v_mid, (select id from public.sri_technical_domains where methodology_version_id=v_mid and code='domestic_hot_water'), (select id from public.sri_impact_criteria where methodology_version_id=v_mid and code='health_wellbeing_accessibility'), 'residential', 'south_europe', 0.0) on conflict (methodology_version_id, domain_id, impact_criterion_id, building_type, climate_zone) do nothing;
  insert into public.sri_domain_impact_weights (methodology_version_id, domain_id, impact_criterion_id, building_type, climate_zone, weight)
  values (v_mid, (select id from public.sri_technical_domains where methodology_version_id=v_mid and code='domestic_hot_water'), (select id from public.sri_impact_criteria where methodology_version_id=v_mid and code='maintenance_and_fault_prediction'), 'residential', 'south_europe', 0.1034943167) on conflict (methodology_version_id, domain_id, impact_criterion_id, building_type, climate_zone) do nothing;
  insert into public.sri_domain_impact_weights (methodology_version_id, domain_id, impact_criterion_id, building_type, climate_zone, weight)
  values (v_mid, (select id from public.sri_technical_domains where methodology_version_id=v_mid and code='domestic_hot_water'), (select id from public.sri_impact_criteria where methodology_version_id=v_mid and code='information_to_occupants'), 'residential', 'south_europe', 0.1142857143) on conflict (methodology_version_id, domain_id, impact_criterion_id, building_type, climate_zone) do nothing;
  insert into public.sri_domain_impact_weights (methodology_version_id, domain_id, impact_criterion_id, building_type, climate_zone, weight)
  values (v_mid, (select id from public.sri_technical_domains where methodology_version_id=v_mid and code='cooling'), (select id from public.sri_impact_criteria where methodology_version_id=v_mid and code='energy_efficiency'), 'residential', 'south_europe', 0.0688087545) on conflict (methodology_version_id, domain_id, impact_criterion_id, building_type, climate_zone) do nothing;
  insert into public.sri_domain_impact_weights (methodology_version_id, domain_id, impact_criterion_id, building_type, climate_zone, weight)
  values (v_mid, (select id from public.sri_technical_domains where methodology_version_id=v_mid and code='cooling'), (select id from public.sri_impact_criteria where methodology_version_id=v_mid and code='energy_flexibility_and_storage'), 'residential', 'south_europe', 0.0817548773) on conflict (methodology_version_id, domain_id, impact_criterion_id, building_type, climate_zone) do nothing;
  insert into public.sri_domain_impact_weights (methodology_version_id, domain_id, impact_criterion_id, building_type, climate_zone, weight)
  values (v_mid, (select id from public.sri_technical_domains where methodology_version_id=v_mid and code='cooling'), (select id from public.sri_impact_criteria where methodology_version_id=v_mid and code='comfort'), 'residential', 'south_europe', 0.16) on conflict (methodology_version_id, domain_id, impact_criterion_id, building_type, climate_zone) do nothing;
  insert into public.sri_domain_impact_weights (methodology_version_id, domain_id, impact_criterion_id, building_type, climate_zone, weight)
  values (v_mid, (select id from public.sri_technical_domains where methodology_version_id=v_mid and code='cooling'), (select id from public.sri_impact_criteria where methodology_version_id=v_mid and code='convenience'), 'residential', 'south_europe', 0.1) on conflict (methodology_version_id, domain_id, impact_criterion_id, building_type, climate_zone) do nothing;
  insert into public.sri_domain_impact_weights (methodology_version_id, domain_id, impact_criterion_id, building_type, climate_zone, weight)
  values (v_mid, (select id from public.sri_technical_domains where methodology_version_id=v_mid and code='cooling'), (select id from public.sri_impact_criteria where methodology_version_id=v_mid and code='health_wellbeing_accessibility'), 'residential', 'south_europe', 0.16) on conflict (methodology_version_id, domain_id, impact_criterion_id, building_type, climate_zone) do nothing;
  insert into public.sri_domain_impact_weights (methodology_version_id, domain_id, impact_criterion_id, building_type, climate_zone, weight)
  values (v_mid, (select id from public.sri_technical_domains where methodology_version_id=v_mid and code='cooling'), (select id from public.sri_impact_criteria where methodology_version_id=v_mid and code='maintenance_and_fault_prediction'), 'residential', 'south_europe', 0.0713599024) on conflict (methodology_version_id, domain_id, impact_criterion_id, building_type, climate_zone) do nothing;
  insert into public.sri_domain_impact_weights (methodology_version_id, domain_id, impact_criterion_id, building_type, climate_zone, weight)
  values (v_mid, (select id from public.sri_technical_domains where methodology_version_id=v_mid and code='cooling'), (select id from public.sri_impact_criteria where methodology_version_id=v_mid and code='information_to_occupants'), 'residential', 'south_europe', 0.1142857143) on conflict (methodology_version_id, domain_id, impact_criterion_id, building_type, climate_zone) do nothing;
  insert into public.sri_domain_impact_weights (methodology_version_id, domain_id, impact_criterion_id, building_type, climate_zone, weight)
  values (v_mid, (select id from public.sri_technical_domains where methodology_version_id=v_mid and code='ventilation'), (select id from public.sri_impact_criteria where methodology_version_id=v_mid and code='energy_efficiency'), 'residential', 'south_europe', 0.0919518533) on conflict (methodology_version_id, domain_id, impact_criterion_id, building_type, climate_zone) do nothing;
  insert into public.sri_domain_impact_weights (methodology_version_id, domain_id, impact_criterion_id, building_type, climate_zone, weight)
  values (v_mid, (select id from public.sri_technical_domains where methodology_version_id=v_mid and code='ventilation'), (select id from public.sri_impact_criteria where methodology_version_id=v_mid and code='energy_flexibility_and_storage'), 'residential', 'south_europe', 0.0) on conflict (methodology_version_id, domain_id, impact_criterion_id, building_type, climate_zone) do nothing;
  insert into public.sri_domain_impact_weights (methodology_version_id, domain_id, impact_criterion_id, building_type, climate_zone, weight)
  values (v_mid, (select id from public.sri_technical_domains where methodology_version_id=v_mid and code='ventilation'), (select id from public.sri_impact_criteria where methodology_version_id=v_mid and code='comfort'), 'residential', 'south_europe', 0.16) on conflict (methodology_version_id, domain_id, impact_criterion_id, building_type, climate_zone) do nothing;
  insert into public.sri_domain_impact_weights (methodology_version_id, domain_id, impact_criterion_id, building_type, climate_zone, weight)
  values (v_mid, (select id from public.sri_technical_domains where methodology_version_id=v_mid and code='ventilation'), (select id from public.sri_impact_criteria where methodology_version_id=v_mid and code='convenience'), 'residential', 'south_europe', 0.1) on conflict (methodology_version_id, domain_id, impact_criterion_id, building_type, climate_zone) do nothing;
  insert into public.sri_domain_impact_weights (methodology_version_id, domain_id, impact_criterion_id, building_type, climate_zone, weight)
  values (v_mid, (select id from public.sri_technical_domains where methodology_version_id=v_mid and code='ventilation'), (select id from public.sri_impact_criteria where methodology_version_id=v_mid and code='health_wellbeing_accessibility'), 'residential', 'south_europe', 0.16) on conflict (methodology_version_id, domain_id, impact_criterion_id, building_type, climate_zone) do nothing;
  insert into public.sri_domain_impact_weights (methodology_version_id, domain_id, impact_criterion_id, building_type, climate_zone, weight)
  values (v_mid, (select id from public.sri_technical_domains where methodology_version_id=v_mid and code='ventilation'), (select id from public.sri_impact_criteria where methodology_version_id=v_mid and code='maintenance_and_fault_prediction'), 'residential', 'south_europe', 0.0953610529) on conflict (methodology_version_id, domain_id, impact_criterion_id, building_type, climate_zone) do nothing;
  insert into public.sri_domain_impact_weights (methodology_version_id, domain_id, impact_criterion_id, building_type, climate_zone, weight)
  values (v_mid, (select id from public.sri_technical_domains where methodology_version_id=v_mid and code='ventilation'), (select id from public.sri_impact_criteria where methodology_version_id=v_mid and code='information_to_occupants'), 'residential', 'south_europe', 0.1142857143) on conflict (methodology_version_id, domain_id, impact_criterion_id, building_type, climate_zone) do nothing;
  insert into public.sri_domain_impact_weights (methodology_version_id, domain_id, impact_criterion_id, building_type, climate_zone, weight)
  values (v_mid, (select id from public.sri_technical_domains where methodology_version_id=v_mid and code='lighting'), (select id from public.sri_impact_criteria where methodology_version_id=v_mid and code='energy_efficiency'), 'residential', 'south_europe', 0.0268128299) on conflict (methodology_version_id, domain_id, impact_criterion_id, building_type, climate_zone) do nothing;
  insert into public.sri_domain_impact_weights (methodology_version_id, domain_id, impact_criterion_id, building_type, climate_zone, weight)
  values (v_mid, (select id from public.sri_technical_domains where methodology_version_id=v_mid and code='lighting'), (select id from public.sri_impact_criteria where methodology_version_id=v_mid and code='energy_flexibility_and_storage'), 'residential', 'south_europe', 0.0) on conflict (methodology_version_id, domain_id, impact_criterion_id, building_type, climate_zone) do nothing;
  insert into public.sri_domain_impact_weights (methodology_version_id, domain_id, impact_criterion_id, building_type, climate_zone, weight)
  values (v_mid, (select id from public.sri_technical_domains where methodology_version_id=v_mid and code='lighting'), (select id from public.sri_impact_criteria where methodology_version_id=v_mid and code='comfort'), 'residential', 'south_europe', 0.16) on conflict (methodology_version_id, domain_id, impact_criterion_id, building_type, climate_zone) do nothing;
  insert into public.sri_domain_impact_weights (methodology_version_id, domain_id, impact_criterion_id, building_type, climate_zone, weight)
  values (v_mid, (select id from public.sri_technical_domains where methodology_version_id=v_mid and code='lighting'), (select id from public.sri_impact_criteria where methodology_version_id=v_mid and code='convenience'), 'residential', 'south_europe', 0.1) on conflict (methodology_version_id, domain_id, impact_criterion_id, building_type, climate_zone) do nothing;
  insert into public.sri_domain_impact_weights (methodology_version_id, domain_id, impact_criterion_id, building_type, climate_zone, weight)
  values (v_mid, (select id from public.sri_technical_domains where methodology_version_id=v_mid and code='lighting'), (select id from public.sri_impact_criteria where methodology_version_id=v_mid and code='health_wellbeing_accessibility'), 'residential', 'south_europe', 0.16) on conflict (methodology_version_id, domain_id, impact_criterion_id, building_type, climate_zone) do nothing;
  insert into public.sri_domain_impact_weights (methodology_version_id, domain_id, impact_criterion_id, building_type, climate_zone, weight)
  values (v_mid, (select id from public.sri_technical_domains where methodology_version_id=v_mid and code='lighting'), (select id from public.sri_impact_criteria where methodology_version_id=v_mid and code='maintenance_and_fault_prediction'), 'residential', 'south_europe', 0.0) on conflict (methodology_version_id, domain_id, impact_criterion_id, building_type, climate_zone) do nothing;
  insert into public.sri_domain_impact_weights (methodology_version_id, domain_id, impact_criterion_id, building_type, climate_zone, weight)
  values (v_mid, (select id from public.sri_technical_domains where methodology_version_id=v_mid and code='lighting'), (select id from public.sri_impact_criteria where methodology_version_id=v_mid and code='information_to_occupants'), 'residential', 'south_europe', 0.0) on conflict (methodology_version_id, domain_id, impact_criterion_id, building_type, climate_zone) do nothing;
  insert into public.sri_domain_impact_weights (methodology_version_id, domain_id, impact_criterion_id, building_type, climate_zone, weight)
  values (v_mid, (select id from public.sri_technical_domains where methodology_version_id=v_mid and code='electricity'), (select id from public.sri_impact_criteria where methodology_version_id=v_mid and code='energy_efficiency'), 'residential', 'south_europe', 0.1459681716) on conflict (methodology_version_id, domain_id, impact_criterion_id, building_type, climate_zone) do nothing;
  insert into public.sri_domain_impact_weights (methodology_version_id, domain_id, impact_criterion_id, building_type, climate_zone, weight)
  values (v_mid, (select id from public.sri_technical_domains where methodology_version_id=v_mid and code='electricity'), (select id from public.sri_impact_criteria where methodology_version_id=v_mid and code='energy_flexibility_and_storage'), 'residential', 'south_europe', 0.1734315647) on conflict (methodology_version_id, domain_id, impact_criterion_id, building_type, climate_zone) do nothing;
  insert into public.sri_domain_impact_weights (methodology_version_id, domain_id, impact_criterion_id, building_type, climate_zone, weight)
  values (v_mid, (select id from public.sri_technical_domains where methodology_version_id=v_mid and code='electricity'), (select id from public.sri_impact_criteria where methodology_version_id=v_mid and code='comfort'), 'residential', 'south_europe', 0.0) on conflict (methodology_version_id, domain_id, impact_criterion_id, building_type, climate_zone) do nothing;
  insert into public.sri_domain_impact_weights (methodology_version_id, domain_id, impact_criterion_id, building_type, climate_zone, weight)
  values (v_mid, (select id from public.sri_technical_domains where methodology_version_id=v_mid and code='electricity'), (select id from public.sri_impact_criteria where methodology_version_id=v_mid and code='convenience'), 'residential', 'south_europe', 0.1) on conflict (methodology_version_id, domain_id, impact_criterion_id, building_type, climate_zone) do nothing;
  insert into public.sri_domain_impact_weights (methodology_version_id, domain_id, impact_criterion_id, building_type, climate_zone, weight)
  values (v_mid, (select id from public.sri_technical_domains where methodology_version_id=v_mid and code='electricity'), (select id from public.sri_impact_criteria where methodology_version_id=v_mid and code='health_wellbeing_accessibility'), 'residential', 'south_europe', 0.0) on conflict (methodology_version_id, domain_id, impact_criterion_id, building_type, climate_zone) do nothing;
  insert into public.sri_domain_impact_weights (methodology_version_id, domain_id, impact_criterion_id, building_type, climate_zone, weight)
  values (v_mid, (select id from public.sri_technical_domains where methodology_version_id=v_mid and code='electricity'), (select id from public.sri_impact_criteria where methodology_version_id=v_mid and code='maintenance_and_fault_prediction'), 'residential', 'south_europe', 0.1513800759) on conflict (methodology_version_id, domain_id, impact_criterion_id, building_type, climate_zone) do nothing;
  insert into public.sri_domain_impact_weights (methodology_version_id, domain_id, impact_criterion_id, building_type, climate_zone, weight)
  values (v_mid, (select id from public.sri_technical_domains where methodology_version_id=v_mid and code='electricity'), (select id from public.sri_impact_criteria where methodology_version_id=v_mid and code='information_to_occupants'), 'residential', 'south_europe', 0.1142857143) on conflict (methodology_version_id, domain_id, impact_criterion_id, building_type, climate_zone) do nothing;
  insert into public.sri_domain_impact_weights (methodology_version_id, domain_id, impact_criterion_id, building_type, climate_zone, weight)
  values (v_mid, (select id from public.sri_technical_domains where methodology_version_id=v_mid and code='dynamic_building_envelope'), (select id from public.sri_impact_criteria where methodology_version_id=v_mid and code='energy_efficiency'), 'residential', 'south_europe', 0.05) on conflict (methodology_version_id, domain_id, impact_criterion_id, building_type, climate_zone) do nothing;
  insert into public.sri_domain_impact_weights (methodology_version_id, domain_id, impact_criterion_id, building_type, climate_zone, weight)
  values (v_mid, (select id from public.sri_technical_domains where methodology_version_id=v_mid and code='dynamic_building_envelope'), (select id from public.sri_impact_criteria where methodology_version_id=v_mid and code='energy_flexibility_and_storage'), 'residential', 'south_europe', 0.0) on conflict (methodology_version_id, domain_id, impact_criterion_id, building_type, climate_zone) do nothing;
  insert into public.sri_domain_impact_weights (methodology_version_id, domain_id, impact_criterion_id, building_type, climate_zone, weight)
  values (v_mid, (select id from public.sri_technical_domains where methodology_version_id=v_mid and code='dynamic_building_envelope'), (select id from public.sri_impact_criteria where methodology_version_id=v_mid and code='comfort'), 'residential', 'south_europe', 0.16) on conflict (methodology_version_id, domain_id, impact_criterion_id, building_type, climate_zone) do nothing;
  insert into public.sri_domain_impact_weights (methodology_version_id, domain_id, impact_criterion_id, building_type, climate_zone, weight)
  values (v_mid, (select id from public.sri_technical_domains where methodology_version_id=v_mid and code='dynamic_building_envelope'), (select id from public.sri_impact_criteria where methodology_version_id=v_mid and code='convenience'), 'residential', 'south_europe', 0.1) on conflict (methodology_version_id, domain_id, impact_criterion_id, building_type, climate_zone) do nothing;
  insert into public.sri_domain_impact_weights (methodology_version_id, domain_id, impact_criterion_id, building_type, climate_zone, weight)
  values (v_mid, (select id from public.sri_technical_domains where methodology_version_id=v_mid and code='dynamic_building_envelope'), (select id from public.sri_impact_criteria where methodology_version_id=v_mid and code='health_wellbeing_accessibility'), 'residential', 'south_europe', 0.16) on conflict (methodology_version_id, domain_id, impact_criterion_id, building_type, climate_zone) do nothing;
  insert into public.sri_domain_impact_weights (methodology_version_id, domain_id, impact_criterion_id, building_type, climate_zone, weight)
  values (v_mid, (select id from public.sri_technical_domains where methodology_version_id=v_mid and code='dynamic_building_envelope'), (select id from public.sri_impact_criteria where methodology_version_id=v_mid and code='maintenance_and_fault_prediction'), 'residential', 'south_europe', 0.05) on conflict (methodology_version_id, domain_id, impact_criterion_id, building_type, climate_zone) do nothing;
  insert into public.sri_domain_impact_weights (methodology_version_id, domain_id, impact_criterion_id, building_type, climate_zone, weight)
  values (v_mid, (select id from public.sri_technical_domains where methodology_version_id=v_mid and code='dynamic_building_envelope'), (select id from public.sri_impact_criteria where methodology_version_id=v_mid and code='information_to_occupants'), 'residential', 'south_europe', 0.1142857143) on conflict (methodology_version_id, domain_id, impact_criterion_id, building_type, climate_zone) do nothing;
  insert into public.sri_domain_impact_weights (methodology_version_id, domain_id, impact_criterion_id, building_type, climate_zone, weight)
  values (v_mid, (select id from public.sri_technical_domains where methodology_version_id=v_mid and code='electric_vehicle_charging'), (select id from public.sri_impact_criteria where methodology_version_id=v_mid and code='energy_efficiency'), 'residential', 'south_europe', 0.0) on conflict (methodology_version_id, domain_id, impact_criterion_id, building_type, climate_zone) do nothing;
  insert into public.sri_domain_impact_weights (methodology_version_id, domain_id, impact_criterion_id, building_type, climate_zone, weight)
  values (v_mid, (select id from public.sri_technical_domains where methodology_version_id=v_mid and code='electric_vehicle_charging'), (select id from public.sri_impact_criteria where methodology_version_id=v_mid and code='energy_flexibility_and_storage'), 'residential', 'south_europe', 0.05) on conflict (methodology_version_id, domain_id, impact_criterion_id, building_type, climate_zone) do nothing;
  insert into public.sri_domain_impact_weights (methodology_version_id, domain_id, impact_criterion_id, building_type, climate_zone, weight)
  values (v_mid, (select id from public.sri_technical_domains where methodology_version_id=v_mid and code='electric_vehicle_charging'), (select id from public.sri_impact_criteria where methodology_version_id=v_mid and code='comfort'), 'residential', 'south_europe', 0.0) on conflict (methodology_version_id, domain_id, impact_criterion_id, building_type, climate_zone) do nothing;
  insert into public.sri_domain_impact_weights (methodology_version_id, domain_id, impact_criterion_id, building_type, climate_zone, weight)
  values (v_mid, (select id from public.sri_technical_domains where methodology_version_id=v_mid and code='electric_vehicle_charging'), (select id from public.sri_impact_criteria where methodology_version_id=v_mid and code='convenience'), 'residential', 'south_europe', 0.1) on conflict (methodology_version_id, domain_id, impact_criterion_id, building_type, climate_zone) do nothing;
  insert into public.sri_domain_impact_weights (methodology_version_id, domain_id, impact_criterion_id, building_type, climate_zone, weight)
  values (v_mid, (select id from public.sri_technical_domains where methodology_version_id=v_mid and code='electric_vehicle_charging'), (select id from public.sri_impact_criteria where methodology_version_id=v_mid and code='health_wellbeing_accessibility'), 'residential', 'south_europe', 0.0) on conflict (methodology_version_id, domain_id, impact_criterion_id, building_type, climate_zone) do nothing;
  insert into public.sri_domain_impact_weights (methodology_version_id, domain_id, impact_criterion_id, building_type, climate_zone, weight)
  values (v_mid, (select id from public.sri_technical_domains where methodology_version_id=v_mid and code='electric_vehicle_charging'), (select id from public.sri_impact_criteria where methodology_version_id=v_mid and code='maintenance_and_fault_prediction'), 'residential', 'south_europe', 0.0) on conflict (methodology_version_id, domain_id, impact_criterion_id, building_type, climate_zone) do nothing;
  insert into public.sri_domain_impact_weights (methodology_version_id, domain_id, impact_criterion_id, building_type, climate_zone, weight)
  values (v_mid, (select id from public.sri_technical_domains where methodology_version_id=v_mid and code='electric_vehicle_charging'), (select id from public.sri_impact_criteria where methodology_version_id=v_mid and code='information_to_occupants'), 'residential', 'south_europe', 0.1142857143) on conflict (methodology_version_id, domain_id, impact_criterion_id, building_type, climate_zone) do nothing;
  insert into public.sri_domain_impact_weights (methodology_version_id, domain_id, impact_criterion_id, building_type, climate_zone, weight)
  values (v_mid, (select id from public.sri_technical_domains where methodology_version_id=v_mid and code='monitoring_and_control'), (select id from public.sri_impact_criteria where methodology_version_id=v_mid and code='energy_efficiency'), 'residential', 'south_europe', 0.2) on conflict (methodology_version_id, domain_id, impact_criterion_id, building_type, climate_zone) do nothing;
  insert into public.sri_domain_impact_weights (methodology_version_id, domain_id, impact_criterion_id, building_type, climate_zone, weight)
  values (v_mid, (select id from public.sri_technical_domains where methodology_version_id=v_mid and code='monitoring_and_control'), (select id from public.sri_impact_criteria where methodology_version_id=v_mid and code='energy_flexibility_and_storage'), 'residential', 'south_europe', 0.2) on conflict (methodology_version_id, domain_id, impact_criterion_id, building_type, climate_zone) do nothing;
  insert into public.sri_domain_impact_weights (methodology_version_id, domain_id, impact_criterion_id, building_type, climate_zone, weight)
  values (v_mid, (select id from public.sri_technical_domains where methodology_version_id=v_mid and code='monitoring_and_control'), (select id from public.sri_impact_criteria where methodology_version_id=v_mid and code='comfort'), 'residential', 'south_europe', 0.2) on conflict (methodology_version_id, domain_id, impact_criterion_id, building_type, climate_zone) do nothing;
  insert into public.sri_domain_impact_weights (methodology_version_id, domain_id, impact_criterion_id, building_type, climate_zone, weight)
  values (v_mid, (select id from public.sri_technical_domains where methodology_version_id=v_mid and code='monitoring_and_control'), (select id from public.sri_impact_criteria where methodology_version_id=v_mid and code='convenience'), 'residential', 'south_europe', 0.2) on conflict (methodology_version_id, domain_id, impact_criterion_id, building_type, climate_zone) do nothing;
  insert into public.sri_domain_impact_weights (methodology_version_id, domain_id, impact_criterion_id, building_type, climate_zone, weight)
  values (v_mid, (select id from public.sri_technical_domains where methodology_version_id=v_mid and code='monitoring_and_control'), (select id from public.sri_impact_criteria where methodology_version_id=v_mid and code='health_wellbeing_accessibility'), 'residential', 'south_europe', 0.2) on conflict (methodology_version_id, domain_id, impact_criterion_id, building_type, climate_zone) do nothing;
  insert into public.sri_domain_impact_weights (methodology_version_id, domain_id, impact_criterion_id, building_type, climate_zone, weight)
  values (v_mid, (select id from public.sri_technical_domains where methodology_version_id=v_mid and code='monitoring_and_control'), (select id from public.sri_impact_criteria where methodology_version_id=v_mid and code='maintenance_and_fault_prediction'), 'residential', 'south_europe', 0.2) on conflict (methodology_version_id, domain_id, impact_criterion_id, building_type, climate_zone) do nothing;
  insert into public.sri_domain_impact_weights (methodology_version_id, domain_id, impact_criterion_id, building_type, climate_zone, weight)
  values (v_mid, (select id from public.sri_technical_domains where methodology_version_id=v_mid and code='monitoring_and_control'), (select id from public.sri_impact_criteria where methodology_version_id=v_mid and code='information_to_occupants'), 'residential', 'south_europe', 0.2) on conflict (methodology_version_id, domain_id, impact_criterion_id, building_type, climate_zone) do nothing;
  insert into public.sri_domain_impact_weights (methodology_version_id, domain_id, impact_criterion_id, building_type, climate_zone, weight)
  values (v_mid, (select id from public.sri_technical_domains where methodology_version_id=v_mid and code='heating'), (select id from public.sri_impact_criteria where methodology_version_id=v_mid and code='energy_efficiency'), 'residential', 'north_east_europe', 0.3038297583) on conflict (methodology_version_id, domain_id, impact_criterion_id, building_type, climate_zone) do nothing;
  insert into public.sri_domain_impact_weights (methodology_version_id, domain_id, impact_criterion_id, building_type, climate_zone, weight)
  values (v_mid, (select id from public.sri_technical_domains where methodology_version_id=v_mid and code='heating'), (select id from public.sri_impact_criteria where methodology_version_id=v_mid and code='energy_flexibility_and_storage'), 'residential', 'north_east_europe', 0.4117192774) on conflict (methodology_version_id, domain_id, impact_criterion_id, building_type, climate_zone) do nothing;
  insert into public.sri_domain_impact_weights (methodology_version_id, domain_id, impact_criterion_id, building_type, climate_zone, weight)
  values (v_mid, (select id from public.sri_technical_domains where methodology_version_id=v_mid and code='heating'), (select id from public.sri_impact_criteria where methodology_version_id=v_mid and code='comfort'), 'residential', 'north_east_europe', 0.16) on conflict (methodology_version_id, domain_id, impact_criterion_id, building_type, climate_zone) do nothing;
  insert into public.sri_domain_impact_weights (methodology_version_id, domain_id, impact_criterion_id, building_type, climate_zone, weight)
  values (v_mid, (select id from public.sri_technical_domains where methodology_version_id=v_mid and code='heating'), (select id from public.sri_impact_criteria where methodology_version_id=v_mid and code='convenience'), 'residential', 'north_east_europe', 0.1) on conflict (methodology_version_id, domain_id, impact_criterion_id, building_type, climate_zone) do nothing;
  insert into public.sri_domain_impact_weights (methodology_version_id, domain_id, impact_criterion_id, building_type, climate_zone, weight)
  values (v_mid, (select id from public.sri_technical_domains where methodology_version_id=v_mid and code='heating'), (select id from public.sri_impact_criteria where methodology_version_id=v_mid and code='health_wellbeing_accessibility'), 'residential', 'north_east_europe', 0.16) on conflict (methodology_version_id, domain_id, impact_criterion_id, building_type, climate_zone) do nothing;
  insert into public.sri_domain_impact_weights (methodology_version_id, domain_id, impact_criterion_id, building_type, climate_zone, weight)
  values (v_mid, (select id from public.sri_technical_domains where methodology_version_id=v_mid and code='heating'), (select id from public.sri_impact_criteria where methodology_version_id=v_mid and code='maintenance_and_fault_prediction'), 'residential', 'north_east_europe', 0.3063631393) on conflict (methodology_version_id, domain_id, impact_criterion_id, building_type, climate_zone) do nothing;
  insert into public.sri_domain_impact_weights (methodology_version_id, domain_id, impact_criterion_id, building_type, climate_zone, weight)
  values (v_mid, (select id from public.sri_technical_domains where methodology_version_id=v_mid and code='heating'), (select id from public.sri_impact_criteria where methodology_version_id=v_mid and code='information_to_occupants'), 'residential', 'north_east_europe', 0.1142857143) on conflict (methodology_version_id, domain_id, impact_criterion_id, building_type, climate_zone) do nothing;
  insert into public.sri_domain_impact_weights (methodology_version_id, domain_id, impact_criterion_id, building_type, climate_zone, weight)
  values (v_mid, (select id from public.sri_technical_domains where methodology_version_id=v_mid and code='domestic_hot_water'), (select id from public.sri_impact_criteria where methodology_version_id=v_mid and code='energy_efficiency'), 'residential', 'north_east_europe', 0.1392768023) on conflict (methodology_version_id, domain_id, impact_criterion_id, building_type, climate_zone) do nothing;
  insert into public.sri_domain_impact_weights (methodology_version_id, domain_id, impact_criterion_id, building_type, climate_zone, weight)
  values (v_mid, (select id from public.sri_technical_domains where methodology_version_id=v_mid and code='domestic_hot_water'), (select id from public.sri_impact_criteria where methodology_version_id=v_mid and code='energy_flexibility_and_storage'), 'residential', 'north_east_europe', 0.1887337986) on conflict (methodology_version_id, domain_id, impact_criterion_id, building_type, climate_zone) do nothing;
  insert into public.sri_domain_impact_weights (methodology_version_id, domain_id, impact_criterion_id, building_type, climate_zone, weight)
  values (v_mid, (select id from public.sri_technical_domains where methodology_version_id=v_mid and code='domestic_hot_water'), (select id from public.sri_impact_criteria where methodology_version_id=v_mid and code='comfort'), 'residential', 'north_east_europe', 0.0) on conflict (methodology_version_id, domain_id, impact_criterion_id, building_type, climate_zone) do nothing;
  insert into public.sri_domain_impact_weights (methodology_version_id, domain_id, impact_criterion_id, building_type, climate_zone, weight)
  values (v_mid, (select id from public.sri_technical_domains where methodology_version_id=v_mid and code='domestic_hot_water'), (select id from public.sri_impact_criteria where methodology_version_id=v_mid and code='convenience'), 'residential', 'north_east_europe', 0.1) on conflict (methodology_version_id, domain_id, impact_criterion_id, building_type, climate_zone) do nothing;
  insert into public.sri_domain_impact_weights (methodology_version_id, domain_id, impact_criterion_id, building_type, climate_zone, weight)
  values (v_mid, (select id from public.sri_technical_domains where methodology_version_id=v_mid and code='domestic_hot_water'), (select id from public.sri_impact_criteria where methodology_version_id=v_mid and code='health_wellbeing_accessibility'), 'residential', 'north_east_europe', 0.0) on conflict (methodology_version_id, domain_id, impact_criterion_id, building_type, climate_zone) do nothing;
  insert into public.sri_domain_impact_weights (methodology_version_id, domain_id, impact_criterion_id, building_type, climate_zone, weight)
  values (v_mid, (select id from public.sri_technical_domains where methodology_version_id=v_mid and code='domestic_hot_water'), (select id from public.sri_impact_criteria where methodology_version_id=v_mid and code='maintenance_and_fault_prediction'), 'residential', 'north_east_europe', 0.1404381145) on conflict (methodology_version_id, domain_id, impact_criterion_id, building_type, climate_zone) do nothing;
  insert into public.sri_domain_impact_weights (methodology_version_id, domain_id, impact_criterion_id, building_type, climate_zone, weight)
  values (v_mid, (select id from public.sri_technical_domains where methodology_version_id=v_mid and code='domestic_hot_water'), (select id from public.sri_impact_criteria where methodology_version_id=v_mid and code='information_to_occupants'), 'residential', 'north_east_europe', 0.1142857143) on conflict (methodology_version_id, domain_id, impact_criterion_id, building_type, climate_zone) do nothing;
  insert into public.sri_domain_impact_weights (methodology_version_id, domain_id, impact_criterion_id, building_type, climate_zone, weight)
  values (v_mid, (select id from public.sri_technical_domains where methodology_version_id=v_mid and code='cooling'), (select id from public.sri_impact_criteria where methodology_version_id=v_mid and code='energy_efficiency'), 'residential', 'north_east_europe', 0.0) on conflict (methodology_version_id, domain_id, impact_criterion_id, building_type, climate_zone) do nothing;
  insert into public.sri_domain_impact_weights (methodology_version_id, domain_id, impact_criterion_id, building_type, climate_zone, weight)
  values (v_mid, (select id from public.sri_technical_domains where methodology_version_id=v_mid and code='cooling'), (select id from public.sri_impact_criteria where methodology_version_id=v_mid and code='energy_flexibility_and_storage'), 'residential', 'north_east_europe', 0.0) on conflict (methodology_version_id, domain_id, impact_criterion_id, building_type, climate_zone) do nothing;
  insert into public.sri_domain_impact_weights (methodology_version_id, domain_id, impact_criterion_id, building_type, climate_zone, weight)
  values (v_mid, (select id from public.sri_technical_domains where methodology_version_id=v_mid and code='cooling'), (select id from public.sri_impact_criteria where methodology_version_id=v_mid and code='comfort'), 'residential', 'north_east_europe', 0.16) on conflict (methodology_version_id, domain_id, impact_criterion_id, building_type, climate_zone) do nothing;
  insert into public.sri_domain_impact_weights (methodology_version_id, domain_id, impact_criterion_id, building_type, climate_zone, weight)
  values (v_mid, (select id from public.sri_technical_domains where methodology_version_id=v_mid and code='cooling'), (select id from public.sri_impact_criteria where methodology_version_id=v_mid and code='convenience'), 'residential', 'north_east_europe', 0.1) on conflict (methodology_version_id, domain_id, impact_criterion_id, building_type, climate_zone) do nothing;
  insert into public.sri_domain_impact_weights (methodology_version_id, domain_id, impact_criterion_id, building_type, climate_zone, weight)
  values (v_mid, (select id from public.sri_technical_domains where methodology_version_id=v_mid and code='cooling'), (select id from public.sri_impact_criteria where methodology_version_id=v_mid and code='health_wellbeing_accessibility'), 'residential', 'north_east_europe', 0.16) on conflict (methodology_version_id, domain_id, impact_criterion_id, building_type, climate_zone) do nothing;
  insert into public.sri_domain_impact_weights (methodology_version_id, domain_id, impact_criterion_id, building_type, climate_zone, weight)
  values (v_mid, (select id from public.sri_technical_domains where methodology_version_id=v_mid and code='cooling'), (select id from public.sri_impact_criteria where methodology_version_id=v_mid and code='maintenance_and_fault_prediction'), 'residential', 'north_east_europe', 0.0) on conflict (methodology_version_id, domain_id, impact_criterion_id, building_type, climate_zone) do nothing;
  insert into public.sri_domain_impact_weights (methodology_version_id, domain_id, impact_criterion_id, building_type, climate_zone, weight)
  values (v_mid, (select id from public.sri_technical_domains where methodology_version_id=v_mid and code='cooling'), (select id from public.sri_impact_criteria where methodology_version_id=v_mid and code='information_to_occupants'), 'residential', 'north_east_europe', 0.1142857143) on conflict (methodology_version_id, domain_id, impact_criterion_id, building_type, climate_zone) do nothing;
  insert into public.sri_domain_impact_weights (methodology_version_id, domain_id, impact_criterion_id, building_type, climate_zone, weight)
  values (v_mid, (select id from public.sri_technical_domains where methodology_version_id=v_mid and code='ventilation'), (select id from public.sri_impact_criteria where methodology_version_id=v_mid and code='energy_efficiency'), 'residential', 'north_east_europe', 0.1903328284) on conflict (methodology_version_id, domain_id, impact_criterion_id, building_type, climate_zone) do nothing;
  insert into public.sri_domain_impact_weights (methodology_version_id, domain_id, impact_criterion_id, building_type, climate_zone, weight)
  values (v_mid, (select id from public.sri_technical_domains where methodology_version_id=v_mid and code='ventilation'), (select id from public.sri_impact_criteria where methodology_version_id=v_mid and code='energy_flexibility_and_storage'), 'residential', 'north_east_europe', 0.0) on conflict (methodology_version_id, domain_id, impact_criterion_id, building_type, climate_zone) do nothing;
  insert into public.sri_domain_impact_weights (methodology_version_id, domain_id, impact_criterion_id, building_type, climate_zone, weight)
  values (v_mid, (select id from public.sri_technical_domains where methodology_version_id=v_mid and code='ventilation'), (select id from public.sri_impact_criteria where methodology_version_id=v_mid and code='comfort'), 'residential', 'north_east_europe', 0.16) on conflict (methodology_version_id, domain_id, impact_criterion_id, building_type, climate_zone) do nothing;
  insert into public.sri_domain_impact_weights (methodology_version_id, domain_id, impact_criterion_id, building_type, climate_zone, weight)
  values (v_mid, (select id from public.sri_technical_domains where methodology_version_id=v_mid and code='ventilation'), (select id from public.sri_impact_criteria where methodology_version_id=v_mid and code='convenience'), 'residential', 'north_east_europe', 0.1) on conflict (methodology_version_id, domain_id, impact_criterion_id, building_type, climate_zone) do nothing;
  insert into public.sri_domain_impact_weights (methodology_version_id, domain_id, impact_criterion_id, building_type, climate_zone, weight)
  values (v_mid, (select id from public.sri_technical_domains where methodology_version_id=v_mid and code='ventilation'), (select id from public.sri_impact_criteria where methodology_version_id=v_mid and code='health_wellbeing_accessibility'), 'residential', 'north_east_europe', 0.16) on conflict (methodology_version_id, domain_id, impact_criterion_id, building_type, climate_zone) do nothing;
  insert into public.sri_domain_impact_weights (methodology_version_id, domain_id, impact_criterion_id, building_type, climate_zone, weight)
  values (v_mid, (select id from public.sri_technical_domains where methodology_version_id=v_mid and code='ventilation'), (select id from public.sri_impact_criteria where methodology_version_id=v_mid and code='maintenance_and_fault_prediction'), 'residential', 'north_east_europe', 0.1919198539) on conflict (methodology_version_id, domain_id, impact_criterion_id, building_type, climate_zone) do nothing;
  insert into public.sri_domain_impact_weights (methodology_version_id, domain_id, impact_criterion_id, building_type, climate_zone, weight)
  values (v_mid, (select id from public.sri_technical_domains where methodology_version_id=v_mid and code='ventilation'), (select id from public.sri_impact_criteria where methodology_version_id=v_mid and code='information_to_occupants'), 'residential', 'north_east_europe', 0.1142857143) on conflict (methodology_version_id, domain_id, impact_criterion_id, building_type, climate_zone) do nothing;
  insert into public.sri_domain_impact_weights (methodology_version_id, domain_id, impact_criterion_id, building_type, climate_zone, weight)
  values (v_mid, (select id from public.sri_technical_domains where methodology_version_id=v_mid and code='lighting'), (select id from public.sri_impact_criteria where methodology_version_id=v_mid and code='energy_efficiency'), 'residential', 'north_east_europe', 0.0062019073) on conflict (methodology_version_id, domain_id, impact_criterion_id, building_type, climate_zone) do nothing;
  insert into public.sri_domain_impact_weights (methodology_version_id, domain_id, impact_criterion_id, building_type, climate_zone, weight)
  values (v_mid, (select id from public.sri_technical_domains where methodology_version_id=v_mid and code='lighting'), (select id from public.sri_impact_criteria where methodology_version_id=v_mid and code='energy_flexibility_and_storage'), 'residential', 'north_east_europe', 0.0) on conflict (methodology_version_id, domain_id, impact_criterion_id, building_type, climate_zone) do nothing;
  insert into public.sri_domain_impact_weights (methodology_version_id, domain_id, impact_criterion_id, building_type, climate_zone, weight)
  values (v_mid, (select id from public.sri_technical_domains where methodology_version_id=v_mid and code='lighting'), (select id from public.sri_impact_criteria where methodology_version_id=v_mid and code='comfort'), 'residential', 'north_east_europe', 0.16) on conflict (methodology_version_id, domain_id, impact_criterion_id, building_type, climate_zone) do nothing;
  insert into public.sri_domain_impact_weights (methodology_version_id, domain_id, impact_criterion_id, building_type, climate_zone, weight)
  values (v_mid, (select id from public.sri_technical_domains where methodology_version_id=v_mid and code='lighting'), (select id from public.sri_impact_criteria where methodology_version_id=v_mid and code='convenience'), 'residential', 'north_east_europe', 0.1) on conflict (methodology_version_id, domain_id, impact_criterion_id, building_type, climate_zone) do nothing;
  insert into public.sri_domain_impact_weights (methodology_version_id, domain_id, impact_criterion_id, building_type, climate_zone, weight)
  values (v_mid, (select id from public.sri_technical_domains where methodology_version_id=v_mid and code='lighting'), (select id from public.sri_impact_criteria where methodology_version_id=v_mid and code='health_wellbeing_accessibility'), 'residential', 'north_east_europe', 0.16) on conflict (methodology_version_id, domain_id, impact_criterion_id, building_type, climate_zone) do nothing;
  insert into public.sri_domain_impact_weights (methodology_version_id, domain_id, impact_criterion_id, building_type, climate_zone, weight)
  values (v_mid, (select id from public.sri_technical_domains where methodology_version_id=v_mid and code='lighting'), (select id from public.sri_impact_criteria where methodology_version_id=v_mid and code='maintenance_and_fault_prediction'), 'residential', 'north_east_europe', 0.0) on conflict (methodology_version_id, domain_id, impact_criterion_id, building_type, climate_zone) do nothing;
  insert into public.sri_domain_impact_weights (methodology_version_id, domain_id, impact_criterion_id, building_type, climate_zone, weight)
  values (v_mid, (select id from public.sri_technical_domains where methodology_version_id=v_mid and code='lighting'), (select id from public.sri_impact_criteria where methodology_version_id=v_mid and code='information_to_occupants'), 'residential', 'north_east_europe', 0.0) on conflict (methodology_version_id, domain_id, impact_criterion_id, building_type, climate_zone) do nothing;
  insert into public.sri_domain_impact_weights (methodology_version_id, domain_id, impact_criterion_id, building_type, climate_zone, weight)
  values (v_mid, (select id from public.sri_technical_domains where methodology_version_id=v_mid and code='electricity'), (select id from public.sri_impact_criteria where methodology_version_id=v_mid and code='energy_efficiency'), 'residential', 'north_east_europe', 0.1103587038) on conflict (methodology_version_id, domain_id, impact_criterion_id, building_type, climate_zone) do nothing;
  insert into public.sri_domain_impact_weights (methodology_version_id, domain_id, impact_criterion_id, building_type, climate_zone, weight)
  values (v_mid, (select id from public.sri_technical_domains where methodology_version_id=v_mid and code='electricity'), (select id from public.sri_impact_criteria where methodology_version_id=v_mid and code='energy_flexibility_and_storage'), 'residential', 'north_east_europe', 0.149546924) on conflict (methodology_version_id, domain_id, impact_criterion_id, building_type, climate_zone) do nothing;
  insert into public.sri_domain_impact_weights (methodology_version_id, domain_id, impact_criterion_id, building_type, climate_zone, weight)
  values (v_mid, (select id from public.sri_technical_domains where methodology_version_id=v_mid and code='electricity'), (select id from public.sri_impact_criteria where methodology_version_id=v_mid and code='comfort'), 'residential', 'north_east_europe', 0.0) on conflict (methodology_version_id, domain_id, impact_criterion_id, building_type, climate_zone) do nothing;
  insert into public.sri_domain_impact_weights (methodology_version_id, domain_id, impact_criterion_id, building_type, climate_zone, weight)
  values (v_mid, (select id from public.sri_technical_domains where methodology_version_id=v_mid and code='electricity'), (select id from public.sri_impact_criteria where methodology_version_id=v_mid and code='convenience'), 'residential', 'north_east_europe', 0.1) on conflict (methodology_version_id, domain_id, impact_criterion_id, building_type, climate_zone) do nothing;
  insert into public.sri_domain_impact_weights (methodology_version_id, domain_id, impact_criterion_id, building_type, climate_zone, weight)
  values (v_mid, (select id from public.sri_technical_domains where methodology_version_id=v_mid and code='electricity'), (select id from public.sri_impact_criteria where methodology_version_id=v_mid and code='health_wellbeing_accessibility'), 'residential', 'north_east_europe', 0.0) on conflict (methodology_version_id, domain_id, impact_criterion_id, building_type, climate_zone) do nothing;
  insert into public.sri_domain_impact_weights (methodology_version_id, domain_id, impact_criterion_id, building_type, climate_zone, weight)
  values (v_mid, (select id from public.sri_technical_domains where methodology_version_id=v_mid and code='electricity'), (select id from public.sri_impact_criteria where methodology_version_id=v_mid and code='maintenance_and_fault_prediction'), 'residential', 'north_east_europe', 0.1112788922) on conflict (methodology_version_id, domain_id, impact_criterion_id, building_type, climate_zone) do nothing;
  insert into public.sri_domain_impact_weights (methodology_version_id, domain_id, impact_criterion_id, building_type, climate_zone, weight)
  values (v_mid, (select id from public.sri_technical_domains where methodology_version_id=v_mid and code='electricity'), (select id from public.sri_impact_criteria where methodology_version_id=v_mid and code='information_to_occupants'), 'residential', 'north_east_europe', 0.1142857143) on conflict (methodology_version_id, domain_id, impact_criterion_id, building_type, climate_zone) do nothing;
  insert into public.sri_domain_impact_weights (methodology_version_id, domain_id, impact_criterion_id, building_type, climate_zone, weight)
  values (v_mid, (select id from public.sri_technical_domains where methodology_version_id=v_mid and code='dynamic_building_envelope'), (select id from public.sri_impact_criteria where methodology_version_id=v_mid and code='energy_efficiency'), 'residential', 'north_east_europe', 0.05) on conflict (methodology_version_id, domain_id, impact_criterion_id, building_type, climate_zone) do nothing;
  insert into public.sri_domain_impact_weights (methodology_version_id, domain_id, impact_criterion_id, building_type, climate_zone, weight)
  values (v_mid, (select id from public.sri_technical_domains where methodology_version_id=v_mid and code='dynamic_building_envelope'), (select id from public.sri_impact_criteria where methodology_version_id=v_mid and code='energy_flexibility_and_storage'), 'residential', 'north_east_europe', 0.0) on conflict (methodology_version_id, domain_id, impact_criterion_id, building_type, climate_zone) do nothing;

end $$;
